https://github.com/apache/activemq,5cd12a83823e79d4500b1e4158790da01a8bd368,activemq-jaas,org.apache.activemq.jaas.LDAPLoginModuleTest.testAESEncryptedLogin,ID,,,The flakiness depends on concurrency but not just `ID`. It fails non-deterministically with same nondex seed.
https://github.com/apache/activemq,5cd12a83823e79d4500b1e4158790da01a8bd368,activemq-jaas,org.apache.activemq.jaas.LDAPLoginModuleTest.testAuthenticatedOkViaBindOnAnonConnection,ID,,,The flakiness depends on concurrency but not just `ID`. It fails non-deterministically with same nondex seed.
https://github.com/apache/activemq,5cd12a83823e79d4500b1e4158790da01a8bd368,activemq-jaas,org.apache.activemq.jaas.LDAPLoginModuleTest.testEncryptedLogin,ID,,,The flakiness depends on concurrency but not just `ID`. It fails non-deterministically with same nondex seed.
https://github.com/apache/activemq,5cd12a83823e79d4500b1e4158790da01a8bd368,activemq-jaas,org.apache.activemq.jaas.LDAPLoginModuleTest.testLogin,ID,,,The flakiness depends on concurrency but not just `ID`. It fails non-deterministically with same nondex seed.
https://github.com/apache/activemq,5cd12a83823e79d4500b1e4158790da01a8bd368,activemq-jaas,org.apache.activemq.jaas.LDAPModuleRoleExpansionTest.testRoleExpansion,ID,,,The flakiness depends on concurrency but not just `ID`. It fails non-deterministically with same nondex seed.
https://github.com/apache/avro,efe9aa7fbe457805dc894a9186e1267603d82dd2,lang/java/avro,org.apache.avro.reflect.TestNonStringMapKeys.testNonStringMapKeys,ID,,,
https://github.com/apache/cxf,649520354501295859b692ddf1b42adb919affbb,axrs/client/spec,org.apache.cxf.jaxrs.client.spec.ClientResponseFilterTest.testExceptionInClientResponseFilterWhenNotFound,ID,,,
https://github.com/apache/cxf,d849512da6499d00e3e84eb60733a0343a473b44,rt/rs/extensions/search,org.apache.cxf.jaxrs.ext.search.BeanspectorTest.testMismatchedOverriddenBeans,ID,,,
https://github.com/apache/cxf,649520354501295859b692ddf1b42adb919affbb,rt/transports/jms,org.apache.cxf.transport.jms.RequestResponseTest.testRequestTopicResponseStaticQueue,ID,,,
https://github.com/apache/druid,ad32f8458670339808a3136a9578a10a52b8394f,extensions-contrib/moving-average-query,org.apache.druid.query.movingaverage.MovingAverageIterableTest.testMissingDataAtMiddle,ID,,,https://github.com/apache/druid/issues/18651
https://github.com/apache/flink,23c9b5ac50d04d28a34a87c78eb2d3331c06b74b,flink-libraries/flink-cep,org.apache.flink.cep.operator.CEPOperatorTest.testCEPOperatorComparatorEventTime,ID,,,
https://github.com/apache/flink,23c9b5ac50d04d28a34a87c78eb2d3331c06b74b,flink-table/flink-table-planner,org.apache.flink.table.expressions.SqlExpressionTest.testValueConstructorFunctions,ID,,,
https://github.com/apache/flink,eaffd227d853e0cdef03f1af5016e00f950930a9,flink-table/flink-table-planner,org.apache.flink.table.planner.codegen.runtimefilter.RuntimeFilterCodeGeneratorTest.testNormalFilter,ID,,,
https://github.com/apache/flink,eaffd227d853e0cdef03f1af5016e00f950930a9,flink-table/flink-table-planner,org.apache.flink.table.planner.expressions.ScalarOperatorsTest.testMoreEqualAndNonEqual,ID,,,
https://github.com/apache/flink,eaffd227d853e0cdef03f1af5016e00f950930a9,flink-table/flink-table-planner,org.apache.flink.table.planner.functions.casting.CastRulesTest.castTests,ID,,,
https://github.com/apache/flink,eaffd227d853e0cdef03f1af5016e00f950930a9,flink-table/flink-table-planner,org.apache.flink.table.planner.hint.ClearLookupJoinHintsWithInvalidPropagationShuttleTest.testNoNeedToClearLookupHint,ID,,,
https://github.com/apache/flink,eaffd227d853e0cdef03f1af5016e00f950930a9,flink-table/flink-table-planner,org.apache.flink.table.planner.hint.ClearStateTtlHintsWithInvalidPropagationShuttleTest.testNoNeedToClearStateTtlHintOnJoin,ID,,,
https://github.com/apache/flink,eaffd227d853e0cdef03f1af5016e00f950930a9,flink-table/flink-table-planner,org.apache.flink.table.planner.operations.SqlDmlToOperationConverterTest.testSqlInsertWithDynamicTableOptions,ID,,,
https://github.com/apache/flink,eaffd227d853e0cdef03f1af5016e00f950930a9,flink-table/flink-table-planner,org.apache.flink.table.planner.plan.batch.sql.PartitionableSourceTest.testPartialPartitionFieldPredicatePushDown,ID,,,
https://github.com/apache/flink,eaffd227d853e0cdef03f1af5016e00f950930a9,flink-table/flink-table-planner,org.apache.flink.table.planner.plan.batch.sql.PartitionableSourceTest.testPushDownPartitionAndFiltersContainPartitionKeysWithSingleProjection,ID,,,
https://github.com/apache/flink,eaffd227d853e0cdef03f1af5016e00f950930a9,flink-table/flink-table-planner,org.apache.flink.table.planner.plan.batch.sql.PartitionableSourceTest.testSimplePartitionFieldPredicate1,ID,,,
https://github.com/apache/flink,eaffd227d853e0cdef03f1af5016e00f950930a9,flink-table/flink-table-planner,org.apache.flink.table.planner.plan.batch.sql.PartitionableSourceTest.testWithUdfAndVirtualColumn,ID,,,
https://github.com/apache/flink,eaffd227d853e0cdef03f1af5016e00f950930a9,flink-table/flink-table-planner,org.apache.flink.table.planner.plan.hint.OptionsHintTest.testAppendOptions,ID,,,
https://github.com/apache/flink,eaffd227d853e0cdef03f1af5016e00f950930a9,flink-table/flink-table-planner,org.apache.flink.table.planner.plan.hint.OptionsHintTest.testInsertWithDynamicOptions,ID,,,
https://github.com/apache/flink,eaffd227d853e0cdef03f1af5016e00f950930a9,flink-table/flink-table-planner,org.apache.flink.table.planner.plan.hint.OptionsHintTest.testJoinWithAppendedOptions,ID,,,
https://github.com/apache/flink,eaffd227d853e0cdef03f1af5016e00f950930a9,flink-table/flink-table-planner,org.apache.flink.table.planner.plan.hint.OptionsHintTest.testOptionsHintInsideView,ID,,,
https://github.com/apache/flink,eaffd227d853e0cdef03f1af5016e00f950930a9,flink-table/flink-table-planner,org.apache.flink.table.planner.plan.hint.OptionsHintTest.testOverrideOptions,ID,,,
https://github.com/apache/flink,eaffd227d853e0cdef03f1af5016e00f950930a9,flink-table/flink-table-planner,org.apache.flink.table.planner.plan.hints.stream.StateTtlHintTest.testDuplicateJoinStateTtlHint,ID,,,
https://github.com/apache/flink,eaffd227d853e0cdef03f1af5016e00f950930a9,flink-table/flink-table-planner,org.apache.flink.table.planner.plan.hints.stream.StateTtlHintTest.testJoinStateTtlHintWithAgg,ID,,,
https://github.com/apache/flink,eaffd227d853e0cdef03f1af5016e00f950930a9,flink-table/flink-table-planner,org.apache.flink.table.planner.plan.hints.stream.StateTtlHintTest.testJoinStateTtlHintWithCascadeJoin,ID,,,
https://github.com/apache/flink,eaffd227d853e0cdef03f1af5016e00f950930a9,flink-table/flink-table-planner,org.apache.flink.table.planner.plan.hints.stream.StateTtlHintTest.testJoinStateTtlHintWithView,ID,,,
https://github.com/apache/flink,eaffd227d853e0cdef03f1af5016e00f950930a9,flink-table/flink-table-planner,org.apache.flink.table.planner.plan.hints.stream.StateTtlHintTest.testSimpleJoinStateTtlHintWithEachSide,ID,,,
https://github.com/apache/flink,eaffd227d853e0cdef03f1af5016e00f950930a9,flink-table/flink-table-planner,org.apache.flink.table.planner.plan.rules.logical.PushPartitionIntoTableSourceScanRuleTest.testOnlyPartitionFieldPredicate1,ID,,,
https://github.com/apache/flink,eaffd227d853e0cdef03f1af5016e00f950930a9,flink-table/flink-table-planner,org.apache.flink.table.planner.plan.rules.logical.PushPartitionIntoTableSourceScanRuleTest.testOnlyPartitionFieldPredicate1WithVirtualColumn,ID,,,
https://github.com/apache/flink,eaffd227d853e0cdef03f1af5016e00f950930a9,flink-table/flink-table-planner,org.apache.flink.table.planner.plan.rules.logical.PushPartitionIntoTableSourceScanRuleTest.testOnlyPartitionFieldPredicate2,ID,,,
https://github.com/apache/flink,eaffd227d853e0cdef03f1af5016e00f950930a9,flink-table/flink-table-planner,org.apache.flink.table.planner.plan.rules.logical.PushPartitionIntoTableSourceScanRuleTest.testOnlyPartitionFieldPredicate2WithVirtualColumn,ID,,,
https://github.com/apache/flink,eaffd227d853e0cdef03f1af5016e00f950930a9,flink-table/flink-table-planner,org.apache.flink.table.planner.plan.rules.logical.PushPartitionIntoTableSourceScanRuleTest.testOnlyPartitionFieldPredicate3WithVirtualColumn,ID,,,
https://github.com/apache/flink,eaffd227d853e0cdef03f1af5016e00f950930a9,flink-table/flink-table-planner,org.apache.flink.table.planner.plan.rules.logical.PushPartitionIntoTableSourceScanRuleTest.testOnlyPartitionFieldPredicate4,ID,,,
https://github.com/apache/flink,eaffd227d853e0cdef03f1af5016e00f950930a9,flink-table/flink-table-planner,org.apache.flink.table.planner.plan.rules.logical.PushPartitionIntoTableSourceScanRuleTest.testOnlyPartitionFieldPredicate4WithVirtualColumn,ID,,,
https://github.com/apache/flink,eaffd227d853e0cdef03f1af5016e00f950930a9,flink-table/flink-table-planner,org.apache.flink.table.planner.plan.rules.logical.PushPartitionIntoTableSourceScanRuleTest.testPartialPartitionFieldPredicatePushDown,ID,,,
https://github.com/apache/flink,eaffd227d853e0cdef03f1af5016e00f950930a9,flink-table/flink-table-planner,org.apache.flink.table.planner.plan.rules.logical.PushPartitionIntoTableSourceScanRuleTest.testPartialPartitionFieldPredicatePushDownWithVirtualColumn,ID,,,
https://github.com/apache/flink,eaffd227d853e0cdef03f1af5016e00f950930a9,flink-table/flink-table-planner,org.apache.flink.table.planner.plan.rules.logical.PushPartitionIntoTableSourceScanRuleTest.testPartitionFieldPredicateAndOtherPredicate,ID,,,
https://github.com/apache/flink,eaffd227d853e0cdef03f1af5016e00f950930a9,flink-table/flink-table-planner,org.apache.flink.table.planner.plan.rules.logical.PushPartitionIntoTableSourceScanRuleTest.testUnconvertedExpression,ID,,,
https://github.com/apache/flink,eaffd227d853e0cdef03f1af5016e00f950930a9,flink-table/flink-table-planner,org.apache.flink.table.planner.plan.rules.logical.PushPartitionIntoTableSourceScanRuleTest.testWithUdf,ID,,,
https://github.com/apache/flink,eaffd227d853e0cdef03f1af5016e00f950930a9,flink-table/flink-table-planner,org.apache.flink.table.planner.plan.rules.logical.PushPartitionIntoTableSourceScanRuleTest.testWithUdfAndVirtualColumn,ID,,,
https://github.com/apache/flink,eaffd227d853e0cdef03f1af5016e00f950930a9,flink-table/flink-table-planner,org.apache.flink.table.planner.plan.rules.logical.PushWatermarkIntoTableSourceScanRuleTest.testWatermarkAlignmentWithHint,ID,,,
https://github.com/apache/flink,eaffd227d853e0cdef03f1af5016e00f950930a9,flink-table/flink-table-planner,org.apache.flink.table.planner.plan.stream.sql.join.LookupJoinTest.testJoinAsyncTableWithAsyncHint,ID,,,
https://github.com/apache/flink,eaffd227d853e0cdef03f1af5016e00f950930a9,flink-table/flink-table-planner,org.apache.flink.table.planner.plan.stream.sql.join.LookupJoinTest.testJoinAsyncTableWithSyncHint,ID,,,
https://github.com/apache/flink,eaffd227d853e0cdef03f1af5016e00f950930a9,flink-table/flink-table-planner,org.apache.flink.table.planner.plan.stream.sql.join.LookupJoinTest.testJoinHintWithNoPropagatingToSubQuery,ID,,,
https://github.com/apache/flink,eaffd227d853e0cdef03f1af5016e00f950930a9,flink-table/flink-table-planner,org.apache.flink.table.planner.plan.stream.sql.join.LookupJoinTest.testJoinHintWithTableAlias,ID,,,
https://github.com/apache/flink,eaffd227d853e0cdef03f1af5016e00f950930a9,flink-table/flink-table-planner,org.apache.flink.table.planner.plan.stream.sql.join.LookupJoinTest.testJoinSyncTableWithAsyncHint,ID,,,
https://github.com/apache/flink,eaffd227d853e0cdef03f1af5016e00f950930a9,flink-table/flink-table-planner,org.apache.flink.table.planner.plan.stream.sql.join.LookupJoinTest.testJoinWithAsyncAndRetryHint,ID,,,
https://github.com/apache/flink,eaffd227d853e0cdef03f1af5016e00f950930a9,flink-table/flink-table-planner,org.apache.flink.table.planner.plan.stream.sql.join.LookupJoinTest.testJoinWithAsyncHint,ID,,,
https://github.com/apache/flink,eaffd227d853e0cdef03f1af5016e00f950930a9,flink-table/flink-table-planner,org.apache.flink.table.planner.plan.stream.sql.join.LookupJoinTest.testJoinWithMixedCaseJoinHint,ID,,,
https://github.com/apache/flink,eaffd227d853e0cdef03f1af5016e00f950930a9,flink-table/flink-table-planner,org.apache.flink.table.planner.plan.stream.sql.join.LookupJoinTest.testJoinWithRetryHint,ID,,,
https://github.com/apache/flink,eaffd227d853e0cdef03f1af5016e00f950930a9,flink-table/flink-table-planner,org.apache.flink.table.planner.plan.stream.sql.join.LookupJoinTest.testMultipleJoinHintsWithDifferentTableAlias,ID,,,
https://github.com/apache/flink,eaffd227d853e0cdef03f1af5016e00f950930a9,flink-table/flink-table-planner,org.apache.flink.table.planner.plan.stream.sql.join.LookupJoinTest.testMultipleJoinHintsWithDifferentTableName,ID,,,
https://github.com/apache/flink,eaffd227d853e0cdef03f1af5016e00f950930a9,flink-table/flink-table-planner,org.apache.flink.table.planner.plan.stream.sql.join.LookupJoinTest.testMultipleJoinHintsWithSameTableAlias,ID,,,
https://github.com/apache/flink,eaffd227d853e0cdef03f1af5016e00f950930a9,flink-table/flink-table-planner,org.apache.flink.table.planner.plan.stream.sql.join.LookupJoinTest.testMultipleJoinHintsWithSameTableName,ID,,,
https://github.com/apache/flink,eaffd227d853e0cdef03f1af5016e00f950930a9,flink-table/flink-table-planner,org.apache.flink.table.planner.plan.stream.sql.PartitionableSourceTest.testPushDownPartitionAndFiltersContainPartitionKeys,ID,,,
https://github.com/apache/flink,eaffd227d853e0cdef03f1af5016e00f950930a9,flink-table/flink-table-planner,org.apache.flink.table.planner.plan.stream.sql.PartitionableSourceTest.testSimplePartitionFieldPredicate1,ID,,,
https://github.com/apache/flink,eaffd227d853e0cdef03f1af5016e00f950930a9,flink-table/flink-table-planner,org.apache.flink.table.planner.plan.stream.sql.PartitionableSourceTest.testUnconvertedExpression,ID,,,
https://github.com/apache/flink,eaffd227d853e0cdef03f1af5016e00f950930a9,flink-table/flink-table-planner,org.apache.flink.table.planner.plan.stream.sql.RankTest.testNestedTopN,ID,,,
https://github.com/apache/flink,eaffd227d853e0cdef03f1af5016e00f950930a9,flink-table/flink-table-planner,org.apache.flink.table.planner.plan.stream.sql.UnnestTest.testUnnestWithInvalidLookupJoinHint,ID,,,
https://github.com/apache/flink,eaffd227d853e0cdef03f1af5016e00f950930a9,flink-table/flink-table-planner,org.apache.flink.table.planner.utils.InternalConfigOptionsTest.testTranslateExecNodeGraphWithInternalTemporalConf,ID,,,
https://github.com/apache/flink,23c9b5ac50d04d28a34a87c78eb2d3331c06b74b,flink-table/flink-table-planner,org.apache.flink.table.runtime.harness.AggFunctionHarnessTest.testCollectAggregate,ID,,,
https://github.com/apache/flink,23c9b5ac50d04d28a34a87c78eb2d3331c06b74b,flink-table/flink-table-runtime-blink,org.apache.flink.table.runtime.operators.join.RowTimeBoundedStreamJoinTest.testRowTimeLeftOuterJoin,ID,,,https://github.com/TestingResearchIllinois/idoft/issues/20
https://github.com/apache/flink,23c9b5ac50d04d28a34a87c78eb2d3331c06b74b,flink-tests,org.apache.flink.test.misc.GenericTypeInfoTest.testSerializerTree,ID,,,
https://github.com/apache/hbase,fe9a5e2eb91093e45d8f1d61f5ee45a1eca48414,hbase-server,org.apache.hadoop.hbase.master.janitor.TestCatalogJanitor.testParentCleanedEvenIfDaughterGoneFirst,ID,,,
https://github.com/apache/hbase,801fc05e9c082ab12c7c1207087d3667ab162d1a,hbase-server,org.apache.hadoop.hbase.regionserver.TestSyncTimeRangeTracker.testConcurrentIncludeTimestampCorrectness,ID,,,
https://github.com/apache/hive,90fa9064f2c6907fbe6237cb46d5937eebd8ea31,standalone-metastore/metastore-server,org.apache.hadoop.hive.metastore.TestEmbeddedHiveMetaStore.testPartition,ID,,,
https://github.com/apache/hive,90fa9064f2c6907fbe6237cb46d5937eebd8ea31,standalone-metastore/metastore-server,org.apache.hadoop.hive.metastore.TestEmbeddedHiveMetaStore.testSimpleFunction,ID,,,
https://github.com/apache/hive,90fa9064f2c6907fbe6237cb46d5937eebd8ea31,standalone-metastore/metastore-server,org.apache.hadoop.hive.metastore.TestFilterHooks.testHMSClientWithoutFilter,ID,,,
https://github.com/apache/hive,90fa9064f2c6907fbe6237cb46d5937eebd8ea31,standalone-metastore/metastore-server,org.apache.hadoop.hive.metastore.TestFilterHooks.testHMSServerWithoutFilter,ID,,,
https://github.com/apache/hive,90fa9064f2c6907fbe6237cb46d5937eebd8ea31,standalone-metastore/metastore-server,org.apache.hadoop.hive.metastore.TestObjectStore.testTableOps,ID,,,
https://github.com/apache/hive,90fa9064f2c6907fbe6237cb46d5937eebd8ea31,standalone-metastore/metastore-server,org.apache.hadoop.hive.metastore.TestPartitionManagement.testPartitionDiscoveryDBPattern,ID,,,
https://github.com/apache/hive,90fa9064f2c6907fbe6237cb46d5937eebd8ea31,standalone-metastore/metastore-server,org.apache.hadoop.hive.metastore.TestPartitionManagement.testPartitionDiscoveryEnabledBothTableTypes,ID,,,
https://github.com/apache/hive,90fa9064f2c6907fbe6237cb46d5937eebd8ea31,standalone-metastore/metastore-server,org.apache.hadoop.hive.metastore.TestPartitionManagement.testPartitionDiscoveryNonDefaultCatalog,ID,,,
https://github.com/apache/hive,90fa9064f2c6907fbe6237cb46d5937eebd8ea31,standalone-metastore/metastore-server,org.apache.hadoop.hive.metastore.TestPartitionManagement.testPartitionDiscoverySkipInvalidPath,ID,,,
https://github.com/apache/hive,90fa9064f2c6907fbe6237cb46d5937eebd8ea31,standalone-metastore/metastore-server,org.apache.hadoop.hive.metastore.TestPartitionManagement.testPartitionDiscoveryTablePattern,ID,,,
https://github.com/apache/hive,90fa9064f2c6907fbe6237cb46d5937eebd8ea31,standalone-metastore/metastore-server,org.apache.hadoop.hive.metastore.TestPartitionManagement.testPartitionRetention,ID,,,
https://github.com/apache/incubator-seata,94dc7944f67419c652a124c2e7d18217e38ac352,server,org.apache.seata.server.lock.LockManagerTest.lockQueryTest,ID,,,
https://github.com/apache/incubator-seata,94dc7944f67419c652a124c2e7d18217e38ac352,server,org.apache.seata.server.session.FileSessionManagerTest.findGlobalSessionsTest,ID,,,
https://github.com/apache/incubator-seata,94dc7944f67419c652a124c2e7d18217e38ac352,server,org.apache.seata.server.session.FileSessionManagerTest.findGlobalSessionsWithPageResultTest,ID,,,
https://github.com/apache/jackrabbit-oak,0440e096dc7a460d206c77a5f178796db31a0ef4,oak-auth-ldap,org.apache.jackrabbit.oak.security.authentication.ldap.DefaultLdapLoginModuleTest.testConcurrentLogin,ID,,,
https://github.com/apache/jackrabbit-oak,0440e096dc7a460d206c77a5f178796db31a0ef4,oak-auth-ldap,org.apache.jackrabbit.oak.security.authentication.ldap.DefaultLdapLoginModuleTest.testConcurrentLoginSameGroup,ID,,,
https://github.com/apache/jackrabbit-oak,0440e096dc7a460d206c77a5f178796db31a0ef4,oak-auth-ldap,org.apache.jackrabbit.oak.security.authentication.ldap.DefaultLdapLoginModuleTest.testLoginSetsAuthInfo,ID,,,
https://github.com/apache/jackrabbit-oak,0440e096dc7a460d206c77a5f178796db31a0ef4,oak-auth-ldap,org.apache.jackrabbit.oak.security.authentication.ldap.DefaultLdapLoginModuleTest.testPrincipalsFromAuthInfo,ID,,,
https://github.com/apache/jackrabbit-oak,0440e096dc7a460d206c77a5f178796db31a0ef4,oak-auth-ldap,org.apache.jackrabbit.oak.security.authentication.ldap.DefaultLdapLoginModuleTest.testReLogin,ID,,,
https://github.com/apache/jackrabbit-oak,0440e096dc7a460d206c77a5f178796db31a0ef4,oak-auth-ldap,org.apache.jackrabbit.oak.security.authentication.ldap.DefaultLdapLoginModuleTest.testSyncCreateGroup,ID,,,
https://github.com/apache/jackrabbit-oak,0440e096dc7a460d206c77a5f178796db31a0ef4,oak-auth-ldap,org.apache.jackrabbit.oak.security.authentication.ldap.DefaultLdapLoginModuleTest.testSyncCreateUser,ID,,,
https://github.com/apache/jackrabbit-oak,0440e096dc7a460d206c77a5f178796db31a0ef4,oak-auth-ldap,org.apache.jackrabbit.oak.security.authentication.ldap.DefaultLdapLoginModuleTest.testSyncCreateUserCaseInsensitive,ID,,,
https://github.com/apache/jackrabbit-oak,0440e096dc7a460d206c77a5f178796db31a0ef4,oak-auth-ldap,org.apache.jackrabbit.oak.security.authentication.ldap.DefaultLdapLoginModuleTest.testSyncUpdate,ID,,,
https://github.com/apache/jackrabbit-oak,0440e096dc7a460d206c77a5f178796db31a0ef4,oak-auth-ldap,org.apache.jackrabbit.oak.security.authentication.ldap.GuestTokenDefaultLdapLoginModuleTest.testConcurrentLogin,ID,,,
https://github.com/apache/jackrabbit-oak,0440e096dc7a460d206c77a5f178796db31a0ef4,oak-auth-ldap,org.apache.jackrabbit.oak.security.authentication.ldap.GuestTokenDefaultLdapLoginModuleTest.testConcurrentLoginSameGroup,ID,,,
https://github.com/apache/jackrabbit-oak,0440e096dc7a460d206c77a5f178796db31a0ef4,oak-auth-ldap,org.apache.jackrabbit.oak.security.authentication.ldap.GuestTokenDefaultLdapLoginModuleTest.testLoginSetsAuthInfo,ID,,,
https://github.com/apache/jackrabbit-oak,0440e096dc7a460d206c77a5f178796db31a0ef4,oak-auth-ldap,org.apache.jackrabbit.oak.security.authentication.ldap.GuestTokenDefaultLdapLoginModuleTest.testPrincipalsFromAuthInfo,ID,,,
https://github.com/apache/jackrabbit-oak,0440e096dc7a460d206c77a5f178796db31a0ef4,oak-auth-ldap,org.apache.jackrabbit.oak.security.authentication.ldap.GuestTokenDefaultLdapLoginModuleTest.testReLogin,ID,,,
https://github.com/apache/jackrabbit-oak,0440e096dc7a460d206c77a5f178796db31a0ef4,oak-auth-ldap,org.apache.jackrabbit.oak.security.authentication.ldap.GuestTokenDefaultLdapLoginModuleTest.testSyncCreateGroup,ID,,,
https://github.com/apache/jackrabbit-oak,0440e096dc7a460d206c77a5f178796db31a0ef4,oak-auth-ldap,org.apache.jackrabbit.oak.security.authentication.ldap.GuestTokenDefaultLdapLoginModuleTest.testSyncCreateUser,ID,,,
https://github.com/apache/jackrabbit-oak,0440e096dc7a460d206c77a5f178796db31a0ef4,oak-auth-ldap,org.apache.jackrabbit.oak.security.authentication.ldap.GuestTokenDefaultLdapLoginModuleTest.testSyncCreateUserCaseInsensitive,ID,,,
https://github.com/apache/jackrabbit-oak,0440e096dc7a460d206c77a5f178796db31a0ef4,oak-auth-ldap,org.apache.jackrabbit.oak.security.authentication.ldap.GuestTokenDefaultLdapLoginModuleTest.testSyncUpdate,ID,,,
https://github.com/apache/jackrabbit-oak,0440e096dc7a460d206c77a5f178796db31a0ef4,oak-auth-ldap,org.apache.jackrabbit.oak.security.authentication.ldap.impl.LdapIdentityProviderTest.testAuthenticate,ID,,,
https://github.com/apache/jackrabbit-oak,0440e096dc7a460d206c77a5f178796db31a0ef4,oak-auth-ldap,org.apache.jackrabbit.oak.security.authentication.ldap.impl.LdapIdentityProviderTest.testAuthenticateCaseInsensitive,ID,,,
https://github.com/apache/jackrabbit-oak,0440e096dc7a460d206c77a5f178796db31a0ef4,oak-auth-ldap,org.apache.jackrabbit.oak.security.authentication.ldap.impl.LdapIdentityProviderTest.testAuthenticateFail,ID,,,
https://github.com/apache/jackrabbit-oak,0440e096dc7a460d206c77a5f178796db31a0ef4,oak-auth-ldap,org.apache.jackrabbit.oak.security.authentication.ldap.impl.LdapIdentityProviderTest.testGetDeclaredGroupMissingIdAttribute,ID,,,
https://github.com/apache/jackrabbit-oak,0440e096dc7a460d206c77a5f178796db31a0ef4,oak-auth-ldap,org.apache.jackrabbit.oak.security.authentication.ldap.impl.LdapIdentityProviderTest.testGetDeclaredGroupsByRef,ID,,,
https://github.com/apache/jackrabbit-oak,0440e096dc7a460d206c77a5f178796db31a0ef4,oak-auth-ldap,org.apache.jackrabbit.oak.security.authentication.ldap.impl.LdapIdentityProviderTest.testGetDeclaredGroupsByRef2,ID,,,
https://github.com/apache/jackrabbit-oak,0440e096dc7a460d206c77a5f178796db31a0ef4,oak-auth-ldap,org.apache.jackrabbit.oak.security.authentication.ldap.impl.LdapIdentityProviderTest.testGetDeclaredMembers,ID,,,
https://github.com/apache/jackrabbit-oak,0440e096dc7a460d206c77a5f178796db31a0ef4,oak-auth-ldap,org.apache.jackrabbit.oak.security.authentication.ldap.impl.LdapIdentityProviderTest.testGetDeclaredMembersByRef,ID,,,
https://github.com/apache/jackrabbit-oak,0440e096dc7a460d206c77a5f178796db31a0ef4,oak-auth-ldap,org.apache.jackrabbit.oak.security.authentication.ldap.impl.LdapIdentityProviderTest.testGetDeclaredMembersInvalidMemberAttribute,ID,,,
https://github.com/apache/jackrabbit-oak,0440e096dc7a460d206c77a5f178796db31a0ef4,oak-auth-ldap,org.apache.jackrabbit.oak.security.authentication.ldap.impl.LdapIdentityProviderTest.testGetUserByRef,ID,,,
https://github.com/apache/jackrabbit-oak,0440e096dc7a460d206c77a5f178796db31a0ef4,oak-auth-ldap,org.apache.jackrabbit.oak.security.authentication.ldap.impl.LdapIdentityProviderTest.testGetUserByUserId,ID,,,
https://github.com/apache/jackrabbit-oak,0440e096dc7a460d206c77a5f178796db31a0ef4,oak-auth-ldap,org.apache.jackrabbit.oak.security.authentication.ldap.impl.LdapIdentityProviderTest.testGetUserProperties,ID,,,
https://github.com/apache/jackrabbit-oak,0440e096dc7a460d206c77a5f178796db31a0ef4,oak-auth-ldap,org.apache.jackrabbit.oak.security.authentication.ldap.impl.LdapIdentityProviderTest.testListGroups,ID,,,
https://github.com/apache/jackrabbit-oak,0440e096dc7a460d206c77a5f178796db31a0ef4,oak-auth-ldap,org.apache.jackrabbit.oak.security.authentication.ldap.impl.LdapIdentityProviderTest.testListGroupsWithEmptyExtraFilter,ID,,,
https://github.com/apache/jackrabbit-oak,0440e096dc7a460d206c77a5f178796db31a0ef4,oak-auth-ldap,org.apache.jackrabbit.oak.security.authentication.ldap.impl.LdapIdentityProviderTest.testListUsers,ID,,,
https://github.com/apache/jackrabbit-oak,0440e096dc7a460d206c77a5f178796db31a0ef4,oak-auth-ldap,org.apache.jackrabbit.oak.security.authentication.ldap.impl.LdapIdentityProviderTest.testListUsersWithExtraFilter,ID,,,
https://github.com/apache/jackrabbit-oak,0440e096dc7a460d206c77a5f178796db31a0ef4,oak-auth-ldap,org.apache.jackrabbit.oak.security.authentication.ldap.impl.LdapIdentityProviderTest.testListUsersWithMissingUid,ID,,,
https://github.com/apache/jackrabbit-oak,0440e096dc7a460d206c77a5f178796db31a0ef4,oak-auth-ldap,org.apache.jackrabbit.oak.security.authentication.ldap.impl.LdapIdentityProviderTest.testNullIntermediatePath,ID,,,
https://github.com/apache/jackrabbit-oak,0440e096dc7a460d206c77a5f178796db31a0ef4,oak-auth-ldap,org.apache.jackrabbit.oak.security.authentication.ldap.impl.LdapIdentityProviderTest.testResolvePrincipalNameUser,ID,,,
https://github.com/apache/jackrabbit-oak,0440e096dc7a460d206c77a5f178796db31a0ef4,oak-auth-ldap,org.apache.jackrabbit.oak.security.authentication.ldap.impl.LdapIdentityProviderTest.testSplitDNIntermediatePath,ID,,,
https://github.com/apache/jackrabbit-oak,0440e096dc7a460d206c77a5f178796db31a0ef4,oak-auth-ldap,org.apache.jackrabbit.oak.security.authentication.ldap.impl.LdapIdentityProviderTest.testSplitDNIntermediatePath2,ID,,,
https://github.com/apache/jackrabbit-oak,0440e096dc7a460d206c77a5f178796db31a0ef4,oak-auth-ldap,org.apache.jackrabbit.oak.security.authentication.ldap.impl.UseUidForExtIdTest.testAuthenticate,ID,,,
https://github.com/apache/jackrabbit-oak,0440e096dc7a460d206c77a5f178796db31a0ef4,oak-auth-ldap,org.apache.jackrabbit.oak.security.authentication.ldap.impl.UseUidForExtIdTest.testAuthenticateCaseInsensitive,ID,,,
https://github.com/apache/jackrabbit-oak,0440e096dc7a460d206c77a5f178796db31a0ef4,oak-auth-ldap,org.apache.jackrabbit.oak.security.authentication.ldap.impl.UseUidForExtIdTest.testGetGroupByRef,ID,,,
https://github.com/apache/jackrabbit-oak,0440e096dc7a460d206c77a5f178796db31a0ef4,oak-auth-ldap,org.apache.jackrabbit.oak.security.authentication.ldap.impl.UseUidForExtIdTest.testGetGroups,ID,,,
https://github.com/apache/jackrabbit-oak,0440e096dc7a460d206c77a5f178796db31a0ef4,oak-auth-ldap,org.apache.jackrabbit.oak.security.authentication.ldap.impl.UseUidForExtIdTest.testGetGroups2,ID,,,
https://github.com/apache/jackrabbit-oak,0440e096dc7a460d206c77a5f178796db31a0ef4,oak-auth-ldap,org.apache.jackrabbit.oak.security.authentication.ldap.impl.UseUidForExtIdTest.testGetMembers,ID,,,
https://github.com/apache/jackrabbit-oak,0440e096dc7a460d206c77a5f178796db31a0ef4,oak-auth-ldap,org.apache.jackrabbit.oak.security.authentication.ldap.impl.UseUidForExtIdTest.testGetUserByRef,ID,,,
https://github.com/apache/jackrabbit-oak,0440e096dc7a460d206c77a5f178796db31a0ef4,oak-auth-ldap,org.apache.jackrabbit.oak.security.authentication.ldap.LargeLdapProviderTest.testGetMembers,ID,,,
https://github.com/apache/jackrabbit-oak,0440e096dc7a460d206c77a5f178796db31a0ef4,oak-auth-ldap,org.apache.jackrabbit.oak.security.authentication.ldap.LdapDefaultLoginModuleTest.testConcurrentLogin,ID,,,
https://github.com/apache/jackrabbit-oak,0440e096dc7a460d206c77a5f178796db31a0ef4,oak-auth-ldap,org.apache.jackrabbit.oak.security.authentication.ldap.LdapDefaultLoginModuleTest.testConcurrentLoginSameGroup,ID,,,
https://github.com/apache/jackrabbit-oak,0440e096dc7a460d206c77a5f178796db31a0ef4,oak-auth-ldap,org.apache.jackrabbit.oak.security.authentication.ldap.LdapDefaultLoginModuleTest.testLoginSetsAuthInfo,ID,,,
https://github.com/apache/jackrabbit-oak,0440e096dc7a460d206c77a5f178796db31a0ef4,oak-auth-ldap,org.apache.jackrabbit.oak.security.authentication.ldap.LdapDefaultLoginModuleTest.testPrincipalsFromAuthInfo,ID,,,
https://github.com/apache/jackrabbit-oak,0440e096dc7a460d206c77a5f178796db31a0ef4,oak-auth-ldap,org.apache.jackrabbit.oak.security.authentication.ldap.LdapDefaultLoginModuleTest.testReLogin,ID,,,
https://github.com/apache/jackrabbit-oak,0440e096dc7a460d206c77a5f178796db31a0ef4,oak-auth-ldap,org.apache.jackrabbit.oak.security.authentication.ldap.LdapDefaultLoginModuleTest.testSyncCreateGroup,ID,,,
https://github.com/apache/jackrabbit-oak,0440e096dc7a460d206c77a5f178796db31a0ef4,oak-auth-ldap,org.apache.jackrabbit.oak.security.authentication.ldap.LdapDefaultLoginModuleTest.testSyncCreateUser,ID,,,
https://github.com/apache/jackrabbit-oak,0440e096dc7a460d206c77a5f178796db31a0ef4,oak-auth-ldap,org.apache.jackrabbit.oak.security.authentication.ldap.LdapDefaultLoginModuleTest.testSyncCreateUserCaseInsensitive,ID,,,
https://github.com/apache/jackrabbit-oak,0440e096dc7a460d206c77a5f178796db31a0ef4,oak-auth-ldap,org.apache.jackrabbit.oak.security.authentication.ldap.LdapDefaultLoginModuleTest.testSyncUpdate,ID,,,
https://github.com/apache/jackrabbit-oak,0440e096dc7a460d206c77a5f178796db31a0ef4,oak-auth-ldap,org.apache.jackrabbit.oak.security.authentication.ldap.LdapLoginStandaloneTest.testConcurrentLogin,ID,,,
https://github.com/apache/jackrabbit-oak,0440e096dc7a460d206c77a5f178796db31a0ef4,oak-auth-ldap,org.apache.jackrabbit.oak.security.authentication.ldap.LdapLoginStandaloneTest.testConcurrentLoginSameGroup,ID,,,
https://github.com/apache/jackrabbit-oak,0440e096dc7a460d206c77a5f178796db31a0ef4,oak-auth-ldap,org.apache.jackrabbit.oak.security.authentication.ldap.LdapLoginStandaloneTest.testLoginSetsAuthInfo,ID,,,
https://github.com/apache/jackrabbit-oak,0440e096dc7a460d206c77a5f178796db31a0ef4,oak-auth-ldap,org.apache.jackrabbit.oak.security.authentication.ldap.LdapLoginStandaloneTest.testPrincipalsFromAuthInfo,ID,,,
https://github.com/apache/jackrabbit-oak,0440e096dc7a460d206c77a5f178796db31a0ef4,oak-auth-ldap,org.apache.jackrabbit.oak.security.authentication.ldap.LdapLoginStandaloneTest.testReLogin,ID,,,
https://github.com/apache/jackrabbit-oak,0440e096dc7a460d206c77a5f178796db31a0ef4,oak-auth-ldap,org.apache.jackrabbit.oak.security.authentication.ldap.LdapLoginStandaloneTest.testSyncCreateGroup,ID,,,
https://github.com/apache/jackrabbit-oak,0440e096dc7a460d206c77a5f178796db31a0ef4,oak-auth-ldap,org.apache.jackrabbit.oak.security.authentication.ldap.LdapLoginStandaloneTest.testSyncCreateUser,ID,,,
https://github.com/apache/jackrabbit-oak,0440e096dc7a460d206c77a5f178796db31a0ef4,oak-auth-ldap,org.apache.jackrabbit.oak.security.authentication.ldap.LdapLoginStandaloneTest.testSyncCreateUserCaseInsensitive,ID,,,
https://github.com/apache/jackrabbit-oak,0440e096dc7a460d206c77a5f178796db31a0ef4,oak-auth-ldap,org.apache.jackrabbit.oak.security.authentication.ldap.LdapLoginStandaloneTest.testSyncUpdate,ID,,,
https://github.com/apache/jackrabbit-oak,0440e096dc7a460d206c77a5f178796db31a0ef4,oak-auth-ldap,org.apache.jackrabbit.oak.security.authentication.ldap.TokenDefaultLdapLoginModuleTest.testConcurrentLogin,ID,,,
https://github.com/apache/jackrabbit-oak,0440e096dc7a460d206c77a5f178796db31a0ef4,oak-auth-ldap,org.apache.jackrabbit.oak.security.authentication.ldap.TokenDefaultLdapLoginModuleTest.testConcurrentLoginSameGroup,ID,,,
https://github.com/apache/jackrabbit-oak,0440e096dc7a460d206c77a5f178796db31a0ef4,oak-auth-ldap,org.apache.jackrabbit.oak.security.authentication.ldap.TokenDefaultLdapLoginModuleTest.testLoginSetsAuthInfo,ID,,,
https://github.com/apache/jackrabbit-oak,0440e096dc7a460d206c77a5f178796db31a0ef4,oak-auth-ldap,org.apache.jackrabbit.oak.security.authentication.ldap.TokenDefaultLdapLoginModuleTest.testPrincipalsFromAuthInfo,ID,,,
https://github.com/apache/jackrabbit-oak,0440e096dc7a460d206c77a5f178796db31a0ef4,oak-auth-ldap,org.apache.jackrabbit.oak.security.authentication.ldap.TokenDefaultLdapLoginModuleTest.testReLogin,ID,,,
https://github.com/apache/jackrabbit-oak,0440e096dc7a460d206c77a5f178796db31a0ef4,oak-auth-ldap,org.apache.jackrabbit.oak.security.authentication.ldap.TokenDefaultLdapLoginModuleTest.testSyncCreateGroup,ID,,,
https://github.com/apache/jackrabbit-oak,0440e096dc7a460d206c77a5f178796db31a0ef4,oak-auth-ldap,org.apache.jackrabbit.oak.security.authentication.ldap.TokenDefaultLdapLoginModuleTest.testSyncCreateUser,ID,,,
https://github.com/apache/jackrabbit-oak,0440e096dc7a460d206c77a5f178796db31a0ef4,oak-auth-ldap,org.apache.jackrabbit.oak.security.authentication.ldap.TokenDefaultLdapLoginModuleTest.testSyncCreateUserCaseInsensitive,ID,,,
https://github.com/apache/jackrabbit-oak,0440e096dc7a460d206c77a5f178796db31a0ef4,oak-auth-ldap,org.apache.jackrabbit.oak.security.authentication.ldap.TokenDefaultLdapLoginModuleTest.testSyncUpdate,ID,,,
https://github.com/apache/nifi,2bd752d868a8f3e36113b078bb576cf054e945e8,nifi-nar-bundles/nifi-framework-bundle/nifi-framework/nifi-framework-cluster,org.apache.nifi.cluster.coordination.http.StandardHttpResponseMapperSpec.,ID,,,
https://github.com/apache/nifi,2bd752d868a8f3e36113b078bb576cf054e945e8,nifi-nar-bundles/nifi-standard-bundle/nifi-standard-processors,org.apache.nifi.processors.standard.TestListenHTTP.testMultipartFormDataRequest,ID,,,
https://github.com/apache/openwebbeans,01245cf8ef0baaa9cd31342b0cdb075d314b6ef9,webbeans-tck,org.jboss.cdi.tck.tests.full.extensions.configurators.observerMethod.ObserverMethodConfiguratorTest.notifyAcceptingConsumerNotified,ID,,,
https://github.com/apache/pinot,ecf41be2ecd007853c2db19e1c6a038cf356cb9e,pinot-core,org.apache.pinot.queries.NullEnabledQueriesTest.testQueriesWithNoDictDoubleColumn,ID,,,
https://github.com/apache/pinot,f79b618141e07c140663791959d96956ad91d811,pinot-query-planner,org.apache.pinot.query.queries.ResourceBasedQueryPlansTest.testQueryExplainPlansAndQueryPlanConversion,ID,,,fails 21/375 cases
https://github.com/apache/pulsar,fdeb191a946a76ca5edde81464f453fcd03fc6d3,pulsar-broker,org.apache.pulsar.client.api.TenantTest.testMaxTenant,ID,,,
https://github.com/apache/servicecomb-java-chassis,9ba66ebc452db6aa5207e5cc7ebd03d48d358e9f,common/common-protobuf,org.apache.servicecomb.codec.protobuf.internal.converter.TestSwaggerToProtoGenerator.convert,ID,,,
https://github.com/apache/servicecomb-java-chassis,9ba66ebc452db6aa5207e5cc7ebd03d48d358e9f,common/common-protobuf,org.apache.servicecomb.codec.protobuf.schema.TestSchemaToProtoGenerator.testNestedModelCorrect,ID,,,
https://github.com/apache/servicecomb-java-chassis,9ba66ebc452db6aa5207e5cc7ebd03d48d358e9f,foundations/foundation-protobuf,org.apache.servicecomb.foundation.protobuf.internal.TestModelWrap.pojoModel,ID,,,
https://github.com/apache/servicecomb-java-chassis,58bef312b02e24e52eb1aa63ba3b01d70ea50142,swagger/swagger-generator,org.apache.servicecomb.swagger.generator.core.TestSwaggerUtils.testSchemaMethod,ID,,,
https://github.com/apache/servicecomb-java-chassis,9ba66ebc452db6aa5207e5cc7ebd03d48d358e9f,swagger/swagger-generator/generator-jaxrs,org.apache.servicecomb.swagger.generator.jaxrs.TestClassAnnotation.test_generate_swagger_correct,ID,,,
https://github.com/apache/servicecomb-java-chassis,9ba66ebc452db6aa5207e5cc7ebd03d48d358e9f,swagger/swagger-generator/generator-jaxrs,org.apache.servicecomb.swagger.generator.jaxrs.TestJaxrs.testEcho,ID,,,
https://github.com/apache/servicecomb-java-chassis,9ba66ebc452db6aa5207e5cc7ebd03d48d358e9f,swagger/swagger-generator/generator-jaxrs,org.apache.servicecomb.swagger.generator.jaxrs.TestJaxrs.testFullSwaggerService,ID,,,
https://github.com/apache/servicecomb-java-chassis,9ba66ebc452db6aa5207e5cc7ebd03d48d358e9f,swagger/swagger-generator/generator-spring-data,org.apache.servicecomb.swagger.generator.springdata.TestPageResponseTypeProcessor.swagger,ID,,,
https://github.com/apache/servicecomb-java-chassis,9ba66ebc452db6aa5207e5cc7ebd03d48d358e9f,swagger/swagger-generator/generator-springmvc,org.apache.servicecomb.swagger.generator.springmvc.processor.annotation.RequestPartAnnotationProcessorTest.testDemoRest,ID,,,
https://github.com/apache/servicecomb-java-chassis,9ba66ebc452db6aa5207e5cc7ebd03d48d358e9f,swagger/swagger-generator/generator-springmvc,org.apache.servicecomb.swagger.generator.springmvc.TestSpringmvc.swaggerTestTarget,ID,,,
https://github.com/apache/servicecomb-java-chassis,9ba66ebc452db6aa5207e5cc7ebd03d48d358e9f,swagger/swagger-generator/generator-springmvc,org.apache.servicecomb.swagger.generator.springmvc.TestSpringmvc.swaggerTestTarget_ValueOverWritePath,ID,,,
https://github.com/apache/servicecomb-java-chassis,9ba66ebc452db6aa5207e5cc7ebd03d48d358e9f,swagger/swagger-generator/generator-springmvc,org.apache.servicecomb.swagger.generator.springmvc.TestSpringmvc.testClassMethodNoHttpMetod,ID,,,
https://github.com/apache/servicecomb-java-chassis,9ba66ebc452db6aa5207e5cc7ebd03d48d358e9f,swagger/swagger-generator/generator-springmvc,org.apache.servicecomb.swagger.generator.springmvc.TestSpringmvc.testDefaultParameter,ID,,,
https://github.com/apache/servicecomb-java-chassis,9ba66ebc452db6aa5207e5cc7ebd03d48d358e9f,swagger/swagger-generator/generator-springmvc,org.apache.servicecomb.swagger.generator.springmvc.TestSpringmvc.testDefaultParameterSchema,ID,,,
https://github.com/apache/servicecomb-java-chassis,9ba66ebc452db6aa5207e5cc7ebd03d48d358e9f,swagger/swagger-generator/generator-springmvc,org.apache.servicecomb.swagger.generator.springmvc.TestSpringmvc.testEcho,ID,,,
https://github.com/apache/servicecomb-java-chassis,9ba66ebc452db6aa5207e5cc7ebd03d48d358e9f,swagger/swagger-generator/generator-springmvc,org.apache.servicecomb.swagger.generator.springmvc.TestSpringmvc.testMixupAnnotations,ID,,,
https://github.com/apache/servicecomb-java-chassis,9ba66ebc452db6aa5207e5cc7ebd03d48d358e9f,swagger/swagger-generator/generator-springmvc,org.apache.servicecomb.swagger.generator.springmvc.TestSpringmvc.testResponseEntity,ID,,,
https://github.com/apache/servicecomb-java-chassis,9ba66ebc452db6aa5207e5cc7ebd03d48d358e9f,swagger/swagger-generator/generator-springmvc,org.apache.servicecomb.swagger.generator.springmvc.TestTwoSameNameModels.testTwoSameModelWork,ID,,,
https://github.com/apache/tinkerpop,8bfdf50778e29d98c6554a01688fc5cc34524522,gremlin-core,org.apache.tinkerpop.gremlin.language.grammar.TraversalStrategyVisitorTest.shouldParseTraversalStrategy[new ReservedKeysVerificationStrategy()],ID,,,
https://github.com/apache/tinkerpop,8bfdf50778e29d98c6554a01688fc5cc34524522,gremlin-core,org.apache.tinkerpop.gremlin.process.traversal.translator.ParameterizedGroovyTranslatorTest.shouldHandleStrategies,ID,,,
https://github.com/apache/tinkerpop,8bfdf50778e29d98c6554a01688fc5cc34524522,gremlin-server,org.apache.tinkerpop.gremlin.server.auth.SimpleAuthenticatorTest.shouldUseTinkerGraphForCredentialsStoreAndSucceed,ID,,,
https://github.com/apache/tinkerpop,8bfdf50778e29d98c6554a01688fc5cc34524522,spark-gremlin,org.apache.tinkerpop.gremlin.spark.process.computer.SparkMessengerTest.testSparkMessenger,ID,,,
https://github.com/apache/tinkerpop,8bfdf50778e29d98c6554a01688fc5cc34524522,tinkergraph-gremlin,org.apache.tinkerpop.gremlin.tinkergraph.structure.TinkerGraphGraphSONSerializerV2Test.deserializersTestsMetrics,ID,,,
https://github.com/apache/tinkerpop,8bfdf50778e29d98c6554a01688fc5cc34524522,tinkergraph-gremlin,org.apache.tinkerpop.gremlin.tinkergraph.structure.TinkerGraphGraphSONSerializerV2Test.deserializersTestsTinkerGraph,ID,,,
https://github.com/apache/tinkerpop,8bfdf50778e29d98c6554a01688fc5cc34524522,tinkergraph-gremlin,org.apache.tinkerpop.gremlin.tinkergraph.structure.TinkerGraphGraphSONSerializerV2Test.deserializersTestsTraversalMetrics,ID,,,
https://github.com/apache/tinkerpop,8bfdf50778e29d98c6554a01688fc5cc34524522,tinkergraph-gremlin,org.apache.tinkerpop.gremlin.tinkergraph.structure.TinkerGraphGraphSONSerializerV2Test.shouldDeserializeGraphSONIntoTinkerGraphKeepingTypes,ID,,,
https://github.com/apache/tinkerpop,8bfdf50778e29d98c6554a01688fc5cc34524522,tinkergraph-gremlin,org.apache.tinkerpop.gremlin.tinkergraph.structure.TinkerGraphServiceTest.g_call_search,ID,,,
https://github.com/apache/tinkerpop,8bfdf50778e29d98c6554a01688fc5cc34524522,tinkergraph-gremlin,org.apache.tinkerpop.gremlin.tinkergraph.structure.TinkerGraphServiceTest.g_V_call_degree_centrality,ID,,,
https://github.com/apache/tinkerpop,8bfdf50778e29d98c6554a01688fc5cc34524522,tinkergraph-gremlin,org.apache.tinkerpop.gremlin.tinkergraph.structure.TinkerGraphServiceTest.g_V_call_lambda_with_requirements,ID,,,
https://github.com/apache/tinkerpop,8bfdf50778e29d98c6554a01688fc5cc34524522,tinkergraph-gremlin,org.apache.tinkerpop.gremlin.tinkergraph.structure.TinkerGraphTest.shouldCheckWithinListsOfIdsForMidTraversalHasId,ID,,,
https://github.com/apache/tinkerpop,8bfdf50778e29d98c6554a01688fc5cc34524522,tinkergraph-gremlin,org.apache.tinkerpop.gremlin.tinkergraph.structure.TinkerGraphTest.shouldUpdateEdgeIndicesInExistingGraph,ID,,,flakiness seen with -DnondexRuns=10
https://github.com/apache/tinkerpop,8bfdf50778e29d98c6554a01688fc5cc34524522,tinkergraph-gremlin,org.apache.tinkerpop.gremlin.tinkergraph.structure.TinkerGraphTest.shouldUpdateVertexIndicesInExistingGraph,ID,,,
https://github.com/apache/tinkerpop,7bdfccd2832615c75ad4152d4ddb8a8430805f26,gremlin-util,org.apache.tinkerpop.gremlin.util.ser.binary.GraphBinaryReaderWriterRoundTripTest.shouldWriteAndRead[TypeTraversalMetrics],ID,,,
https://github.com/apache/tinkerpop,8bfdf50778e29d98c6554a01688fc5cc34524522,gremlin-util,org.apache.tinkerpop.gremlin.util.ser.binary.GraphBinaryReaderWriterRoundTripTest.shouldWriteAndRead[TypeTraversalMetrics],ID,,,
https://github.com/apache/tinkerpop,8bfdf50778e29d98c6554a01688fc5cc34524522,gremlin-util,org.apache.tinkerpop.gremlin.util.ser.GraphSONMessageSerializerV3RoundTripTest.shouldWriteAndRead[TypeTraversalMetrics],ID,,,
https://github.com/checkstyle/checkstyle,c3a4af8c608684cea98c727051b188de1813fc83,.,com.puppycrawl.tools.checkstyle.JavadocPropertiesGeneratorTest.testNonExistentArgument,ID,,,
https://github.com/DataDog/jmxfetch,15e72e2342dc29d71243308cdad8c525b4d34317,.,org.datadog.jmxfetch.TestApp.testApp,ID,,,
https://github.com/eclipse-vertx/vert.x,27cb9611cd2e7eb34bed6486ca0131d661acb594,vertx-core-logging,io.vertx.it.JULLogDelegateTest.testDelegateUnwrap,ID,,,
https://github.com/eclipse-vertx/vert.x,27cb9611cd2e7eb34bed6486ca0131d661acb594,vertx-core-logging,io.vertx.it.JULLogDelegateTest.testError,ID,,,
https://github.com/eclipse-vertx/vert.x,27cb9611cd2e7eb34bed6486ca0131d661acb594,vertx-core-logging,io.vertx.it.JULLogDelegateTest.testInfo,ID,,,
https://github.com/eclipse-vertx/vert.x,27cb9611cd2e7eb34bed6486ca0131d661acb594,vertx-core-logging,io.vertx.it.JULLogDelegateTest.testWarning,ID,,,
https://github.com/eclipse-vertx/vert.x,27cb9611cd2e7eb34bed6486ca0131d661acb594,vertx-core-logging,io.vertx.it.Log4J2LogDelegateTest.testMethodName,ID,,,
https://github.com/eclipse-vertx/vert.x,27cb9611cd2e7eb34bed6486ca0131d661acb594,vertx-core-logging,io.vertx.it.LoggingSelectionTest.test,ID,,,
https://github.com/eclipse-vertx/vert.x,27cb9611cd2e7eb34bed6486ca0131d661acb594,vertx-core-logging,io.vertx.it.SLF4JLogDelegateTest.testError,ID,,,
https://github.com/eclipse-vertx/vert.x,27cb9611cd2e7eb34bed6486ca0131d661acb594,vertx-core-logging,io.vertx.it.SLF4JLogDelegateTest.testErrorLocationAware,ID,,,
https://github.com/eclipse-vertx/vert.x,27cb9611cd2e7eb34bed6486ca0131d661acb594,vertx-core-logging,io.vertx.it.SLF4JLogDelegateTest.testInfo,ID,,,
https://github.com/eclipse-vertx/vert.x,27cb9611cd2e7eb34bed6486ca0131d661acb594,vertx-core-logging,io.vertx.it.SLF4JLogDelegateTest.testInfoLocationAware,ID,,,
https://github.com/eclipse-vertx/vert.x,27cb9611cd2e7eb34bed6486ca0131d661acb594,vertx-core-logging,io.vertx.it.SLF4JLogDelegateTest.testWarning,ID,,,
https://github.com/eclipse-vertx/vert.x,27cb9611cd2e7eb34bed6486ca0131d661acb594,vertx-core-logging,io.vertx.it.SLF4JLogDelegateTest.testWarningLocationAware,ID,,,
https://github.com/Ericsson/ecchronos,3e0a36ea4ead09c5a9633e29f4c02f6b58ebc25d,core,com.ericsson.bss.cassandra.ecchronos.core.TestLockCache.testEqualsContract,ID,,,Fixed in another repo as https://github.com/jqno/equalsverifier/pull/1161
https://github.com/espertechinc/esper,590fa9c9eb854f1420b9d337b802aca19f963cc0,regression-run,com.espertech.esper.regressionrun.suite.epl.TestSuiteEPLSubselect.testEPLSubselectNamedWindowPerformance,ID,,,
https://github.com/google/guava,688b9c2cfae305f38c601efd4a7a9e9549db9b1f,guava-tests,com.google.common.collect.MultimapsTest.testUnmodifiableHashMultimap,ID,,,
https://github.com/google/guava,a197d99b96d69ea75a2c4a15ecd8a730dd3270d6,guava-test,com.google.common.collect.testing.google.MultisetEntrySetTester.testToString[ArrayListMultimap [collection size: several] reserialized [collection size: several].keys [collection size: several]],ID,,,
https://github.com/google/guava,a197d99b96d69ea75a2c4a15ecd8a730dd3270d6,guava-testlib,com.google.common.collect.testing.testers.MapToStringTester.testToStringWithNullKey[HashMap [collection size: several] reserialized [collection size: several]],ID,,,
https://github.com/google/guava,a197d99b96d69ea75a2c4a15ecd8a730dd3270d6,guava-testlib,com.google.common.collect.testing.testers.MapToStringTester.testToString_formatting[ConcurrentHashMap [collection size: several]],ID,,,
https://github.com/google/guava,a197d99b96d69ea75a2c4a15ecd8a730dd3270d6,guava-test,com.google.common.collect.testing.testers.MapToStringTester.testToString_formatting[Synchronized.setMultimap [collection size: several] reserialized [collection size: several].asMap [collection size: several]],ID,,,
https://github.com/google/guava,a197d99b96d69ea75a2c4a15ecd8a730dd3270d6,guava-test,com.google.common.reflect.InvokableTest.testInstanceMethod_exceptionTypes,ID,,,
https://github.com/google/guice,e0f12160dd854bf0106ed94d2a36125bad1b577c,throwingproviders,com.google.inject.throwingproviders.CheckedProviderTest.testBindingToInterfaceWithExtraMethod_Bind,ID,,,
https://github.com/google/guice,e0f12160dd854bf0106ed94d2a36125bad1b577c,throwingproviders,com.google.inject.throwingproviders.CheckedProviderTest.testBindingToInterfaceWithExtraMethod_Provides,ID,,,
https://github.com/GoogleCloudPlatform/DataflowTemplates,5094c7b39de511c9ed441d9fde28553a88f68e4b,.,com.google.cloud.teleport.splunk.SplunkEventWriterTest.failedSplunkWriteSingleBatchTest,ID,,,
https://github.com/GoogleCloudPlatform/DataflowTemplates,5094c7b39de511c9ed441d9fde28553a88f68e4b,.,com.google.cloud.teleport.templates.common.BigQueryConvertersTest.testFailsafeJsonToTableRowInvalidJSON,ID,,,
https://github.com/GoogleCloudPlatform/DataflowTemplates,cc17ed154d8c3c385ab3f5a3653a6e4c02539bfa,v1,com.google.cloud.teleport.templates.common.BigQueryConvertersTest.testFailsafeJsonToTableRowValidInput,ID,,,
https://github.com/GoogleCloudPlatform/DataflowTemplates,5094c7b39de511c9ed441d9fde28553a88f68e4b,.,com.google.cloud.teleport.templates.common.ErrorConvertersTest.testFailedPubsubMessageToTableRowFn,ID,,,
https://github.com/GoogleCloudPlatform/DataflowTemplates,5094c7b39de511c9ed441d9fde28553a88f68e4b,.,com.google.cloud.teleport.templates.common.ErrorConvertersTest.testFailedStringToPubsubMessageFn,ID,,,
https://github.com/jenkinsci/jenkins,d2fa87606246e1f1dc1450d7199778343945197e,test,lib.layout.IconTest.testBallColorTd,ID,,,
https://github.com/kiegroup/jbpm,f7e80e82b7670c09485ce83869a287ef51dcb59c,jbpm-case-mgmt/jbpm-case-mgmt-impl,org.jbpm.casemgmt.impl.AdHocConditionsTest.testEnrichmentFlowNotValidDirectlyApproved,ID,,,
https://github.com/kiegroup/jbpm,f7e80e82b7670c09485ce83869a287ef51dcb59c,jbpm-case-mgmt/jbpm-case-mgmt-impl,org.jbpm.casemgmt.impl.AdHocConditionsTest.testEnrichmentFlowNotValidDirectlyRejected,ID,,,
https://github.com/kiegroup/jbpm,f7e80e82b7670c09485ce83869a287ef51dcb59c,jbpm-case-mgmt/jbpm-case-mgmt-impl,org.jbpm.casemgmt.impl.AdHocConditionsTest.testEnrichmentFlowNotValidManuallyApproved,ID,,,
https://github.com/kiegroup/jbpm,f7e80e82b7670c09485ce83869a287ef51dcb59c,jbpm-case-mgmt/jbpm-case-mgmt-impl,org.jbpm.casemgmt.impl.AdHocConditionsTest.testEnrichmentFlowNotValidManuallyRejected,ID,,,
https://github.com/kiegroup/jbpm,f7e80e82b7670c09485ce83869a287ef51dcb59c,jbpm-case-mgmt/jbpm-case-mgmt-impl,org.jbpm.casemgmt.impl.admin.CaseInstanceMigrationServiceImplTest.testMigrateSingleCaseInstance,ID,,,
https://github.com/kiegroup/jbpm,f7e80e82b7670c09485ce83869a287ef51dcb59c,jbpm-case-mgmt/jbpm-case-mgmt-impl,org.jbpm.casemgmt.impl.admin.CaseInstanceMigrationServiceImplTest.testMigrateSingleCaseInstanceMissingMapping,ID,,,
https://github.com/kiegroup/jbpm,f7e80e82b7670c09485ce83869a287ef51dcb59c,jbpm-case-mgmt/jbpm-case-mgmt-impl,org.jbpm.casemgmt.impl.admin.CaseInstanceMigrationServiceImplTest.testMigrateSingleCaseInstanceNotExisting,ID,,,
https://github.com/kiegroup/jbpm,f7e80e82b7670c09485ce83869a287ef51dcb59c,jbpm-case-mgmt/jbpm-case-mgmt-impl,org.jbpm.casemgmt.impl.admin.CaseInstanceMigrationServiceImplTest.testMigrateSingleCaseInstanceWithDynamicSubprocess,ID,,,
https://github.com/kiegroup/jbpm,f7e80e82b7670c09485ce83869a287ef51dcb59c,jbpm-case-mgmt/jbpm-case-mgmt-impl,org.jbpm.casemgmt.impl.admin.CaseInstanceMigrationServiceImplTest.testMigrateSingleCaseInstanceWithDynamicSubprocessNodeMapping,ID,,,
https://github.com/kiegroup/jbpm,f7e80e82b7670c09485ce83869a287ef51dcb59c,jbpm-case-mgmt/jbpm-case-mgmt-impl,org.jbpm.casemgmt.impl.admin.CaseInstanceMigrationServiceImplTest.testMigrateSingleCaseInstanceWithDynamicSubprocessRevert,ID,,,
https://github.com/kiegroup/jbpm,f7e80e82b7670c09485ce83869a287ef51dcb59c,jbpm-case-mgmt/jbpm-case-mgmt-impl,org.jbpm.casemgmt.impl.AdvanceCaseRuntimeDataServiceImplTest.queryCaseByVariablesAndTask,ID,,,
https://github.com/kiegroup/jbpm,f7e80e82b7670c09485ce83869a287ef51dcb59c,jbpm-case-mgmt/jbpm-case-mgmt-impl,org.jbpm.casemgmt.impl.AdvanceCaseRuntimeDataServiceImplTest.testQueryCaseByVariablesAndTaskByPotOwnersDefaultALL,ID,,,
https://github.com/kiegroup/jbpm,f7e80e82b7670c09485ce83869a287ef51dcb59c,jbpm-case-mgmt/jbpm-case-mgmt-impl,org.jbpm.casemgmt.impl.AdvanceCaseRuntimeDataServiceImplTest.testQueryCaseByVariablesAndTaskByPotOwnersDefaultANY,ID,,,
https://github.com/kiegroup/jbpm,f7e80e82b7670c09485ce83869a287ef51dcb59c,jbpm-case-mgmt/jbpm-case-mgmt-impl,org.jbpm.casemgmt.impl.AdvanceCaseRuntimeDataServiceImplTest.testQueryUserTasksByVariablesByPotOwnersANY,ID,,,
https://github.com/kiegroup/jbpm,f7e80e82b7670c09485ce83869a287ef51dcb59c,jbpm-case-mgmt/jbpm-case-mgmt-impl,org.jbpm.casemgmt.impl.AdvanceCaseRuntimeDataServiceImplTest.testQueryUserTasksByVariablesByPotOwnersDefaultALL,ID,,,
https://github.com/kiegroup/jbpm,f7e80e82b7670c09485ce83869a287ef51dcb59c,jbpm-case-mgmt/jbpm-case-mgmt-impl,org.jbpm.casemgmt.impl.AdvanceCaseRuntimeDataServiceImplTest.testSearchByVariable,ID,,,
https://github.com/kiegroup/jbpm,f7e80e82b7670c09485ce83869a287ef51dcb59c,jbpm-case-mgmt/jbpm-case-mgmt-impl,org.jbpm.casemgmt.impl.AdvanceCaseRuntimeDataServiceImplTest.testSearchUserByVariable,ID,,,
https://github.com/kiegroup/jbpm,f7e80e82b7670c09485ce83869a287ef51dcb59c,jbpm-case-mgmt/jbpm-case-mgmt-impl,org.jbpm.casemgmt.impl.CarInsuranceClaimCaseTest.testCarInsuranceClaimCase,ID,,,
https://github.com/kiegroup/jbpm,f7e80e82b7670c09485ce83869a287ef51dcb59c,jbpm-case-mgmt/jbpm-case-mgmt-impl,org.jbpm.casemgmt.impl.CarInsuranceClaimCaseTest.testCarInsuranceClaimCaseCloseCaseFromAsyncCommand,ID,,,
https://github.com/kiegroup/jbpm,f7e80e82b7670c09485ce83869a287ef51dcb59c,jbpm-case-mgmt/jbpm-case-mgmt-impl,org.jbpm.casemgmt.impl.CarInsuranceClaimCaseTest.testCarInsuranceClaimCaseCloseCaseFromRules,ID,,,
https://github.com/kiegroup/jbpm,f7e80e82b7670c09485ce83869a287ef51dcb59c,jbpm-case-mgmt/jbpm-case-mgmt-impl,org.jbpm.casemgmt.impl.CarInsuranceClaimCaseTest.testCarInsuranceClaimCaseCloseCaseFromRulesViaBusinessTask,ID,,,
https://github.com/kiegroup/jbpm,f7e80e82b7670c09485ce83869a287ef51dcb59c,jbpm-case-mgmt/jbpm-case-mgmt-impl,org.jbpm.casemgmt.impl.CarInsuranceClaimCaseTest.testCarInsuranceClaimCaseCloseCaseFromRulesViaProcess,ID,,,
https://github.com/kiegroup/jbpm,f7e80e82b7670c09485ce83869a287ef51dcb59c,jbpm-case-mgmt/jbpm-case-mgmt-impl,org.jbpm.casemgmt.impl.CarInsuranceClaimCaseTest.testCarInsuranceClaimCaseWithAssessorInvolved,ID,,,
https://github.com/kiegroup/jbpm,f7e80e82b7670c09485ce83869a287ef51dcb59c,jbpm-case-mgmt/jbpm-case-mgmt-impl,org.jbpm.casemgmt.impl.CarInsuranceClaimCaseTest.testCarInsuranceClaimCaseWithContactByInsured,ID,,,
https://github.com/kiegroup/jbpm,f7e80e82b7670c09485ce83869a287ef51dcb59c,jbpm-case-mgmt/jbpm-case-mgmt-impl,org.jbpm.casemgmt.impl.CarInsuranceClaimCaseTest.testCarInsuranceClaimCaseWithExtraTaskFromRules,ID,,,
https://github.com/kiegroup/jbpm,f7e80e82b7670c09485ce83869a287ef51dcb59c,jbpm-case-mgmt/jbpm-case-mgmt-impl,org.jbpm.casemgmt.impl.CarInsuranceClaimCaseTest.testCarInsuranceClaimCaseWithNegotiations,ID,,,
https://github.com/kiegroup/jbpm,f7e80e82b7670c09485ce83869a287ef51dcb59c,jbpm-case-mgmt/jbpm-case-mgmt-impl,org.jbpm.casemgmt.impl.CarInsuranceClaimCaseTest.testCarInsuranceClaimCaseWithPoliceReport,ID,,,
https://github.com/kiegroup/jbpm,f7e80e82b7670c09485ce83869a287ef51dcb59c,jbpm-case-mgmt/jbpm-case-mgmt-impl,org.jbpm.casemgmt.impl.CaseAssignmentServiceImplTest.testProperRoleAssigned,ID,,,
https://github.com/kiegroup/jbpm,f7e80e82b7670c09485ce83869a287ef51dcb59c,jbpm-case-mgmt/jbpm-case-mgmt-impl,org.jbpm.casemgmt.impl.CaseAssignmentServiceImplTest.testProperRoleAssignedAutoStart,ID,,,
https://github.com/kiegroup/jbpm,f7e80e82b7670c09485ce83869a287ef51dcb59c,jbpm-case-mgmt/jbpm-case-mgmt-impl,org.jbpm.casemgmt.impl.CaseAssignmentServiceImplTest.testRoleAssignedMissingGroupAutoStart,ID,,,
https://github.com/kiegroup/jbpm,f7e80e82b7670c09485ce83869a287ef51dcb59c,jbpm-case-mgmt/jbpm-case-mgmt-impl,org.jbpm.casemgmt.impl.CaseAssignmentServiceImplTest.testRoleAssignedMissingRole,ID,,,
https://github.com/kiegroup/jbpm,f7e80e82b7670c09485ce83869a287ef51dcb59c,jbpm-case-mgmt/jbpm-case-mgmt-impl,org.jbpm.casemgmt.impl.CaseAssignmentServiceImplTest.testRoleAssignedMissingUser,ID,,,
https://github.com/kiegroup/jbpm,f7e80e82b7670c09485ce83869a287ef51dcb59c,jbpm-case-mgmt/jbpm-case-mgmt-impl,org.jbpm.casemgmt.impl.CaseAssignmentServiceImplTest.testRoleAssignedMissingUserAutoStart,ID,,,
https://github.com/kiegroup/jbpm,f7e80e82b7670c09485ce83869a287ef51dcb59c,jbpm-case-mgmt/jbpm-case-mgmt-impl,org.jbpm.casemgmt.impl.CaseCommentNotificationTest.testCommentsNotificationWithoutTemplate,ID,,,
https://github.com/kiegroup/jbpm,f7e80e82b7670c09485ce83869a287ef51dcb59c,jbpm-case-mgmt/jbpm-case-mgmt-impl,org.jbpm.casemgmt.impl.CaseCommentNotificationTest.testCommentsNotificationWithTemplate,ID,,,
https://github.com/kiegroup/jbpm,f7e80e82b7670c09485ce83869a287ef51dcb59c,jbpm-case-mgmt/jbpm-case-mgmt-impl,org.jbpm.casemgmt.impl.CaseDynamicNodesTest.testAddDynamicSubprocessToCaseByProcessInstanceId,ID,,,
https://github.com/kiegroup/jbpm,f7e80e82b7670c09485ce83869a287ef51dcb59c,jbpm-case-mgmt/jbpm-case-mgmt-impl,org.jbpm.casemgmt.impl.CaseDynamicNodesTest.testAddDynamicSubprocessToNotActiveStage,ID,,,
https://github.com/kiegroup/jbpm,f7e80e82b7670c09485ce83869a287ef51dcb59c,jbpm-case-mgmt/jbpm-case-mgmt-impl,org.jbpm.casemgmt.impl.CaseDynamicNodesTest.testAddDynamicSubprocessToNotExistingCase,ID,,,
https://github.com/kiegroup/jbpm,f7e80e82b7670c09485ce83869a287ef51dcb59c,jbpm-case-mgmt/jbpm-case-mgmt-impl,org.jbpm.casemgmt.impl.CaseDynamicNodesTest.testAddDynamicSubprocessToNotExistingCaseByProcessInstanceId,ID,,,
https://github.com/kiegroup/jbpm,f7e80e82b7670c09485ce83869a287ef51dcb59c,jbpm-case-mgmt/jbpm-case-mgmt-impl,org.jbpm.casemgmt.impl.CaseDynamicNodesTest.testAddDynamicSubprocessToNotExistingStage,ID,,,
https://github.com/kiegroup/jbpm,f7e80e82b7670c09485ce83869a287ef51dcb59c,jbpm-case-mgmt/jbpm-case-mgmt-impl,org.jbpm.casemgmt.impl.CaseDynamicNodesTest.testAddDynamicSubprocessToNotExistingStageByProcessInstanceId,ID,,,
https://github.com/kiegroup/jbpm,f7e80e82b7670c09485ce83869a287ef51dcb59c,jbpm-case-mgmt/jbpm-case-mgmt-impl,org.jbpm.casemgmt.impl.CaseDynamicNodesTest.testAddDynamicSubprocessToStageByProcessInstanceId,ID,,,
https://github.com/kiegroup/jbpm,f7e80e82b7670c09485ce83869a287ef51dcb59c,jbpm-case-mgmt/jbpm-case-mgmt-impl,org.jbpm.casemgmt.impl.CaseDynamicNodesTest.testAddDynamicSubprocessToStageNotExistingCase,ID,,,
https://github.com/kiegroup/jbpm,f7e80e82b7670c09485ce83869a287ef51dcb59c,jbpm-case-mgmt/jbpm-case-mgmt-impl,org.jbpm.casemgmt.impl.CaseDynamicNodesTest.testAddDynamicSubprocessToStageNotExistingCaseByProcessInstanceId,ID,,,
https://github.com/kiegroup/jbpm,f7e80e82b7670c09485ce83869a287ef51dcb59c,jbpm-case-mgmt/jbpm-case-mgmt-impl,org.jbpm.casemgmt.impl.CaseDynamicNodesTest.testAddDynamicSubprocessToStageWithNotExistingProcessId,ID,,,
https://github.com/kiegroup/jbpm,f7e80e82b7670c09485ce83869a287ef51dcb59c,jbpm-case-mgmt/jbpm-case-mgmt-impl,org.jbpm.casemgmt.impl.CaseDynamicNodesTest.testAddDynamicSubprocessWithNotExistingProcessId,ID,,,
https://github.com/kiegroup/jbpm,f7e80e82b7670c09485ce83869a287ef51dcb59c,jbpm-case-mgmt/jbpm-case-mgmt-impl,org.jbpm.casemgmt.impl.CaseDynamicNodesTest.testAddDynamicTaskToNotActiveStage,ID,,,
https://github.com/kiegroup/jbpm,f7e80e82b7670c09485ce83869a287ef51dcb59c,jbpm-case-mgmt/jbpm-case-mgmt-impl,org.jbpm.casemgmt.impl.CaseDynamicNodesTest.testAddDynamicTaskToNotExistingCase,ID,,,
https://github.com/kiegroup/jbpm,f7e80e82b7670c09485ce83869a287ef51dcb59c,jbpm-case-mgmt/jbpm-case-mgmt-impl,org.jbpm.casemgmt.impl.CaseDynamicNodesTest.testAddDynamicTaskToNotExistingCaseByProcessInstanceId,ID,,,
https://github.com/kiegroup/jbpm,f7e80e82b7670c09485ce83869a287ef51dcb59c,jbpm-case-mgmt/jbpm-case-mgmt-impl,org.jbpm.casemgmt.impl.CaseDynamicNodesTest.testAddDynamicTaskToNotExistingStage,ID,,,
https://github.com/kiegroup/jbpm,f7e80e82b7670c09485ce83869a287ef51dcb59c,jbpm-case-mgmt/jbpm-case-mgmt-impl,org.jbpm.casemgmt.impl.CaseDynamicNodesTest.testAddDynamicTaskToNotExistingStageByProcessInstanceId,ID,,,
https://github.com/kiegroup/jbpm,f7e80e82b7670c09485ce83869a287ef51dcb59c,jbpm-case-mgmt/jbpm-case-mgmt-impl,org.jbpm.casemgmt.impl.CaseDynamicNodesTest.testAddDynamicTaskToStageNotExistingCase,ID,,,
https://github.com/kiegroup/jbpm,f7e80e82b7670c09485ce83869a287ef51dcb59c,jbpm-case-mgmt/jbpm-case-mgmt-impl,org.jbpm.casemgmt.impl.CaseDynamicNodesTest.testAddDynamicTaskToStageNotExistingCaseByProcessInstanceId,ID,,,
https://github.com/kiegroup/jbpm,f7e80e82b7670c09485ce83869a287ef51dcb59c,jbpm-case-mgmt/jbpm-case-mgmt-impl,org.jbpm.casemgmt.impl.CaseDynamicNodesTest.testAddDynamicUserTaskToEmptyStage,ID,,,
https://github.com/kiegroup/jbpm,f7e80e82b7670c09485ce83869a287ef51dcb59c,jbpm-case-mgmt/jbpm-case-mgmt-impl,org.jbpm.casemgmt.impl.CaseDynamicNodesTest.testAddMultipleDynamicSubprocessesToCase,ID,,,
https://github.com/kiegroup/jbpm,f7e80e82b7670c09485ce83869a287ef51dcb59c,jbpm-case-mgmt/jbpm-case-mgmt-impl,org.jbpm.casemgmt.impl.CaseDynamicNodesTest.testAddMultipleDynamicSubprocessesToStage,ID,,,
https://github.com/kiegroup/jbpm,f7e80e82b7670c09485ce83869a287ef51dcb59c,jbpm-case-mgmt/jbpm-case-mgmt-impl,org.jbpm.casemgmt.impl.CaseDynamicNodesTest.testAddMultipleDynamicTasksToStage,ID,,,
https://github.com/kiegroup/jbpm,f7e80e82b7670c09485ce83869a287ef51dcb59c,jbpm-case-mgmt/jbpm-case-mgmt-impl,org.jbpm.casemgmt.impl.CaseEventEmittingTest.testCaseCommentEventsEmitting,ID,,,
https://github.com/kiegroup/jbpm,f7e80e82b7670c09485ce83869a287ef51dcb59c,jbpm-case-mgmt/jbpm-case-mgmt-impl,org.jbpm.casemgmt.impl.CaseIdGeneratorTest.testErrorWhenNoVariableIsSupplied,ID,,,
https://github.com/kiegroup/jbpm,f7e80e82b7670c09485ce83869a287ef51dcb59c,jbpm-case-mgmt/jbpm-case-mgmt-impl,org.jbpm.casemgmt.impl.CaseIdGeneratorTest.testStartEmptyCaseImplicitVariableWithExpression,ID,,,
https://github.com/kiegroup/jbpm,f7e80e82b7670c09485ce83869a287ef51dcb59c,jbpm-case-mgmt/jbpm-case-mgmt-impl,org.jbpm.casemgmt.impl.CaseIdGeneratorTest.testStartEmptyCaseWithIdCaseExpression,ID,,,
https://github.com/kiegroup/jbpm,f7e80e82b7670c09485ce83869a287ef51dcb59c,jbpm-case-mgmt/jbpm-case-mgmt-impl,org.jbpm.casemgmt.impl.CaseIdGeneratorTest.testStartEmptyCaseWithIdCaseExpressionWithOverridingMetadata,ID,,,
https://github.com/kiegroup/jbpm,f7e80e82b7670c09485ce83869a287ef51dcb59c,jbpm-case-mgmt/jbpm-case-mgmt-impl,org.jbpm.casemgmt.impl.CaseIdGeneratorTest.testStartEmptyCaseWithOverridingSequence,ID,,,
https://github.com/kiegroup/jbpm,f7e80e82b7670c09485ce83869a287ef51dcb59c,jbpm-case-mgmt/jbpm-case-mgmt-impl,org.jbpm.casemgmt.impl.CaseRuntimeDataServiceDefinitionImplTest.testGetCaseDefinitionById,ID,,,
https://github.com/kiegroup/jbpm,f7e80e82b7670c09485ce83869a287ef51dcb59c,jbpm-case-mgmt/jbpm-case-mgmt-impl,org.jbpm.casemgmt.impl.CaseRuntimeDataServiceDefinitionImplTest.testGetCaseDefinitionByIdWithBoundaryEvent,ID,,,
https://github.com/kiegroup/jbpm,f7e80e82b7670c09485ce83869a287ef51dcb59c,jbpm-case-mgmt/jbpm-case-mgmt-impl,org.jbpm.casemgmt.impl.CaseRuntimeDataServiceDefinitionImplTest.testGetCaseDefinitions,ID,,,
https://github.com/kiegroup/jbpm,f7e80e82b7670c09485ce83869a287ef51dcb59c,jbpm-case-mgmt/jbpm-case-mgmt-impl,org.jbpm.casemgmt.impl.CaseRuntimeDataServiceDefinitionImplTest.testGetCaseDefinitionsByDeploymentId,ID,,,
https://github.com/kiegroup/jbpm,f7e80e82b7670c09485ce83869a287ef51dcb59c,jbpm-case-mgmt/jbpm-case-mgmt-impl,org.jbpm.casemgmt.impl.CaseRuntimeDataServiceDefinitionImplTest.testGetCaseDefinitionsByDeploymentIdSorted,ID,,,
https://github.com/kiegroup/jbpm,f7e80e82b7670c09485ce83869a287ef51dcb59c,jbpm-case-mgmt/jbpm-case-mgmt-impl,org.jbpm.casemgmt.impl.CaseRuntimeDataServiceDefinitionImplTest.testGetCaseDefinitionsByFilter,ID,,,
https://github.com/kiegroup/jbpm,f7e80e82b7670c09485ce83869a287ef51dcb59c,jbpm-case-mgmt/jbpm-case-mgmt-impl,org.jbpm.casemgmt.impl.CaseRuntimeDataServiceDefinitionImplTest.testGetCaseDefinitionsByFilterSorted,ID,,,
https://github.com/kiegroup/jbpm,f7e80e82b7670c09485ce83869a287ef51dcb59c,jbpm-case-mgmt/jbpm-case-mgmt-impl,org.jbpm.casemgmt.impl.CaseRuntimeDataServiceDefinitionImplTest.testGetCaseDefinitionsSorted,ID,,,
https://github.com/kiegroup/jbpm,f7e80e82b7670c09485ce83869a287ef51dcb59c,jbpm-case-mgmt/jbpm-case-mgmt-impl,org.jbpm.casemgmt.impl.CaseRuntimeDataServiceImplTest.testAddSubprocessToEmptyCaseCheckCaseNodes,ID,,,
https://github.com/kiegroup/jbpm,f7e80e82b7670c09485ce83869a287ef51dcb59c,jbpm-case-mgmt/jbpm-case-mgmt-impl,org.jbpm.casemgmt.impl.CaseRuntimeDataServiceImplTest.testCaseStatusCreation,ID,,,
https://github.com/kiegroup/jbpm,f7e80e82b7670c09485ce83869a287ef51dcb59c,jbpm-case-mgmt/jbpm-case-mgmt-impl,org.jbpm.casemgmt.impl.CaseRuntimeDataServiceImplTest.testGetProcessDefinitions,ID,,,
https://github.com/kiegroup/jbpm,f7e80e82b7670c09485ce83869a287ef51dcb59c,jbpm-case-mgmt/jbpm-case-mgmt-impl,org.jbpm.casemgmt.impl.CaseRuntimeDataServiceImplTest.testGroupTasksInCaseAsBusinessAdmin,ID,,,
https://github.com/kiegroup/jbpm,f7e80e82b7670c09485ce83869a287ef51dcb59c,jbpm-case-mgmt/jbpm-case-mgmt-impl,org.jbpm.casemgmt.impl.CaseRuntimeDataServiceImplTest.testGroupTasksInCaseAsPotentialOwners,ID,,,
https://github.com/kiegroup/jbpm,f7e80e82b7670c09485ce83869a287ef51dcb59c,jbpm-case-mgmt/jbpm-case-mgmt-impl,org.jbpm.casemgmt.impl.CaseRuntimeDataServiceImplTest.testGroupTasksInCaseAsStakeholder,ID,,,
https://github.com/kiegroup/jbpm,f7e80e82b7670c09485ce83869a287ef51dcb59c,jbpm-case-mgmt/jbpm-case-mgmt-impl,org.jbpm.casemgmt.impl.CaseRuntimeDataServiceImplTest.testResolveCaseStatuses,ID,,,
https://github.com/kiegroup/jbpm,f7e80e82b7670c09485ce83869a287ef51dcb59c,jbpm-case-mgmt/jbpm-case-mgmt-impl,org.jbpm.casemgmt.impl.CaseRuntimeDataServiceImplTest.testStartEmptyCaseWithCaseFile,ID,,,
https://github.com/kiegroup/jbpm,f7e80e82b7670c09485ce83869a287ef51dcb59c,jbpm-case-mgmt/jbpm-case-mgmt-impl,org.jbpm.casemgmt.impl.CaseRuntimeDataServiceImplTest.testTransitionBetweenStagesInCase,ID,,,
https://github.com/kiegroup/jbpm,f7e80e82b7670c09485ce83869a287ef51dcb59c,jbpm-case-mgmt/jbpm-case-mgmt-impl,org.jbpm.casemgmt.impl.CaseRuntimeDataServiceImplTest.testTransitionBetweenStagesInCaseWithActiveElements,ID,,,
https://github.com/kiegroup/jbpm,f7e80e82b7670c09485ce83869a287ef51dcb59c,jbpm-case-mgmt/jbpm-case-mgmt-impl,org.jbpm.casemgmt.impl.CaseRuntimeDataServiceImplTest.testTransitionBetweenStagesWithConditionsInCase,ID,,,
https://github.com/kiegroup/jbpm,f7e80e82b7670c09485ce83869a287ef51dcb59c,jbpm-case-mgmt/jbpm-case-mgmt-impl,org.jbpm.casemgmt.impl.CaseRuntimeDataServiceImplTest.testUserTasksInCaseAsBusinessAdmin,ID,,,
https://github.com/kiegroup/jbpm,f7e80e82b7670c09485ce83869a287ef51dcb59c,jbpm-case-mgmt/jbpm-case-mgmt-impl,org.jbpm.casemgmt.impl.CaseRuntimeDataServiceImplTest.testUserTasksInCaseAsPotentialOwners,ID,,,
https://github.com/kiegroup/jbpm,f7e80e82b7670c09485ce83869a287ef51dcb59c,jbpm-case-mgmt/jbpm-case-mgmt-impl,org.jbpm.casemgmt.impl.CaseRuntimeDataServiceImplTest.testUserTasksInCaseAsStakeholder,ID,,,
https://github.com/kiegroup/jbpm,f7e80e82b7670c09485ce83869a287ef51dcb59c,jbpm-case-mgmt/jbpm-case-mgmt-impl,org.jbpm.casemgmt.impl.CaseRuntimeDataServiceImplTest.testUserTasksInCaseWithSubprocess,ID,,,
https://github.com/kiegroup/jbpm,f7e80e82b7670c09485ce83869a287ef51dcb59c,jbpm-case-mgmt/jbpm-case-mgmt-impl,org.jbpm.casemgmt.impl.CaseServiceImplTest.testAddAndRemoveMultipleDataFromCaseFile,ID,,,
https://github.com/kiegroup/jbpm,f7e80e82b7670c09485ce83869a287ef51dcb59c,jbpm-case-mgmt/jbpm-case-mgmt-impl,org.jbpm.casemgmt.impl.CaseServiceImplTest.testAddDataCaseWithViolatingRestrictedCaseFileItem,ID,,,
https://github.com/kiegroup/jbpm,f7e80e82b7670c09485ce83869a287ef51dcb59c,jbpm-case-mgmt/jbpm-case-mgmt-impl,org.jbpm.casemgmt.impl.CaseServiceImplTest.testAddServiceTaskToEmptyCase,ID,,,
https://github.com/kiegroup/jbpm,f7e80e82b7670c09485ce83869a287ef51dcb59c,jbpm-case-mgmt/jbpm-case-mgmt-impl,org.jbpm.casemgmt.impl.CaseServiceImplTest.testAddSubprocessToCaseWithStage,ID,,,
https://github.com/kiegroup/jbpm,f7e80e82b7670c09485ce83869a287ef51dcb59c,jbpm-case-mgmt/jbpm-case-mgmt-impl,org.jbpm.casemgmt.impl.CaseServiceImplTest.testAddSubprocessToEmptyCase,ID,,,
https://github.com/kiegroup/jbpm,f7e80e82b7670c09485ce83869a287ef51dcb59c,jbpm-case-mgmt/jbpm-case-mgmt-impl,org.jbpm.casemgmt.impl.CaseServiceImplTest.testAddSubprocessToEmptyCaseAndClose,ID,,,
https://github.com/kiegroup/jbpm,f7e80e82b7670c09485ce83869a287ef51dcb59c,jbpm-case-mgmt/jbpm-case-mgmt-impl,org.jbpm.casemgmt.impl.CaseServiceImplTest.testAddUserTaskToCaseWithStage,ID,,,
https://github.com/kiegroup/jbpm,f7e80e82b7670c09485ce83869a287ef51dcb59c,jbpm-case-mgmt/jbpm-case-mgmt-impl,org.jbpm.casemgmt.impl.CaseServiceImplTest.testAddUserTaskToEmptyCase,ID,,,
https://github.com/kiegroup/jbpm,f7e80e82b7670c09485ce83869a287ef51dcb59c,jbpm-case-mgmt/jbpm-case-mgmt-impl,org.jbpm.casemgmt.impl.CaseServiceImplTest.testCaseAuthorization,ID,,,
https://github.com/kiegroup/jbpm,f7e80e82b7670c09485ce83869a287ef51dcb59c,jbpm-case-mgmt/jbpm-case-mgmt-impl,org.jbpm.casemgmt.impl.CaseServiceImplTest.testCaseAuthorizationImplicitOwner,ID,,,
https://github.com/kiegroup/jbpm,f7e80e82b7670c09485ce83869a287ef51dcb59c,jbpm-case-mgmt/jbpm-case-mgmt-impl,org.jbpm.casemgmt.impl.CaseServiceImplTest.testCaseOwnedBy,ID,,,
https://github.com/kiegroup/jbpm,f7e80e82b7670c09485ce83869a287ef51dcb59c,jbpm-case-mgmt/jbpm-case-mgmt-impl,org.jbpm.casemgmt.impl.CaseServiceImplTest.testCaseReadOnlyCaseFileItemAddDataOnce,ID,,,
https://github.com/kiegroup/jbpm,f7e80e82b7670c09485ce83869a287ef51dcb59c,jbpm-case-mgmt/jbpm-case-mgmt-impl,org.jbpm.casemgmt.impl.CaseServiceImplTest.testCaseReadOnlyCaseFileItemRemoveData,ID,,,
https://github.com/kiegroup/jbpm,f7e80e82b7670c09485ce83869a287ef51dcb59c,jbpm-case-mgmt/jbpm-case-mgmt-impl,org.jbpm.casemgmt.impl.CaseServiceImplTest.testCaseReopenWithViolatingReadOnlyCaseFileItemReopen,ID,,,
https://github.com/kiegroup/jbpm,f7e80e82b7670c09485ce83869a287ef51dcb59c,jbpm-case-mgmt/jbpm-case-mgmt-impl,org.jbpm.casemgmt.impl.CaseServiceImplTest.testCaseReopenWithViolatingRestrictedCaseFileItem,ID,,,
https://github.com/kiegroup/jbpm,f7e80e82b7670c09485ce83869a287ef51dcb59c,jbpm-case-mgmt/jbpm-case-mgmt-impl,org.jbpm.casemgmt.impl.CaseServiceImplTest.testCaseRolesCardinality,ID,,,
https://github.com/kiegroup/jbpm,f7e80e82b7670c09485ce83869a287ef51dcb59c,jbpm-case-mgmt/jbpm-case-mgmt-impl,org.jbpm.casemgmt.impl.CaseServiceImplTest.testCaseRolesWithDynamicTask,ID,,,
https://github.com/kiegroup/jbpm,f7e80e82b7670c09485ce83869a287ef51dcb59c,jbpm-case-mgmt/jbpm-case-mgmt-impl,org.jbpm.casemgmt.impl.CaseServiceImplTest.testCaseRolesWithQueries,ID,,,
https://github.com/kiegroup/jbpm,f7e80e82b7670c09485ce83869a287ef51dcb59c,jbpm-case-mgmt/jbpm-case-mgmt-impl,org.jbpm.casemgmt.impl.CaseServiceImplTest.testCaseViolatingReadOnlyCaseFileItemAddData,ID,,,
https://github.com/kiegroup/jbpm,f7e80e82b7670c09485ce83869a287ef51dcb59c,jbpm-case-mgmt/jbpm-case-mgmt-impl,org.jbpm.casemgmt.impl.CaseServiceImplTest.testCaseWithBoundaryTimerFiredAtStage,ID,,,
https://github.com/kiegroup/jbpm,f7e80e82b7670c09485ce83869a287ef51dcb59c,jbpm-case-mgmt/jbpm-case-mgmt-impl,org.jbpm.casemgmt.impl.CaseServiceImplTest.testCaseWithBoundaryTimerFiredAtStageAndThenReopen,ID,,,
https://github.com/kiegroup/jbpm,f7e80e82b7670c09485ce83869a287ef51dcb59c,jbpm-case-mgmt/jbpm-case-mgmt-impl,org.jbpm.casemgmt.impl.CaseServiceImplTest.testCaseWithComments,ID,,,
https://github.com/kiegroup/jbpm,f7e80e82b7670c09485ce83869a287ef51dcb59c,jbpm-case-mgmt/jbpm-case-mgmt-impl,org.jbpm.casemgmt.impl.CaseServiceImplTest.testCaseWithCommentsPagination,ID,,,
https://github.com/kiegroup/jbpm,f7e80e82b7670c09485ce83869a287ef51dcb59c,jbpm-case-mgmt/jbpm-case-mgmt-impl,org.jbpm.casemgmt.impl.CaseServiceImplTest.testCaseWithCommentsWithRestrictions,ID,,,
https://github.com/kiegroup/jbpm,f7e80e82b7670c09485ce83869a287ef51dcb59c,jbpm-case-mgmt/jbpm-case-mgmt-impl,org.jbpm.casemgmt.impl.CaseServiceImplTest.testCaseWithDefinedDataRestrictions,ID,,,
https://github.com/kiegroup/jbpm,f7e80e82b7670c09485ce83869a287ef51dcb59c,jbpm-case-mgmt/jbpm-case-mgmt-impl,org.jbpm.casemgmt.impl.CaseServiceImplTest.testCaseWithDefinedDataRestrictionsSetViaUserTask,ID,,,
https://github.com/kiegroup/jbpm,f7e80e82b7670c09485ce83869a287ef51dcb59c,jbpm-case-mgmt/jbpm-case-mgmt-impl,org.jbpm.casemgmt.impl.CaseServiceImplTest.testCaseWithHumanTaskAfterReopen,ID,,,
https://github.com/kiegroup/jbpm,f7e80e82b7670c09485ce83869a287ef51dcb59c,jbpm-case-mgmt/jbpm-case-mgmt-impl,org.jbpm.casemgmt.impl.CaseServiceImplTest.testCaseWithIndexedFromVariableUpdates,ID,,,
https://github.com/kiegroup/jbpm,f7e80e82b7670c09485ce83869a287ef51dcb59c,jbpm-case-mgmt/jbpm-case-mgmt-impl,org.jbpm.casemgmt.impl.CaseServiceImplTest.testCaseWithIndexedFromVariableUpdatesResetVariable,ID,,,
https://github.com/kiegroup/jbpm,f7e80e82b7670c09485ce83869a287ef51dcb59c,jbpm-case-mgmt/jbpm-case-mgmt-impl,org.jbpm.casemgmt.impl.CaseServiceImplTest.testCaseWithMissingRequiredCaseFileItem,ID,,,
https://github.com/kiegroup/jbpm,f7e80e82b7670c09485ce83869a287ef51dcb59c,jbpm-case-mgmt/jbpm-case-mgmt-impl,org.jbpm.casemgmt.impl.CaseServiceImplTest.testCaseWithMissingRequiredEmptyCaseFileItem,ID,,,
https://github.com/kiegroup/jbpm,f7e80e82b7670c09485ce83869a287ef51dcb59c,jbpm-case-mgmt/jbpm-case-mgmt-impl,org.jbpm.casemgmt.impl.CaseServiceImplTest.testCaseWithRequiredCaseFileItem,ID,,,
https://github.com/kiegroup/jbpm,f7e80e82b7670c09485ce83869a287ef51dcb59c,jbpm-case-mgmt/jbpm-case-mgmt-impl,org.jbpm.casemgmt.impl.CaseServiceImplTest.testCaseWithRequiredRestrictedCaseFileItem,ID,,,
https://github.com/kiegroup/jbpm,f7e80e82b7670c09485ce83869a287ef51dcb59c,jbpm-case-mgmt/jbpm-case-mgmt-impl,org.jbpm.casemgmt.impl.CaseServiceImplTest.testCaseWithRestrictedCaseFileItem,ID,,,
https://github.com/kiegroup/jbpm,f7e80e82b7670c09485ce83869a287ef51dcb59c,jbpm-case-mgmt/jbpm-case-mgmt-impl,org.jbpm.casemgmt.impl.CaseServiceImplTest.testCaseWithStageAndBoundaryTimerFired,ID,,,
https://github.com/kiegroup/jbpm,f7e80e82b7670c09485ce83869a287ef51dcb59c,jbpm-case-mgmt/jbpm-case-mgmt-impl,org.jbpm.casemgmt.impl.CaseServiceImplTest.testCaseWithStageAutoStartNodes,ID,,,
https://github.com/kiegroup/jbpm,f7e80e82b7670c09485ce83869a287ef51dcb59c,jbpm-case-mgmt/jbpm-case-mgmt-impl,org.jbpm.casemgmt.impl.CaseServiceImplTest.testCaseWithViolatingRestrictedCaseFileItem,ID,,,
https://github.com/kiegroup/jbpm,f7e80e82b7670c09485ce83869a287ef51dcb59c,jbpm-case-mgmt/jbpm-case-mgmt-impl,org.jbpm.casemgmt.impl.CaseServiceImplTest.testCreateCaseFileInstanceForNotExistingCase,ID,,,
https://github.com/kiegroup/jbpm,f7e80e82b7670c09485ce83869a287ef51dcb59c,jbpm-case-mgmt/jbpm-case-mgmt-impl,org.jbpm.casemgmt.impl.CaseServiceImplTest.testGetCaseFileInstanceForNotExistingCase,ID,,,
https://github.com/kiegroup/jbpm,f7e80e82b7670c09485ce83869a287ef51dcb59c,jbpm-case-mgmt/jbpm-case-mgmt-impl,org.jbpm.casemgmt.impl.CaseServiceImplTest.testInclusiveGatewayWithDynamicActivity,ID,,,
https://github.com/kiegroup/jbpm,f7e80e82b7670c09485ce83869a287ef51dcb59c,jbpm-case-mgmt/jbpm-case-mgmt-impl,org.jbpm.casemgmt.impl.CaseServiceImplTest.testPerCaseCleanup,ID,,,
https://github.com/kiegroup/jbpm,f7e80e82b7670c09485ce83869a287ef51dcb59c,jbpm-case-mgmt/jbpm-case-mgmt-impl,org.jbpm.casemgmt.impl.CaseServiceImplTest.testPerCaseEnsureCleanupInDisposeEngine,ID,,,
https://github.com/kiegroup/jbpm,f7e80e82b7670c09485ce83869a287ef51dcb59c,jbpm-case-mgmt/jbpm-case-mgmt-impl,org.jbpm.casemgmt.impl.CaseServiceImplTest.testRemoveNotExistingCaseComment,ID,,,
https://github.com/kiegroup/jbpm,f7e80e82b7670c09485ce83869a287ef51dcb59c,jbpm-case-mgmt/jbpm-case-mgmt-impl,org.jbpm.casemgmt.impl.CaseServiceImplTest.testReopenAfterAddingDynamicSubprocess,ID,,,
https://github.com/kiegroup/jbpm,f7e80e82b7670c09485ce83869a287ef51dcb59c,jbpm-case-mgmt/jbpm-case-mgmt-impl,org.jbpm.casemgmt.impl.CaseServiceImplTest.testStartCaseForMultiInstanceStagesAddDynamicNodes,ID,,,
https://github.com/kiegroup/jbpm,f7e80e82b7670c09485ce83869a287ef51dcb59c,jbpm-case-mgmt/jbpm-case-mgmt-impl,org.jbpm.casemgmt.impl.CaseServiceImplTest.testStartCaseForMultiInstanceStagesTriggerAdHocFragment,ID,,,
https://github.com/kiegroup/jbpm,f7e80e82b7670c09485ce83869a287ef51dcb59c,jbpm-case-mgmt/jbpm-case-mgmt-impl,org.jbpm.casemgmt.impl.CaseServiceImplTest.testStartCaseWithConditionalEvent,ID,,,
https://github.com/kiegroup/jbpm,f7e80e82b7670c09485ce83869a287ef51dcb59c,jbpm-case-mgmt/jbpm-case-mgmt-impl,org.jbpm.casemgmt.impl.CaseServiceImplTest.testStartCaseWithConditionalEventCompleteCase,ID,,,
https://github.com/kiegroup/jbpm,f7e80e82b7670c09485ce83869a287ef51dcb59c,jbpm-case-mgmt/jbpm-case-mgmt-impl,org.jbpm.casemgmt.impl.CaseServiceImplTest.testStartCaseWithoutStartNode,ID,,,
https://github.com/kiegroup/jbpm,f7e80e82b7670c09485ce83869a287ef51dcb59c,jbpm-case-mgmt/jbpm-case-mgmt-impl,org.jbpm.casemgmt.impl.CaseServiceImplTest.testStartCaseWithStageAndAdHocFragments,ID,,,
https://github.com/kiegroup/jbpm,f7e80e82b7670c09485ce83869a287ef51dcb59c,jbpm-case-mgmt/jbpm-case-mgmt-impl,org.jbpm.casemgmt.impl.CaseServiceImplTest.testStartEmptyCase,ID,,,
https://github.com/kiegroup/jbpm,f7e80e82b7670c09485ce83869a287ef51dcb59c,jbpm-case-mgmt/jbpm-case-mgmt-impl,org.jbpm.casemgmt.impl.CaseServiceImplTest.testStartEmptyCaseAndClose,ID,,,
https://github.com/kiegroup/jbpm,f7e80e82b7670c09485ce83869a287ef51dcb59c,jbpm-case-mgmt/jbpm-case-mgmt-impl,org.jbpm.casemgmt.impl.CaseServiceImplTest.testStartEmptyCaseAndDestroy,ID,,,
https://github.com/kiegroup/jbpm,f7e80e82b7670c09485ce83869a287ef51dcb59c,jbpm-case-mgmt/jbpm-case-mgmt-impl,org.jbpm.casemgmt.impl.CaseServiceImplTest.testStartEmptyCaseChangeOwner,ID,,,
https://github.com/kiegroup/jbpm,f7e80e82b7670c09485ce83869a287ef51dcb59c,jbpm-case-mgmt/jbpm-case-mgmt-impl,org.jbpm.casemgmt.impl.CaseServiceImplTest.testStartEmptyCaseUsingCaseFileOwner,ID,,,
https://github.com/kiegroup/jbpm,f7e80e82b7670c09485ce83869a287ef51dcb59c,jbpm-case-mgmt/jbpm-case-mgmt-impl,org.jbpm.casemgmt.impl.CaseServiceImplTest.testStartEmptyCaseUsingCaseFileOwnerAsLoggedInUser,ID,,,
https://github.com/kiegroup/jbpm,f7e80e82b7670c09485ce83869a287ef51dcb59c,jbpm-case-mgmt/jbpm-case-mgmt-impl,org.jbpm.casemgmt.impl.CaseServiceImplTest.testStartEmptyCaseUsingLoggedInOwner,ID,,,
https://github.com/kiegroup/jbpm,f7e80e82b7670c09485ce83869a287ef51dcb59c,jbpm-case-mgmt/jbpm-case-mgmt-impl,org.jbpm.casemgmt.impl.CaseServiceImplTest.testStartEmptyCaseViaProcessService,ID,,,
https://github.com/kiegroup/jbpm,f7e80e82b7670c09485ce83869a287ef51dcb59c,jbpm-case-mgmt/jbpm-case-mgmt-impl,org.jbpm.casemgmt.impl.CaseServiceImplTest.testStartEmptyCaseViaProcessServiceWithoutCorrelationKey,ID,,,
https://github.com/kiegroup/jbpm,f7e80e82b7670c09485ce83869a287ef51dcb59c,jbpm-case-mgmt/jbpm-case-mgmt-impl,org.jbpm.casemgmt.impl.CaseServiceImplTest.testStartEmptyCaseViaProcessServiceWithoutCorrelationKeyWithMilestones,ID,,,
https://github.com/kiegroup/jbpm,f7e80e82b7670c09485ce83869a287ef51dcb59c,jbpm-case-mgmt/jbpm-case-mgmt-impl,org.jbpm.casemgmt.impl.CaseServiceImplTest.testStartEmptyCaseWithCaseFile,ID,,,
https://github.com/kiegroup/jbpm,f7e80e82b7670c09485ce83869a287ef51dcb59c,jbpm-case-mgmt/jbpm-case-mgmt-impl,org.jbpm.casemgmt.impl.CaseServiceImplTest.testStartEmptyCaseWithCaseFileAndDocument,ID,,,
https://github.com/kiegroup/jbpm,f7e80e82b7670c09485ce83869a287ef51dcb59c,jbpm-case-mgmt/jbpm-case-mgmt-impl,org.jbpm.casemgmt.impl.CaseServiceImplTest.testStartEmptyCaseWithCaseFileValueTooLong,ID,,,
https://github.com/kiegroup/jbpm,f7e80e82b7670c09485ce83869a287ef51dcb59c,jbpm-case-mgmt/jbpm-case-mgmt-impl,org.jbpm.casemgmt.impl.CaseServiceImplTest.testStartExpressionCaseWithCaseFile,ID,,,
https://github.com/kiegroup/jbpm,f7e80e82b7670c09485ce83869a287ef51dcb59c,jbpm-case-mgmt/jbpm-case-mgmt-impl,org.jbpm.casemgmt.impl.CaseServiceImplTest.testStartScriptRoleAssignmentCase,ID,,,
https://github.com/kiegroup/jbpm,f7e80e82b7670c09485ce83869a287ef51dcb59c,jbpm-case-mgmt/jbpm-case-mgmt-impl,org.jbpm.casemgmt.impl.CaseServiceImplTest.testStartThenCancelRetrieveCaseFile,ID,,,
https://github.com/kiegroup/jbpm,f7e80e82b7670c09485ce83869a287ef51dcb59c,jbpm-case-mgmt/jbpm-case-mgmt-impl,org.jbpm.casemgmt.impl.CaseServiceImplTest.testStartThenReopenActiveCase,ID,,,
https://github.com/kiegroup/jbpm,f7e80e82b7670c09485ce83869a287ef51dcb59c,jbpm-case-mgmt/jbpm-case-mgmt-impl,org.jbpm.casemgmt.impl.CaseServiceImplTest.testStartThenReopenDestroyedCase,ID,,,
https://github.com/kiegroup/jbpm,f7e80e82b7670c09485ce83869a287ef51dcb59c,jbpm-case-mgmt/jbpm-case-mgmt-impl,org.jbpm.casemgmt.impl.CaseServiceImplTest.testStartThenReopenEmptyCase,ID,,,
https://github.com/kiegroup/jbpm,f7e80e82b7670c09485ce83869a287ef51dcb59c,jbpm-case-mgmt/jbpm-case-mgmt-impl,org.jbpm.casemgmt.impl.CaseServiceImplTest.testStartThenReopenEmptyCaseUpdateData,ID,,,
https://github.com/kiegroup/jbpm,f7e80e82b7670c09485ce83869a287ef51dcb59c,jbpm-case-mgmt/jbpm-case-mgmt-impl,org.jbpm.casemgmt.impl.CaseServiceImplTest.testStartThenReopenEmptyCaseUpdateDescription,ID,,,
https://github.com/kiegroup/jbpm,f7e80e82b7670c09485ce83869a287ef51dcb59c,jbpm-case-mgmt/jbpm-case-mgmt-impl,org.jbpm.casemgmt.impl.CaseServiceImplTest.testSystemUserCaseAuthorization,ID,,,
https://github.com/kiegroup/jbpm,f7e80e82b7670c09485ce83869a287ef51dcb59c,jbpm-case-mgmt/jbpm-case-mgmt-impl,org.jbpm.casemgmt.impl.CaseServiceImplTest.testSystemUserCaseCommentsAuthorization,ID,,,
https://github.com/kiegroup/jbpm,f7e80e82b7670c09485ce83869a287ef51dcb59c,jbpm-case-mgmt/jbpm-case-mgmt-impl,org.jbpm.casemgmt.impl.CaseServiceImplTest.testSystemUserCaseDataAuthorization,ID,,,
https://github.com/kiegroup/jbpm,f7e80e82b7670c09485ce83869a287ef51dcb59c,jbpm-case-mgmt/jbpm-case-mgmt-impl,org.jbpm.casemgmt.impl.CaseServiceImplTest.testTriggerAdHocTasksFromCurrentAndNextStage,ID,,,
https://github.com/kiegroup/jbpm,f7e80e82b7670c09485ce83869a287ef51dcb59c,jbpm-case-mgmt/jbpm-case-mgmt-impl,org.jbpm.casemgmt.impl.CaseServiceImplTest.testTriggerMultipleAdHocTasks,ID,,,
https://github.com/kiegroup/jbpm,f7e80e82b7670c09485ce83869a287ef51dcb59c,jbpm-case-mgmt/jbpm-case-mgmt-impl,org.jbpm.casemgmt.impl.CaseServiceImplTest.testTriggerNotExistingAdHocFragment,ID,,,
https://github.com/kiegroup/jbpm,f7e80e82b7670c09485ce83869a287ef51dcb59c,jbpm-case-mgmt/jbpm-case-mgmt-impl,org.jbpm.casemgmt.impl.CaseServiceImplTest.testTriggerTaskAndMilestoneInCase,ID,,,
https://github.com/kiegroup/jbpm,f7e80e82b7670c09485ce83869a287ef51dcb59c,jbpm-case-mgmt/jbpm-case-mgmt-impl,org.jbpm.casemgmt.impl.CaseServiceImplTest.testTriggerTaskAndMilestoneInCaseFakeMatchCreated,ID,,,
https://github.com/kiegroup/jbpm,f7e80e82b7670c09485ce83869a287ef51dcb59c,jbpm-case-mgmt/jbpm-case-mgmt-impl,org.jbpm.casemgmt.impl.CaseServiceImplTest.testUpdateNotExistingCaseComment,ID,,,
https://github.com/kiegroup/jbpm,f7e80e82b7670c09485ce83869a287ef51dcb59c,jbpm-case-mgmt/jbpm-case-mgmt-impl,org.jbpm.casemgmt.impl.CaseServiceImplTest.testUserTaskCaseDataItemWithRestrictions,ID,,,
https://github.com/kiegroup/jbpm,f7e80e82b7670c09485ce83869a287ef51dcb59c,jbpm-case-mgmt/jbpm-case-mgmt-impl,org.jbpm.casemgmt.impl.CaseServiceImplTest.testUserTaskCaseSearchByInitialCaseFileData,ID,,,
https://github.com/kiegroup/jbpm,f7e80e82b7670c09485ce83869a287ef51dcb59c,jbpm-case-mgmt/jbpm-case-mgmt-impl,org.jbpm.casemgmt.impl.CaseServiceImplTest.testUserTaskToCaseSearchByCaseFileData,ID,,,
https://github.com/kiegroup/jbpm,f7e80e82b7670c09485ce83869a287ef51dcb59c,jbpm-case-mgmt/jbpm-case-mgmt-impl,org.jbpm.casemgmt.impl.CaseServiceImplTest.testUserTaskToCaseWithStageComplete,ID,,,
https://github.com/kiegroup/jbpm,f7e80e82b7670c09485ce83869a287ef51dcb59c,jbpm-case-mgmt/jbpm-case-mgmt-impl,org.jbpm.casemgmt.impl.CaseServiceImplTest.testUserTaskToCaseWithStageCompleteCaseDataItem,ID,,,
https://github.com/kiegroup/jbpm,f7e80e82b7670c09485ce83869a287ef51dcb59c,jbpm-case-mgmt/jbpm-case-mgmt-impl,org.jbpm.casemgmt.impl.CaseSLAComplianceTest.testStartCaseWithSLAEscalation,ID,,,
https://github.com/kiegroup/jbpm,f7e80e82b7670c09485ce83869a287ef51dcb59c,jbpm-case-mgmt/jbpm-case-mgmt-impl,org.jbpm.casemgmt.impl.CaseSLAComplianceTest.testStartCaseWithSLAForGoldCustomerByRules,ID,,,
https://github.com/kiegroup/jbpm,f7e80e82b7670c09485ce83869a287ef51dcb59c,jbpm-case-mgmt/jbpm-case-mgmt-impl,org.jbpm.casemgmt.impl.CaseSLAComplianceTest.testStartCaseWithSLAForNewCustomerByRules,ID,,,
https://github.com/kiegroup/jbpm,f7e80e82b7670c09485ce83869a287ef51dcb59c,jbpm-case-mgmt/jbpm-case-mgmt-impl,org.jbpm.casemgmt.impl.CaseSLAComplianceTest.testStartCaseWithSLAForSilverCustomerByRules,ID,,,
https://github.com/kiegroup/jbpm,f7e80e82b7670c09485ce83869a287ef51dcb59c,jbpm-case-mgmt/jbpm-case-mgmt-impl,org.jbpm.casemgmt.impl.CaseSLAComplianceTest.testStartCaseWithSLANotification,ID,,,
https://github.com/kiegroup/jbpm,f7e80e82b7670c09485ce83869a287ef51dcb59c,jbpm-case-mgmt/jbpm-case-mgmt-impl,org.jbpm.casemgmt.impl.CaseSLAComplianceTest.testStartCaseWithSLASubprocess,ID,,,
https://github.com/kiegroup/jbpm,f7e80e82b7670c09485ce83869a287ef51dcb59c,jbpm-case-mgmt/jbpm-case-mgmt-impl,org.jbpm.casemgmt.impl.CaseWithJPADataTest.testStartCaseInOneGoWithJPAData,ID,,,
https://github.com/kiegroup/jbpm,f7e80e82b7670c09485ce83869a287ef51dcb59c,jbpm-case-mgmt/jbpm-case-mgmt-impl,org.jbpm.casemgmt.impl.CaseWithJPADataTest.testStartEmptyCaseWithJPAData,ID,,,
https://github.com/kiegroup/jbpm,f7e80e82b7670c09485ce83869a287ef51dcb59c,jbpm-case-mgmt/jbpm-case-mgmt-impl,org.jbpm.casemgmt.impl.CMMNCaseTest.testAchieveMilestoneAfterReopen,ID,,,
https://github.com/kiegroup/jbpm,f7e80e82b7670c09485ce83869a287ef51dcb59c,jbpm-case-mgmt/jbpm-case-mgmt-impl,org.jbpm.casemgmt.impl.CMMNCaseTest.testAchieveMilestoneBeforeReopen,ID,,,
https://github.com/kiegroup/jbpm,f7e80e82b7670c09485ce83869a287ef51dcb59c,jbpm-case-mgmt/jbpm-case-mgmt-impl,org.jbpm.casemgmt.impl.CMMNCaseTest.testStartDataMappingHumanTaskCase,ID,,,
https://github.com/kiegroup/jbpm,f7e80e82b7670c09485ce83869a287ef51dcb59c,jbpm-case-mgmt/jbpm-case-mgmt-impl,org.jbpm.casemgmt.impl.CMMNCaseTest.testStartDMNDecisionTaskCase,ID,,,
https://github.com/kiegroup/jbpm,f7e80e82b7670c09485ce83869a287ef51dcb59c,jbpm-case-mgmt/jbpm-case-mgmt-impl,org.jbpm.casemgmt.impl.CMMNCaseTest.testStartDMNDecisionTaskCaseApprovalRequired,ID,,,
https://github.com/kiegroup/jbpm,f7e80e82b7670c09485ce83869a287ef51dcb59c,jbpm-case-mgmt/jbpm-case-mgmt-impl,org.jbpm.casemgmt.impl.CMMNCaseTest.testStartDMNDecisionTaskCaseNoApprovalRequired,ID,,,
https://github.com/kiegroup/jbpm,f7e80e82b7670c09485ce83869a287ef51dcb59c,jbpm-case-mgmt/jbpm-case-mgmt-impl,org.jbpm.casemgmt.impl.CMMNCaseTest.testStartHumanTaskByCompletingAnotherOneCase,ID,,,
https://github.com/kiegroup/jbpm,f7e80e82b7670c09485ce83869a287ef51dcb59c,jbpm-case-mgmt/jbpm-case-mgmt-impl,org.jbpm.casemgmt.impl.CMMNCaseTest.testStartHumanTaskRuleSentryCase,ID,,,
https://github.com/kiegroup/jbpm,f7e80e82b7670c09485ce83869a287ef51dcb59c,jbpm-case-mgmt/jbpm-case-mgmt-impl,org.jbpm.casemgmt.impl.CMMNCaseTest.testStartMilestoneAndHumanTaskCase,ID,,,
https://github.com/kiegroup/jbpm,f7e80e82b7670c09485ce83869a287ef51dcb59c,jbpm-case-mgmt/jbpm-case-mgmt-impl,org.jbpm.casemgmt.impl.CMMNCaseTest.testStartStageAndHumanTaskCase,ID,,,
https://github.com/kiegroup/jbpm,f7e80e82b7670c09485ce83869a287ef51dcb59c,jbpm-case-mgmt/jbpm-case-mgmt-impl,org.jbpm.casemgmt.impl.CMMNOrderITHardwareCaseTest.testStartOrderITHardwareCase,ID,,,
https://github.com/kiegroup/jbpm,f7e80e82b7670c09485ce83869a287ef51dcb59c,jbpm-case-mgmt/jbpm-case-mgmt-impl,org.jbpm.casemgmt.impl.CMMNOrderITHardwareCaseTest.testStartOrderITHardwareCaseManagerRejected,ID,,,
https://github.com/kiegroup/jbpm,f7e80e82b7670c09485ce83869a287ef51dcb59c,jbpm-case-mgmt/jbpm-case-mgmt-impl,org.jbpm.casemgmt.impl.event.CommentNotificationEventListenerTest.testNotificationOnCommentAdded,ID,,,
https://github.com/kiegroup/jbpm,f7e80e82b7670c09485ce83869a287ef51dcb59c,jbpm-case-mgmt/jbpm-case-mgmt-impl,org.jbpm.casemgmt.impl.event.CommentNotificationEventListenerTest.testNotificationOnCommentAddedWithRawBody,ID,,,
https://github.com/kiegroup/jbpm,f7e80e82b7670c09485ce83869a287ef51dcb59c,jbpm-case-mgmt/jbpm-case-mgmt-impl,org.jbpm.casemgmt.impl.StageActivationConditionTest.testAutoComplete,ID,,,
https://github.com/kiegroup/jbpm,f7e80e82b7670c09485ce83869a287ef51dcb59c,jbpm-case-mgmt/jbpm-case-mgmt-impl,org.jbpm.casemgmt.impl.StageActivationConditionTest.testAutoCompleteCheckActivationData,ID,,,
https://github.com/kiegroup/jbpm,f7e80e82b7670c09485ce83869a287ef51dcb59c,jbpm-case-mgmt/jbpm-case-mgmt-impl,org.jbpm.casemgmt.impl.StageActivationConditionTest.testReopenWithCaseFileReevaluation,ID,,,
https://github.com/kiegroup/jbpm,f7e80e82b7670c09485ce83869a287ef51dcb59c,jbpm-case-mgmt/jbpm-case-mgmt-impl,org.jbpm.casemgmt.impl.StageCancelTest.testCancelStageAutoComplete,ID,,,
https://github.com/kiegroup/jbpm,f7e80e82b7670c09485ce83869a287ef51dcb59c,jbpm-case-mgmt/jbpm-case-mgmt-impl,org.jbpm.casemgmt.impl.StageCancelTest.testCancelStageForMultiInstanceStages,ID,,,
https://github.com/kiegroup/jbpm,f7e80e82b7670c09485ce83869a287ef51dcb59c,jbpm-case-mgmt/jbpm-case-mgmt-impl,org.jbpm.casemgmt.impl.StageCancelTest.testCancelStageNoAutoComplete,ID,,,
https://github.com/kiegroup/jbpm,f7e80e82b7670c09485ce83869a287ef51dcb59c,jbpm-case-mgmt/jbpm-case-mgmt-impl,org.jbpm.casemgmt.impl.StageCompletionConditionTest.testAutoComplete,ID,,,
https://github.com/kiegroup/jbpm,f7e80e82b7670c09485ce83869a287ef51dcb59c,jbpm-case-mgmt/jbpm-case-mgmt-impl,org.jbpm.casemgmt.impl.StageCompletionConditionTest.testAutoCompleteDynamicSubProcess,ID,,,
https://github.com/kiegroup/jbpm,f7e80e82b7670c09485ce83869a287ef51dcb59c,jbpm-case-mgmt/jbpm-case-mgmt-impl,org.jbpm.casemgmt.impl.StageCompletionConditionTest.testAutoCompleteDynamicTask,ID,,,
https://github.com/kiegroup/jbpm,f7e80e82b7670c09485ce83869a287ef51dcb59c,jbpm-case-mgmt/jbpm-case-mgmt-impl,org.jbpm.casemgmt.impl.StageCompletionConditionTest.testAutoCompleteNoAutoStartTask,ID,,,
https://github.com/kiegroup/jbpm,f7e80e82b7670c09485ce83869a287ef51dcb59c,jbpm-case-mgmt/jbpm-case-mgmt-impl,org.jbpm.casemgmt.impl.StageCompletionConditionTest.testAutoCompleteNoAutoStartTaskAdHocInNotExistingStage,ID,,,
https://github.com/kiegroup/jbpm,f7e80e82b7670c09485ce83869a287ef51dcb59c,jbpm-case-mgmt/jbpm-case-mgmt-impl,org.jbpm.casemgmt.impl.StageCompletionConditionTest.testAutoCompleteNoAutoStartTaskAdHocInStage,ID,,,
https://github.com/kiegroup/jbpm,f7e80e82b7670c09485ce83869a287ef51dcb59c,jbpm-case-mgmt/jbpm-case-mgmt-impl,org.jbpm.casemgmt.impl.StageCompletionConditionTest.testAutoCompleteNoAutoStartTaskNotExistingAdHocInStage,ID,,,
https://github.com/kiegroup/jbpm,f7e80e82b7670c09485ce83869a287ef51dcb59c,jbpm-case-mgmt/jbpm-case-mgmt-impl,org.jbpm.casemgmt.impl.StageCompletionConditionTest.testCaseDataVariableBoolean,ID,,,
https://github.com/kiegroup/jbpm,f7e80e82b7670c09485ce83869a287ef51dcb59c,jbpm-case-mgmt/jbpm-case-mgmt-impl,org.jbpm.casemgmt.impl.StageCompletionConditionTest.testCaseDataVariableCompleteTask,ID,,,
https://github.com/kiegroup/jbpm,f7e80e82b7670c09485ce83869a287ef51dcb59c,jbpm-case-mgmt/jbpm-case-mgmt-impl,org.jbpm.casemgmt.impl.StageCompletionConditionTest.testCaseDataVariableInteger,ID,,,
https://github.com/kiegroup/jbpm,f7e80e82b7670c09485ce83869a287ef51dcb59c,jbpm-case-mgmt/jbpm-case-mgmt-impl,org.jbpm.casemgmt.impl.StageCompletionConditionTest.testCaseDataVariableString,ID,,,
https://github.com/kiegroup/jbpm,f7e80e82b7670c09485ce83869a287ef51dcb59c,jbpm-case-mgmt/jbpm-case-mgmt-impl,org.jbpm.casemgmt.impl.StageCompletionConditionTest.testCaseFileVariable,ID,,,
https://github.com/kiegroup/jbpm,f7e80e82b7670c09485ce83869a287ef51dcb59c,jbpm-case-mgmt/jbpm-case-mgmt-impl,org.jbpm.casemgmt.impl.StageCompletionConditionTest.testCaseFileVariableWithoutPrefix,ID,,,
https://github.com/kiegroup/jbpm,f7e80e82b7670c09485ce83869a287ef51dcb59c,jbpm-case-mgmt/jbpm-case-mgmt-impl,org.jbpm.casemgmt.impl.StageCompletionConditionTest.testCaseFileVariableWithProcessVariable,ID,,,
https://github.com/kiegroup/jbpm,f7e80e82b7670c09485ce83869a287ef51dcb59c,jbpm-case-mgmt/jbpm-case-mgmt-impl,org.jbpm.casemgmt.impl.StageCompletionConditionTest.testNoActiveTasksCondition,ID,,,
https://github.com/kiegroup/jbpm,f7e80e82b7670c09485ce83869a287ef51dcb59c,jbpm-case-mgmt/jbpm-case-mgmt-impl,org.jbpm.casemgmt.impl.StageCompletionConditionTest.testProcessVariable,ID,,,
https://github.com/kiegroup/jbpm,f7e80e82b7670c09485ce83869a287ef51dcb59c,jbpm-case-mgmt/jbpm-case-mgmt-impl,org.jbpm.casemgmt.impl.SubCaseServiceImplTest.testCaseWithSubCaseQuery,ID,,,
https://github.com/kiegroup/jbpm,f7e80e82b7670c09485ce83869a287ef51dcb59c,jbpm-case-mgmt/jbpm-case-mgmt-impl,org.jbpm.casemgmt.impl.SubCaseServiceImplTest.testStartCaseWithDynamicSubCaseAbortMainCase,ID,,,
https://github.com/kiegroup/jbpm,f7e80e82b7670c09485ce83869a287ef51dcb59c,jbpm-case-mgmt/jbpm-case-mgmt-impl,org.jbpm.casemgmt.impl.SubCaseServiceImplTest.testStartCaseWithDynamicSubCaseCancelSubCase,ID,,,
https://github.com/kiegroup/jbpm,f7e80e82b7670c09485ce83869a287ef51dcb59c,jbpm-case-mgmt/jbpm-case-mgmt-impl,org.jbpm.casemgmt.impl.SubCaseServiceImplTest.testStartCaseWithDynamicSubCaseCloseSubCase,ID,,,
https://github.com/kiegroup/jbpm,f7e80e82b7670c09485ce83869a287ef51dcb59c,jbpm-case-mgmt/jbpm-case-mgmt-impl,org.jbpm.casemgmt.impl.SubCaseServiceImplTest.testStartCaseWithDynamicSubCaseDestroySubCase,ID,,,
https://github.com/kiegroup/jbpm,f7e80e82b7670c09485ce83869a287ef51dcb59c,jbpm-case-mgmt/jbpm-case-mgmt-impl,org.jbpm.casemgmt.impl.SubCaseServiceImplTest.testStartCaseWithIndependentDynamicSubCaseAbortMainCase,ID,,,
https://github.com/kiegroup/jbpm,f7e80e82b7670c09485ce83869a287ef51dcb59c,jbpm-case-mgmt/jbpm-case-mgmt-impl,org.jbpm.casemgmt.impl.SubCaseServiceImplTest.testStartCaseWithIndependentDynamicSubCaseCancelSubCase,ID,,,
https://github.com/kiegroup/jbpm,f7e80e82b7670c09485ce83869a287ef51dcb59c,jbpm-case-mgmt/jbpm-case-mgmt-impl,org.jbpm.casemgmt.impl.SubCaseServiceImplTest.testStartCaseWithIndependentDynamicSubCaseCloseSubCase,ID,,,
https://github.com/kiegroup/jbpm,f7e80e82b7670c09485ce83869a287ef51dcb59c,jbpm-case-mgmt/jbpm-case-mgmt-impl,org.jbpm.casemgmt.impl.SubCaseServiceImplTest.testStartCaseWithIndependentDynamicSubCaseDestroySubCase,ID,,,
https://github.com/kiegroup/jbpm,f7e80e82b7670c09485ce83869a287ef51dcb59c,jbpm-case-mgmt/jbpm-case-mgmt-impl,org.jbpm.casemgmt.impl.SubCaseServiceImplTest.testStartCaseWithSubCaseAbortProcessInstanceOfSubCase,ID,,,
https://github.com/kiegroup/jbpm,f7e80e82b7670c09485ce83869a287ef51dcb59c,jbpm-case-mgmt/jbpm-case-mgmt-impl,org.jbpm.casemgmt.impl.SubCaseServiceImplTest.testStartCaseWithSubCaseDestroySubCase,ID,,,
https://github.com/kiegroup/jbpm,f7e80e82b7670c09485ce83869a287ef51dcb59c,jbpm-case-mgmt/jbpm-case-mgmt-impl,org.jbpm.casemgmt.impl.SubCaseServiceImplTest.testStartProcessWithSubCaseDestroySubCase,ID,,,
https://github.com/kiegroup/jbpm,f7e80e82b7670c09485ce83869a287ef51dcb59c,jbpm-runtime-manager,org.jbpm.runtime.manager.impl.deploy.DeploymentDescriptorManagerTest.roundTripDescriptorMarshallingTest,ID,,,
https://github.com/kiegroup/jbpm,f7e80e82b7670c09485ce83869a287ef51dcb59c,jbpm-runtime-manager,org.jbpm.runtime.manager.impl.deploy.RuntimeManagerWithDescriptorTest.testDeployWithFullCustomDeploymentDescriptor,ID,,,
https://github.com/LinShunKang/MyPerf4J,4c0a98d8f0f93733b0fddbb2b4b3dd4edd32470d,MyPerf4J-Base,cn.myperf4j.base.influxdb.InfluxDbV2ClientTest.testWrite,ID,,,
https://github.com/netty/netty,0a3df28b2d8ed7b2f4f5389c81b2306c055e4762,buffer,io.netty.buffer.AdaptiveByteBufAllocatorTest.jfrBufferAllocation,ID,,,Root cause traced to OpenJDK-JFR: built-in JFR event field ordering is non-deterministic. Methods like `getDeclaredFields` are used in multiple places in JFR's metadata builder or ASM code; e.g. `getVisibleEventFields`.
https://github.com/netty/netty,0a3df28b2d8ed7b2f4f5389c81b2306c055e4762,buffer,io.netty.buffer.AdaptiveByteBufAllocatorTest.jfrBufferAllocationThreadLocal,ID,,,Root cause traced to OpenJDK-JFR: built-in JFR event field ordering is non-deterministic. Methods like `getDeclaredFields` are used in multiple places in JFR's metadata builder or ASM code; e.g. `getVisibleEventFields`.
https://github.com/netty/netty,0a3df28b2d8ed7b2f4f5389c81b2306c055e4762,buffer,io.netty.buffer.AdaptiveByteBufAllocatorTest.jfrChunkAllocation,ID,,,Root cause traced to OpenJDK-JFR: built-in JFR event field ordering is non-deterministic. Methods like `getDeclaredFields` are used in multiple places in JFR's metadata builder or ASM code; e.g. `getVisibleEventFields`.
https://github.com/netty/netty,0a3df28b2d8ed7b2f4f5389c81b2306c055e4762,buffer,io.netty.buffer.AdaptiveByteBufAllocatorTest.shouldCreateTwoChunks,ID,,,Root cause traced to OpenJDK-JFR: built-in JFR event field ordering is non-deterministic. Methods like `getDeclaredFields` are used in multiple places in JFR's metadata builder or ASM code; e.g. `getVisibleEventFields`.
https://github.com/netty/netty,0a3df28b2d8ed7b2f4f5389c81b2306c055e4762,buffer,io.netty.buffer.AdaptiveByteBufAllocatorTest.shouldReuseTheSameChunk,ID,,,Root cause traced to OpenJDK-JFR: built-in JFR event field ordering is non-deterministic. Methods like `getDeclaredFields` are used in multiple places in JFR's metadata builder or ASM code; e.g. `getVisibleEventFields`.
https://github.com/netty/netty,0a3df28b2d8ed7b2f4f5389c81b2306c055e4762,buffer,io.netty.buffer.AdaptiveByteBufAllocatorUseCacheForNonEventLoopThreadsTest.jfrBufferAllocation,ID,,,Root cause traced to OpenJDK-JFR: built-in JFR event field ordering is non-deterministic. Methods like `getDeclaredFields` are used in multiple places in JFR's metadata builder or ASM code; e.g. `getVisibleEventFields`.
https://github.com/netty/netty,0a3df28b2d8ed7b2f4f5389c81b2306c055e4762,buffer,io.netty.buffer.AdaptiveByteBufAllocatorUseCacheForNonEventLoopThreadsTest.jfrBufferAllocationThreadLocal,ID,,,Root cause traced to OpenJDK-JFR: built-in JFR event field ordering is non-deterministic. Methods like `getDeclaredFields` are used in multiple places in JFR's metadata builder or ASM code; e.g. `getVisibleEventFields`.
https://github.com/netty/netty,0a3df28b2d8ed7b2f4f5389c81b2306c055e4762,buffer,io.netty.buffer.AdaptiveByteBufAllocatorUseCacheForNonEventLoopThreadsTest.jfrChunkAllocation,ID,,,Root cause traced to OpenJDK-JFR: built-in JFR event field ordering is non-deterministic. Methods like `getDeclaredFields` are used in multiple places in JFR's metadata builder or ASM code; e.g. `getVisibleEventFields`.
https://github.com/netty/netty,0a3df28b2d8ed7b2f4f5389c81b2306c055e4762,buffer,io.netty.buffer.AdaptiveByteBufAllocatorUseCacheForNonEventLoopThreadsTest.shouldCreateTwoChunks,ID,,,Root cause traced to OpenJDK-JFR: built-in JFR event field ordering is non-deterministic. Methods like `getDeclaredFields` are used in multiple places in JFR's metadata builder or ASM code; e.g. `getVisibleEventFields`.
https://github.com/netty/netty,0a3df28b2d8ed7b2f4f5389c81b2306c055e4762,buffer,io.netty.buffer.AdaptiveByteBufAllocatorUseCacheForNonEventLoopThreadsTest.shouldReuseTheSameChunk,ID,,,Root cause traced to OpenJDK-JFR: built-in JFR event field ordering is non-deterministic. Methods like `getDeclaredFields` are used in multiple places in JFR's metadata builder or ASM code; e.g. `getVisibleEventFields`.
https://github.com/netty/netty,0a3df28b2d8ed7b2f4f5389c81b2306c055e4762,buffer,io.netty.buffer.AlignedPooledByteBufAllocatorTest.jfrBufferAllocation,ID,,,Root cause traced to OpenJDK-JFR: built-in JFR event field ordering is non-deterministic. Methods like `getDeclaredFields` are used in multiple places in JFR's metadata builder or ASM code; e.g. `getVisibleEventFields`.
https://github.com/netty/netty,0a3df28b2d8ed7b2f4f5389c81b2306c055e4762,buffer,io.netty.buffer.AlignedPooledByteBufAllocatorTest.jfrBufferAllocationThreadLocal,ID,,,Root cause traced to OpenJDK-JFR: built-in JFR event field ordering is non-deterministic. Methods like `getDeclaredFields` are used in multiple places in JFR's metadata builder or ASM code; e.g. `getVisibleEventFields`.
https://github.com/netty/netty,0a3df28b2d8ed7b2f4f5389c81b2306c055e4762,buffer,io.netty.buffer.AlignedPooledByteBufAllocatorTest.jfrChunkAllocation,ID,,,Root cause traced to OpenJDK-JFR: built-in JFR event field ordering is non-deterministic. Methods like `getDeclaredFields` are used in multiple places in JFR's metadata builder or ASM code; e.g. `getVisibleEventFields`.
https://github.com/netty/netty,0a3df28b2d8ed7b2f4f5389c81b2306c055e4762,buffer,io.netty.buffer.AlignedPooledByteBufAllocatorTest.shouldCreateTwoChunks,ID,,,Root cause traced to OpenJDK-JFR: built-in JFR event field ordering is non-deterministic. Methods like `getDeclaredFields` are used in multiple places in JFR's metadata builder or ASM code; e.g. `getVisibleEventFields`.
https://github.com/netty/netty,0a3df28b2d8ed7b2f4f5389c81b2306c055e4762,buffer,io.netty.buffer.AlignedPooledByteBufAllocatorTest.shouldReuseTheSameChunk,ID,,,Root cause traced to OpenJDK-JFR: built-in JFR event field ordering is non-deterministic. Methods like `getDeclaredFields` are used in multiple places in JFR's metadata builder or ASM code; e.g. `getVisibleEventFields`.
https://github.com/netty/netty,0a3df28b2d8ed7b2f4f5389c81b2306c055e4762,buffer,io.netty.buffer.PooledByteBufAllocatorTest.jfrBufferAllocation,ID,,,Root cause traced to OpenJDK-JFR: built-in JFR event field ordering is non-deterministic. Methods like `getDeclaredFields` are used in multiple places in JFR's metadata builder or ASM code; e.g. `getVisibleEventFields`.
https://github.com/netty/netty,0a3df28b2d8ed7b2f4f5389c81b2306c055e4762,buffer,io.netty.buffer.PooledByteBufAllocatorTest.jfrBufferAllocationThreadLocal,ID,,,Root cause traced to OpenJDK-JFR: built-in JFR event field ordering is non-deterministic. Methods like `getDeclaredFields` are used in multiple places in JFR's metadata builder or ASM code; e.g. `getVisibleEventFields`.
https://github.com/netty/netty,0a3df28b2d8ed7b2f4f5389c81b2306c055e4762,buffer,io.netty.buffer.PooledByteBufAllocatorTest.jfrChunkAllocation,ID,,,Root cause traced to OpenJDK-JFR: built-in JFR event field ordering is non-deterministic. Methods like `getDeclaredFields` are used in multiple places in JFR's metadata builder or ASM code; e.g. `getVisibleEventFields`.
https://github.com/netty/netty,0a3df28b2d8ed7b2f4f5389c81b2306c055e4762,buffer,io.netty.buffer.PooledByteBufAllocatorTest.shouldCreateTwoChunks,ID,,,Root cause traced to OpenJDK-JFR: built-in JFR event field ordering is non-deterministic. Methods like `getDeclaredFields` are used in multiple places in JFR's metadata builder or ASM code; e.g. `getVisibleEventFields`.
https://github.com/netty/netty,0a3df28b2d8ed7b2f4f5389c81b2306c055e4762,buffer,io.netty.buffer.PooledByteBufAllocatorTest.shouldReuseTheSameChunk,ID,,,Root cause traced to OpenJDK-JFR: built-in JFR event field ordering is non-deterministic. Methods like `getDeclaredFields` are used in multiple places in JFR's metadata builder or ASM code; e.g. `getVisibleEventFields`.
https://github.com/primefaces/primefaces,07144423145bdc9b43483158cdc1af9705cfe5f4,primefaces,org.primefaces.context.PrimePartialResponseWriterTest.encodeJSONObject,ID,,,
https://github.com/quarkusio/quarkus,842924c270d47ee7b350f4dd59df47586854beeb,extensions/vertx/deployment,io.quarkus.vertx.DuplicatedContextTest.testThatBlockingEventConsumersAreCalledOnDuplicatedContext,ID,,,
https://github.com/quarkusio/quarkus-quickstarts,6d72b2d9850077d2077a7cf7dba99a857a910479,infinispan-client-quickstart,org.acme.infinispan.client.InfinispanGreetingResourceTest.testHelloEndpoint,ID,,,
https://github.com/SAP/fosstars-rating-core,6f37921610ee0d8438b9ec8adc8b02f88a17f992,.,com.sap.oss.phosphor.fosstars.model.tuning.TuningWithCMAESTest.testWithSimpleTestVectors,ID,,,
https://github.com/spring-cloud/spring-cloud-consul,b6e808610684d47b42511f64ff195628994ed57f,spring-cloud-consul-discovery,org.springframework.cloud.consul.discovery.configclient.ConsulConfigServerBootstrapperTests.consulDiscoveryClientNotEnabledProvidesEmptyList,ID,,,
https://github.com/spring-cloud/spring-cloud-consul,b6e808610684d47b42511f64ff195628994ed57f,spring-cloud-consul-discovery,org.springframework.cloud.consul.discovery.configclient.ConsulConfigServerBootstrapperTests.enabledAddsInstanceProviderFn,ID,,,
https://github.com/spring-cloud/spring-cloud-consul,b6e808610684d47b42511f64ff195628994ed57f,spring-cloud-consul-discovery,org.springframework.cloud.consul.discovery.configclient.ConsulConfigServerBootstrapperTests.notEnabledDoesNotAddInstanceProviderFn,ID,,,
https://github.com/spring-cloud/spring-cloud-consul,b6e808610684d47b42511f64ff195628994ed57f,spring-cloud-consul-discovery,org.springframework.cloud.consul.discovery.configclient.ConsulConfigServerBootstrapperTests.springCloudDiscoveryClientNotEnabledProvidesEmptyList,ID,,,
https://github.com/spring-cloud/spring-cloud-consul,b6e808610684d47b42511f64ff195628994ed57f,spring-cloud-consul-discovery,org.springframework.cloud.consul.discovery.ConsulDiscoveryClientAclTests.getInstancesForSecondServiceWorks,ID,,,
https://github.com/spring-cloud/spring-cloud-consul,b6e808610684d47b42511f64ff195628994ed57f,spring-cloud-consul-discovery,org.springframework.cloud.consul.discovery.ConsulDiscoveryClientAclTests.getInstancesForThisServiceWorks,ID,,,
https://github.com/spring-cloud/spring-cloud-consul,b6e808610684d47b42511f64ff195628994ed57f,spring-cloud-consul-discovery,org.springframework.cloud.consul.discovery.ConsulDiscoveryClientCustomizedTests.getInstancesForServiceWorks,ID,,,
https://github.com/spring-cloud/spring-cloud-consul,b6e808610684d47b42511f64ff195628994ed57f,spring-cloud-consul-discovery,org.springframework.cloud.consul.discovery.ConsulDiscoveryClientCustomizedTests.getMetadataWorks,ID,,,
https://github.com/spring-cloud/spring-cloud-consul,b6e808610684d47b42511f64ff195628994ed57f,spring-cloud-consul-discovery,org.springframework.cloud.consul.discovery.ConsulDiscoveryClientHttpsTests.getInstancesForServiceWorks,ID,,,
https://github.com/spring-cloud/spring-cloud-consul,b6e808610684d47b42511f64ff195628994ed57f,spring-cloud-consul-discovery,org.springframework.cloud.consul.discovery.ConsulDiscoveryClientNoPortTests.contextLoads,ID,,,
https://github.com/spring-cloud/spring-cloud-consul,b6e808610684d47b42511f64ff195628994ed57f,spring-cloud-consul-discovery,org.springframework.cloud.consul.discovery.ConsulDiscoveryClientQueryTagsTests.multipleConflictingMatchingTagsSpecifiedOnServerListQueryTagsProperty,ID,,,
https://github.com/spring-cloud/spring-cloud-consul,b6e808610684d47b42511f64ff195628994ed57f,spring-cloud-consul-discovery,org.springframework.cloud.consul.discovery.ConsulDiscoveryClientQueryTagsTests.multipleNonMatchingTagsSpecifiedOnDefaultQueryTagProperty,ID,,,
https://github.com/spring-cloud/spring-cloud-consul,b6e808610684d47b42511f64ff195628994ed57f,spring-cloud-consul-discovery,org.springframework.cloud.consul.discovery.ConsulDiscoveryClientQueryTagsTests.singleMatchingTagSpecifiedOnDefaultQueryTagProperty,ID,,,
https://github.com/spring-cloud/spring-cloud-consul,b6e808610684d47b42511f64ff195628994ed57f,spring-cloud-consul-discovery,org.springframework.cloud.consul.discovery.ConsulDiscoveryClientQueryTagsTests.singleTagSpecifiedOnServerListQueryTagsProperty,ID,,,
https://github.com/spring-cloud/spring-cloud-consul,b6e808610684d47b42511f64ff195628994ed57f,spring-cloud-consul-discovery,org.springframework.cloud.consul.discovery.ConsulDiscoveryClientTests.getInstancesForServiceRespectsQueryParams,ID,,,
https://github.com/spring-cloud/spring-cloud-consul,b6e808610684d47b42511f64ff195628994ed57f,spring-cloud-consul-discovery,org.springframework.cloud.consul.discovery.ConsulDiscoveryClientTests.getInstancesForServiceWorks,ID,,,
https://github.com/spring-cloud/spring-cloud-consul,b6e808610684d47b42511f64ff195628994ed57f,spring-cloud-consul-discovery,org.springframework.cloud.consul.discovery.ConsulDiscoveryClientTests.probeWorks,ID,,,
https://github.com/spring-cloud/spring-cloud-consul,b6e808610684d47b42511f64ff195628994ed57f,spring-cloud-consul-discovery,org.springframework.cloud.consul.discovery.ConsulLoadbalancerClientTests.chooseWorks,ID,,,
https://github.com/spring-cloud/spring-cloud-consul,b6e808610684d47b42511f64ff195628994ed57f,spring-cloud-consul-discovery,org.springframework.cloud.consul.serviceregistry.ConsulAutoRegistrationHealthCheckTlsSkipVerifyTests.contextLoads,ID,,,
https://github.com/spring-cloud/spring-cloud-consul,b6e808610684d47b42511f64ff195628994ed57f,spring-cloud-consul-discovery,org.springframework.cloud.consul.serviceregistry.ConsulAutoServiceDeRegistrationDisabledTests.contextLoads,ID,,,
https://github.com/spring-cloud/spring-cloud-consul,b6e808610684d47b42511f64ff195628994ed57f,spring-cloud-consul-discovery,org.springframework.cloud.consul.serviceregistry.ConsulAutoServiceRegistrationCustomizedDiscoveryPortTests.contextLoads,ID,,,
https://github.com/spring-cloud/spring-cloud-consul,b6e808610684d47b42511f64ff195628994ed57f,spring-cloud-consul-discovery,org.springframework.cloud.consul.serviceregistry.ConsulAutoServiceRegistrationCustomizedInstanceGroupTests.contextLoads,ID,,,
https://github.com/spring-cloud/spring-cloud-consul,b6e808610684d47b42511f64ff195628994ed57f,spring-cloud-consul-discovery,org.springframework.cloud.consul.serviceregistry.ConsulAutoServiceRegistrationCustomizedManagementServicePortTests.contextLoads,ID,,,
https://github.com/spring-cloud/spring-cloud-consul,b6e808610684d47b42511f64ff195628994ed57f,spring-cloud-consul-discovery,org.springframework.cloud.consul.serviceregistry.ConsulAutoServiceRegistrationCustomizedTests.usesCustomConsulLifecycle,ID,,,
https://github.com/spring-cloud/spring-cloud-consul,b6e808610684d47b42511f64ff195628994ed57f,spring-cloud-consul-discovery,org.springframework.cloud.consul.serviceregistry.ConsulAutoServiceRegistrationDefaultPortTests.contextLoads,ID,,,
https://github.com/spring-cloud/spring-cloud-consul,b6e808610684d47b42511f64ff195628994ed57f,spring-cloud-consul-discovery,org.springframework.cloud.consul.serviceregistry.ConsulAutoServiceRegistrationDisabledTests.disabledViaConsulProperty,ID,,,
https://github.com/spring-cloud/spring-cloud-consul,b6e808610684d47b42511f64ff195628994ed57f,spring-cloud-consul-discovery,org.springframework.cloud.consul.serviceregistry.ConsulAutoServiceRegistrationDisabledTests.disabledViaConsulServiceRegistryProperty,ID,,,
https://github.com/spring-cloud/spring-cloud-consul,b6e808610684d47b42511f64ff195628994ed57f,spring-cloud-consul-discovery,org.springframework.cloud.consul.serviceregistry.ConsulAutoServiceRegistrationDisabledTests.disabledViaSpringCloudProperty,ID,,,
https://github.com/spring-cloud/spring-cloud-consul,b6e808610684d47b42511f64ff195628994ed57f,spring-cloud-consul-discovery,org.springframework.cloud.consul.serviceregistry.ConsulAutoServiceRegistrationDisabledTests.disabledViaSpringCloudServiceRegistryProperty,ID,,,
https://github.com/spring-cloud/spring-cloud-consul,b6e808610684d47b42511f64ff195628994ed57f,spring-cloud-consul-discovery,org.springframework.cloud.consul.serviceregistry.ConsulAutoServiceRegistrationManagementCustomizerTests.contextLoads,ID,,,
https://github.com/spring-cloud/spring-cloud-consul,b6e808610684d47b42511f64ff195628994ed57f,spring-cloud-consul-discovery,org.springframework.cloud.consul.serviceregistry.ConsulAutoServiceRegistrationManagementDisabledServiceTests.contextLoads,ID,,,
https://github.com/spring-cloud/spring-cloud-consul,b6e808610684d47b42511f64ff195628994ed57f,spring-cloud-consul-discovery,org.springframework.cloud.consul.serviceregistry.ConsulAutoServiceRegistrationRetryTests.testRetry(CapturedOutput),ID,,,
https://github.com/spring-cloud/spring-cloud-consul,b6e808610684d47b42511f64ff195628994ed57f,spring-cloud-consul-discovery,org.springframework.cloud.consul.serviceregistry.ConsulAutoServiceRegistrationTests.contextLoads,ID,,,
https://github.com/spring-cloud/spring-cloud-consul,b6e808610684d47b42511f64ff195628994ed57f,spring-cloud-consul-discovery,org.springframework.cloud.consul.serviceregistry.ConsulAutoServiceRegistrationTests.normalizedFailsIfFirstCharIsNotAlpha,ID,,,
https://github.com/spring-cloud/spring-cloud-consul,b6e808610684d47b42511f64ff195628994ed57f,spring-cloud-consul-discovery,org.springframework.cloud.consul.serviceregistry.ConsulAutoServiceRegistrationTests.normalizedFailsIfFirstCharIsNumber,ID,,,
https://github.com/spring-cloud/spring-cloud-consul,b6e808610684d47b42511f64ff195628994ed57f,spring-cloud-consul-discovery,org.springframework.cloud.consul.serviceregistry.ConsulAutoServiceRegistrationTests.normalizedFailsIfLastCharIsNotAlphaNumeric,ID,,,
https://github.com/spring-cloud/spring-cloud-consul,b6e808610684d47b42511f64ff195628994ed57f,spring-cloud-consul-discovery,org.springframework.cloud.consul.serviceregistry.ConsulAutoServiceRegistrationTests.normalizeForDnsWorks,ID,,,
https://github.com/spring-cloud/spring-cloud-consul,b6e808610684d47b42511f64ff195628994ed57f,spring-cloud-consul-discovery,org.springframework.cloud.consul.serviceregistry.ConsulServiceRegistryDisabledTests.disabledViaConsulProperty,ID,,,
https://github.com/spring-cloud/spring-cloud-consul,b6e808610684d47b42511f64ff195628994ed57f,spring-cloud-consul-discovery,org.springframework.cloud.consul.serviceregistry.ConsulServiceRegistryDisabledTests.disabledViaSpringCloudProperty,ID,,,
https://github.com/spring-cloud/spring-cloud-consul,b6e808610684d47b42511f64ff195628994ed57f,spring-cloud-consul-discovery,org.springframework.cloud.consul.serviceregistry.ConsulServiceRegistryTests.contextLoads,ID,,,
https://github.com/spring-cloud/spring-cloud-netflix,47f989fa7bd1d2a2ed080d32d1c0e825ac358b64,spring-cloud-netflix-eureka-server,org.springframework.cloud.netflix.eureka.EurekaClientSuite.noCertCannotWork,ID,,,
https://github.com/spring-cloud/spring-cloud-netflix,47f989fa7bd1d2a2ed080d32d1c0e825ac358b64,spring-cloud-netflix-eureka-server,org.springframework.cloud.netflix.eureka.EurekaClientSuite.wrongPasswordCauseFailure,ID,,,
https://github.com/spring-cloud/spring-cloud-netflix,47f989fa7bd1d2a2ed080d32d1c0e825ac358b64,spring-cloud-netflix-eureka-server,org.springframework.cloud.netflix.eureka.server.ApplicationDashboardDisabledTests.catalogLoads,ID,,, 
https://github.com/spring-cloud/spring-cloud-netflix,47f989fa7bd1d2a2ed080d32d1c0e825ac358b64,spring-cloud-netflix-eureka-server,org.springframework.cloud.netflix.eureka.server.ApplicationDashboardPathTests.jsAvailable,ID,,,
https://github.com/spring-cloud/spring-cloud-netflix,47f989fa7bd1d2a2ed080d32d1c0e825ac358b64,spring-cloud-netflix-eureka-server,org.springframework.cloud.netflix.eureka.server.EurekaServerRefreshDisabledTests.appCatalogLoads,ID,,,
https://github.com/spring-cloud/spring-cloud-netflix,47f989fa7bd1d2a2ed080d32d1c0e825ac358b64,spring-cloud-netflix-eureka-server,org.springframework.cloud.netflix.eureka.server.InstanceRegistryTests.testDefaultLeaseDurationRegisterEvent,ID,,,
https://github.com/spring-cloud/spring-cloud-netflix,47f989fa7bd1d2a2ed080d32d1c0e825ac358b64,spring-cloud-netflix-eureka-server,org.springframework.cloud.netflix.eureka.server.RefreshablePeerEurekaNodesWithCustomFiltersTests.testCustomPeerNodesShouldTakePrecedenceOverDefault,ID,,,
https://github.com/spring-projects/spring-data-couchbase,6c6acf8ae2940a6e479c8cbe3413094d04a55aa1,.,org.springframework.data.couchbase.core.mapping.MappingCouchbaseConverterTests.idHasAnnotatedIdAndMultipleIdFields,ID,,,
https://github.com/spring-projects/spring-data-couchbase,8c1a24c61934fff283a540fa830aa516db9a1059,.,org.springframework.data.couchbase.core.mapping.MappingCouchbaseConverterTests.idHasAnnotatedIdAndMultipleIdFieldsReverse,ID,,,
https://github.com/swagger-api/swagger-core,8767cea022f53721e69f9dd47c22ccfd18f12100,modules/swagger-core,io.swagger.v3.core.resolving.InlineResolvingTest.testInlineResolving,ID,,,
https://github.com/swagger-api/swagger-core,0b327a6a466be492aad87dd9bd2ee88e12ad85e7,modules/swagger-java17-support,io.swagger.v3.java17.Reader.SchemaResolutionRecordsTest.testSchemaResolutionInlineWithRecords,ID,,,
https://github.com/wildfly/wildfly,8f6efd88aa07b3b0f3364c1bdb06f4409563a1e0,clustering/el/expressly,org.wildfly.clustering.el.expressly.lang.FunctionMapperImplMarshallerTestCase.test,ID,,,
https://github.com/winder/Universal-G-Code-Sender,061670e1be9b4e029f420c494cbd2b74caa052d3,ugs-platform/ugs-platform-ugscore,com.willwinder.ugs.nbp.core.services.ContinuousActionExecutorTest.longKeyPressAndChangeActionShouldAbortFirstAction,ID,,,
