https://github.com/abel533/Mapper,3c0b3307011fad53f811e08d05147d94fc6c0d67,base,tk.mybatis.mapper.test.able.TestBasicAble.testInsert,OD,,,https://github.com/TestingResearchIllinois/idoft/issues/90
https://github.com/abel533/Mapper,3c0b3307011fad53f811e08d05147d94fc6c0d67,base,tk.mybatis.mapper.test.country.TestInsertSelective.testDynamicInsertSelective,OD-Vic,,,https://github.com/TestingResearchIllinois/idoft/issues/90
https://github.com/abel533/Mapper,3c0b3307011fad53f811e08d05147d94fc6c0d67,base,tk.mybatis.mapper.test.country.TestInsertSelective.testDynamicInsertSelectiveNull,OD-Vic,,,https://github.com/TestingResearchIllinois/idoft/issues/90
https://github.com/abel533/Mapper,3c0b3307011fad53f811e08d05147d94fc6c0d67,base,tk.mybatis.mapper.test.country.TestSelectAll.testDynamicSelectPage,OD-Vic,,,https://github.com/TestingResearchIllinois/idoft/issues/90
https://github.com/abel533/Mapper,3c0b3307011fad53f811e08d05147d94fc6c0d67,base,tk.mybatis.mapper.test.country.TestSelectAll.testDynamicSelectPage2,OD-Vic,,,https://github.com/TestingResearchIllinois/idoft/issues/90
https://github.com/abel533/Mapper,3c0b3307011fad53f811e08d05147d94fc6c0d67,base,tk.mybatis.mapper.test.country.TestSelectByPrimaryKey.testDynamicSelectByPrimaryKey,OD-Vic,,,https://github.com/TestingResearchIllinois/idoft/issues/90
https://github.com/abel533/Mapper,3c0b3307011fad53f811e08d05147d94fc6c0d67,base,tk.mybatis.mapper.test.country.TestSelectByPrimaryKey.testDynamicSelectByPrimaryKey2,OD-Vic,,,https://github.com/TestingResearchIllinois/idoft/issues/90
https://github.com/abel533/Mapper,3c0b3307011fad53f811e08d05147d94fc6c0d67,base,tk.mybatis.mapper.test.country.TestSelectByPrimaryKey.testSelectByPrimaryKeyMap,OD-Vic,,,https://github.com/TestingResearchIllinois/idoft/issues/90
https://github.com/abel533/Mapper,3c0b3307011fad53f811e08d05147d94fc6c0d67,base,tk.mybatis.mapper.test.country.TestSelectCount.testDynamicSelect,OD-Vic,,,https://github.com/TestingResearchIllinois/idoft/issues/90
https://github.com/abel533/Mapper,3c0b3307011fad53f811e08d05147d94fc6c0d67,base,tk.mybatis.mapper.test.country.TestSelectCount.testDynamicSelectAllByNull,OD-Vic,,,https://github.com/TestingResearchIllinois/idoft/issues/90
https://github.com/abel533/Mapper,3c0b3307011fad53f811e08d05147d94fc6c0d67,base,tk.mybatis.mapper.test.country.TestSelectCount.testDynamicSelectCount,OD-Vic,,,https://github.com/TestingResearchIllinois/idoft/issues/90
https://github.com/abel533/Mapper,3c0b3307011fad53f811e08d05147d94fc6c0d67,base,tk.mybatis.mapper.test.country.TestSelectOne.testDynamicSelect,OD-Vic,,,https://github.com/TestingResearchIllinois/idoft/issues/90
https://github.com/abel533/Mapper,3c0b3307011fad53f811e08d05147d94fc6c0d67,base,tk.mybatis.mapper.test.country.TestSelectOne.testDynamicSelectAll,OD-Vic,,,https://github.com/TestingResearchIllinois/idoft/issues/90
https://github.com/abel533/Mapper,3c0b3307011fad53f811e08d05147d94fc6c0d67,base,tk.mybatis.mapper.test.country.TestSelectOne.testDynamicSelectAllByNull,OD-Vic,,,https://github.com/TestingResearchIllinois/idoft/issues/90
https://github.com/abel533/Mapper,3c0b3307011fad53f811e08d05147d94fc6c0d67,base,tk.mybatis.mapper.test.example.TestSelectCountByExample.testSelectCountByExample,OD-Vic,,,https://github.com/TestingResearchIllinois/idoft/issues/90
https://github.com/abel533/Mapper,3c0b3307011fad53f811e08d05147d94fc6c0d67,base,tk.mybatis.mapper.test.example.TestSelectCountByExample.testSelectCountByExample2,OD-Vic,,,https://github.com/TestingResearchIllinois/idoft/issues/90
https://github.com/abel533/Mapper,3c0b3307011fad53f811e08d05147d94fc6c0d67,base,tk.mybatis.mapper.test.example.TestSelectCountByExample.testSelectCountByExample3,OD-Vic,,,https://github.com/TestingResearchIllinois/idoft/issues/90
https://github.com/abel533/Mapper,3c0b3307011fad53f811e08d05147d94fc6c0d67,base,tk.mybatis.mapper.test.example.TestSelectCountByExample.testSelectCountByExampleForUpdate,OD-Vic,,,https://github.com/TestingResearchIllinois/idoft/issues/90
https://github.com/abel533/Mapper,3c0b3307011fad53f811e08d05147d94fc6c0d67,base,tk.mybatis.mapper.test.example.TestSelectOneByExample.testSelectByExample,OD-Vic,,,https://github.com/TestingResearchIllinois/idoft/issues/90
https://github.com/abel533/Mapper,3c0b3307011fad53f811e08d05147d94fc6c0d67,base,tk.mybatis.mapper.test.example.TestSelectOneByExample.testSelectOneByExampleException,OD-Vic,,,https://github.com/TestingResearchIllinois/idoft/issues/90
https://github.com/abel533/Mapper,3c0b3307011fad53f811e08d05147d94fc6c0d67,base,tk.mybatis.mapper.test.example.TestUpdateByExample.testUpdateByExample,OD-Vic,,,https://github.com/TestingResearchIllinois/idoft/issues/90
https://github.com/abel533/Mapper,3c0b3307011fad53f811e08d05147d94fc6c0d67,base,tk.mybatis.mapper.test.example.TestUpdateByExample.testUpdateByExample2,OD-Vic,,,https://github.com/TestingResearchIllinois/idoft/issues/90
https://github.com/abel533/Mapper,3c0b3307011fad53f811e08d05147d94fc6c0d67,base,tk.mybatis.mapper.test.example.TestUpdateByExampleSelective.testUpdateByExampleSelective,OD-Vic,,,https://github.com/TestingResearchIllinois/idoft/issues/90
https://github.com/abel533/Mapper,3c0b3307011fad53f811e08d05147d94fc6c0d67,base,tk.mybatis.mapper.test.example.TestUpdateByExampleSelective.testUpdateByExampleSelective2,OD-Vic,,,https://github.com/TestingResearchIllinois/idoft/issues/90
https://github.com/abel533/Mapper,3c0b3307011fad53f811e08d05147d94fc6c0d67,base,tk.mybatis.mapper.test.example.TestUpdateByExampleSelective.testUpdateByExampleSelective3,OD-Vic,,,https://github.com/TestingResearchIllinois/idoft/issues/90
https://github.com/abel533/Mapper,3c0b3307011fad53f811e08d05147d94fc6c0d67,base,tk.mybatis.mapper.test.ids.TestIds.testDeleteByIds,OD-Vic,,,https://github.com/TestingResearchIllinois/idoft/issues/90
https://github.com/abel533/Mapper,3c0b3307011fad53f811e08d05147d94fc6c0d67,base,tk.mybatis.mapper.test.ids.TestIds.testSelectByIds,OD-Vic,,,https://github.com/TestingResearchIllinois/idoft/issues/90
https://github.com/abel533/Mapper,3c0b3307011fad53f811e08d05147d94fc6c0d67,base,tk.mybatis.mapper.test.rowbounds.TestSelectRowBounds.testSelectByExample,OD-Vic,,,https://github.com/TestingResearchIllinois/idoft/issues/90
https://github.com/alibaba/alibabacloud-tairjedis-sdk,f6215930b9e21a5252c95296d9924b3c4524d9f6,.,com.aliyun.tair.tests.tairbloom.TairBloomPipelineTest.bfinsertPipelineTest,OD,,,
https://github.com/alibaba/alibabacloud-tairjedis-sdk,f6215930b9e21a5252c95296d9924b3c4524d9f6,.,com.aliyun.tair.tests.tairbloom.TairBloomTest.bfdebugException,OD,,,
https://github.com/alibaba/alibabacloud-tairjedis-sdk,f6215930b9e21a5252c95296d9924b3c4524d9f6,.,com.aliyun.tair.tests.tairbloom.TairBloomTest.bfreserveException,OD,,,
https://github.com/alibaba/alibabacloud-tairjedis-sdk,f6215930b9e21a5252c95296d9924b3c4524d9f6,.,com.aliyun.tair.tests.taircpc.TairCpcClusterTestNew.avgArrayTest,OD,,,
https://github.com/alibaba/alibabacloud-tairjedis-sdk,f6215930b9e21a5252c95296d9924b3c4524d9f6,.,com.aliyun.tair.tests.taircpc.TairCpcClusterTestNew.cpcMupdate2JudTest,OD,,,
https://github.com/alibaba/alibabacloud-tairjedis-sdk,f6215930b9e21a5252c95296d9924b3c4524d9f6,.,com.aliyun.tair.tests.taircpc.TairCpcClusterTestNew.maxTest,OD,,,
https://github.com/alibaba/alibabacloud-tairjedis-sdk,f6215930b9e21a5252c95296d9924b3c4524d9f6,.,com.aliyun.tair.tests.taircpc.TairCpcClusterTestNew.sumArrayTest,OD,,,
https://github.com/alibaba/alibabacloud-tairjedis-sdk,f6215930b9e21a5252c95296d9924b3c4524d9f6,.,com.aliyun.tair.tests.taircpc.TairCpcTestNew.cpcupdate2judTest,OD,,,
https://github.com/alibaba/alibabacloud-tairjedis-sdk,f6215930b9e21a5252c95296d9924b3c4524d9f6,.,com.aliyun.tair.tests.taircpc.TairCpcTestNew.cpcupdateTest,OD,,,
https://github.com/alibaba/alibabacloud-tairjedis-sdk,f6215930b9e21a5252c95296d9924b3c4524d9f6,.,com.aliyun.tair.tests.taircpc.TairCpcTestNew.firstTest,OD,,,
https://github.com/alibaba/alibabacloud-tairjedis-sdk,f6215930b9e21a5252c95296d9924b3c4524d9f6,.,com.aliyun.tair.tests.taircpc.TairCpcTestNew.maxTest,OD,,,
https://github.com/alibaba/alibabacloud-tairjedis-sdk,f6215930b9e21a5252c95296d9924b3c4524d9f6,.,com.aliyun.tair.tests.taircpc.TairCpcTestNew.minArrayTest,OD,,,
https://github.com/alibaba/alibabacloud-tairjedis-sdk,f6215930b9e21a5252c95296d9924b3c4524d9f6,.,com.aliyun.tair.tests.taircpc.TairCpcTestNew.minTest,OD,,,
https://github.com/alibaba/alibabacloud-tairjedis-sdk,f6215930b9e21a5252c95296d9924b3c4524d9f6,.,com.aliyun.tair.tests.taircpc.TairCpcTestNew.sketchesBatchWriteTest,OD,,,
https://github.com/alibaba/alibabacloud-tairjedis-sdk,f6215930b9e21a5252c95296d9924b3c4524d9f6,.,com.aliyun.tair.tests.taircpc.TairCpcTestNew.sumArrayTest,OD,,,
https://github.com/alibaba/alibabacloud-tairjedis-sdk,f6215930b9e21a5252c95296d9924b3c4524d9f6,.,com.aliyun.tair.tests.tairdoc.TairDocClusterTest.jsonarrinsertException,OD,,,
https://github.com/alibaba/alibabacloud-tairjedis-sdk,f6215930b9e21a5252c95296d9924b3c4524d9f6,.,com.aliyun.tair.tests.tairdoc.TairDocClusterTest.jsonArrinsertTest,OD,,,
https://github.com/alibaba/alibabacloud-tairjedis-sdk,f6215930b9e21a5252c95296d9924b3c4524d9f6,.,com.aliyun.tair.tests.tairdoc.TairDocClusterTest.jsonarrlenException,OD,,,
https://github.com/alibaba/alibabacloud-tairjedis-sdk,f6215930b9e21a5252c95296d9924b3c4524d9f6,.,com.aliyun.tair.tests.tairdoc.TairDocClusterTest.jsonarrtrimException,OD,,,
https://github.com/alibaba/alibabacloud-tairjedis-sdk,f6215930b9e21a5252c95296d9924b3c4524d9f6,.,com.aliyun.tair.tests.tairdoc.TairDocClusterTest.jsonGetTest,OD,,,
https://github.com/alibaba/alibabacloud-tairjedis-sdk,f6215930b9e21a5252c95296d9924b3c4524d9f6,.,com.aliyun.tair.tests.tairdoc.TairDocClusterTest.jsonMgetTest,OD,,,
https://github.com/alibaba/alibabacloud-tairjedis-sdk,f6215930b9e21a5252c95296d9924b3c4524d9f6,.,com.aliyun.tair.tests.tairdoc.TairDocClusterTest.jsonstrappendException,OD,,,
https://github.com/alibaba/alibabacloud-tairjedis-sdk,f6215930b9e21a5252c95296d9924b3c4524d9f6,.,com.aliyun.tair.tests.tairdoc.TairDocClusterTest.jsonStrappendTest,OD,,,
https://github.com/alibaba/alibabacloud-tairjedis-sdk,f6215930b9e21a5252c95296d9924b3c4524d9f6,.,com.aliyun.tair.tests.tairdoc.TairDocClusterTest.jsonTypeTest,OD,,,
https://github.com/alibaba/alibabacloud-tairjedis-sdk,f6215930b9e21a5252c95296d9924b3c4524d9f6,.,com.aliyun.tair.tests.tairdoc.TairDocPipelineTest.pipelineTest2,OD,,,
https://github.com/alibaba/alibabacloud-tairjedis-sdk,f6215930b9e21a5252c95296d9924b3c4524d9f6,.,com.aliyun.tair.tests.tairdoc.TairDocTest.jsonarrappendException,OD,,,
https://github.com/alibaba/alibabacloud-tairjedis-sdk,f6215930b9e21a5252c95296d9924b3c4524d9f6,.,com.aliyun.tair.tests.tairdoc.TairDocTest.jsonArrappendTest,OD,,,
https://github.com/alibaba/alibabacloud-tairjedis-sdk,f6215930b9e21a5252c95296d9924b3c4524d9f6,.,com.aliyun.tair.tests.tairdoc.TairDocTest.jsonArrinsertTest,OD,,,
https://github.com/alibaba/alibabacloud-tairjedis-sdk,f6215930b9e21a5252c95296d9924b3c4524d9f6,.,com.aliyun.tair.tests.tairdoc.TairDocTest.jsonArrlenTest2,OD,,,
https://github.com/alibaba/alibabacloud-tairjedis-sdk,f6215930b9e21a5252c95296d9924b3c4524d9f6,.,com.aliyun.tair.tests.tairdoc.TairDocTest.jsonmgetException,OD,,,
https://github.com/alibaba/alibabacloud-tairjedis-sdk,f6215930b9e21a5252c95296d9924b3c4524d9f6,.,com.aliyun.tair.tests.tairdoc.TairDocTest.jsonNumincrbyTest,OD,,,
https://github.com/alibaba/alibabacloud-tairjedis-sdk,f6215930b9e21a5252c95296d9924b3c4524d9f6,.,com.aliyun.tair.tests.tairdoc.TairDocTest.jsonSetTest,OD,,,
https://github.com/alibaba/alibabacloud-tairjedis-sdk,f6215930b9e21a5252c95296d9924b3c4524d9f6,.,com.aliyun.tair.tests.tairdoc.TairDocTest.jsonSetWithNXXXBinary,OD,,,
https://github.com/alibaba/alibabacloud-tairjedis-sdk,f6215930b9e21a5252c95296d9924b3c4524d9f6,.,com.aliyun.tair.tests.tairdoc.TairDocTest.jsonstrlenException,OD,,,
https://github.com/alibaba/alibabacloud-tairjedis-sdk,f6215930b9e21a5252c95296d9924b3c4524d9f6,.,com.aliyun.tair.tests.tairdoc.TairDocTest.jsontypeException,OD,,,
https://github.com/alibaba/alibabacloud-tairjedis-sdk,f6215930b9e21a5252c95296d9924b3c4524d9f6,.,com.aliyun.tair.tests.tairdoc.TairDocTest.jsonTypeTest,OD,,,
https://github.com/alibaba/alibabacloud-tairjedis-sdk,f6215930b9e21a5252c95296d9924b3c4524d9f6,.,com.aliyun.tair.tests.tairgis.TairGisClusterTest.gisdelKeyTypeErrorTest,OD,,,
https://github.com/alibaba/alibabacloud-tairjedis-sdk,f6215930b9e21a5252c95296d9924b3c4524d9f6,.,com.aliyun.tair.tests.tairgis.TairGisPipelineTest.gisContainsTest,OD,,,
https://github.com/alibaba/alibabacloud-tairjedis-sdk,f6215930b9e21a5252c95296d9924b3c4524d9f6,.,com.aliyun.tair.tests.tairgis.TairGisPipelineTest.gisContainsTest2,OD,,,
https://github.com/alibaba/alibabacloud-tairjedis-sdk,f6215930b9e21a5252c95296d9924b3c4524d9f6,.,com.aliyun.tair.tests.tairgis.TairGisPipelineTest.gisdelTest,OD,,,
https://github.com/alibaba/alibabacloud-tairjedis-sdk,f6215930b9e21a5252c95296d9924b3c4524d9f6,.,com.aliyun.tair.tests.tairgis.TairGisPipelineTest.gisSearchPipelineTest,OD,,,
https://github.com/alibaba/alibabacloud-tairjedis-sdk,f6215930b9e21a5252c95296d9924b3c4524d9f6,.,com.aliyun.tair.tests.tairgis.TairGisTest.gisdelException,OD,,,
https://github.com/alibaba/alibabacloud-tairjedis-sdk,f6215930b9e21a5252c95296d9924b3c4524d9f6,.,com.aliyun.tair.tests.tairgis.TairGisTest.gisdelKeyNotExistTest,OD,,,
https://github.com/alibaba/alibabacloud-tairjedis-sdk,f6215930b9e21a5252c95296d9924b3c4524d9f6,.,com.aliyun.tair.tests.tairgis.TairGisTest.gisdelValueNotExistsTest,OD,,,
https://github.com/alibaba/alibabacloud-tairjedis-sdk,f6215930b9e21a5252c95296d9924b3c4524d9f6,.,com.aliyun.tair.tests.tairgis.TairGisTest.gisGetallTest,OD,,,
https://github.com/alibaba/alibabacloud-tairjedis-sdk,f6215930b9e21a5252c95296d9924b3c4524d9f6,.,com.aliyun.tair.tests.tairgis.TairGisTest.gisgetException,OD,,,
https://github.com/alibaba/alibabacloud-tairjedis-sdk,f6215930b9e21a5252c95296d9924b3c4524d9f6,.,com.aliyun.tair.tests.tairgis.TairGisTest.gisSearchBigKeyTest,OD,,,
https://github.com/alibaba/alibabacloud-tairjedis-sdk,f6215930b9e21a5252c95296d9924b3c4524d9f6,.,com.aliyun.tair.tests.tairgis.TairGisTest.gissearchTest,OD,,,
https://github.com/alibaba/alibabacloud-tairjedis-sdk,f6215930b9e21a5252c95296d9924b3c4524d9f6,.,com.aliyun.tair.tests.tairhash.TairHashClusterTest.exhexpireAt,OD,,,
https://github.com/alibaba/alibabacloud-tairjedis-sdk,f6215930b9e21a5252c95296d9924b3c4524d9f6,.,com.aliyun.tair.tests.tairhash.TairHashClusterTest.exhget,OD,,,
https://github.com/alibaba/alibabacloud-tairjedis-sdk,f6215930b9e21a5252c95296d9924b3c4524d9f6,.,com.aliyun.tair.tests.tairhash.TairHashClusterTest.exhgetwithverException,OD,,,
https://github.com/alibaba/alibabacloud-tairjedis-sdk,f6215930b9e21a5252c95296d9924b3c4524d9f6,.,com.aliyun.tair.tests.tairhash.TairHashClusterTest.exhincrBy,OD,,,
https://github.com/alibaba/alibabacloud-tairjedis-sdk,f6215930b9e21a5252c95296d9924b3c4524d9f6,.,com.aliyun.tair.tests.tairhash.TairHashClusterTest.exhincrByFloatWithBoundary,OD,,,
https://github.com/alibaba/alibabacloud-tairjedis-sdk,f6215930b9e21a5252c95296d9924b3c4524d9f6,.,com.aliyun.tair.tests.tairhash.TairHashClusterTest.exhincrByFloatWithExpire,OD,,,
https://github.com/alibaba/alibabacloud-tairjedis-sdk,f6215930b9e21a5252c95296d9924b3c4524d9f6,.,com.aliyun.tair.tests.tairhash.TairHashClusterTest.exhincrByWithBoundary,OD,,,
https://github.com/alibaba/alibabacloud-tairjedis-sdk,f6215930b9e21a5252c95296d9924b3c4524d9f6,.,com.aliyun.tair.tests.tairhash.TairHashClusterTest.exhincrByWithExpire,OD,,,
https://github.com/alibaba/alibabacloud-tairjedis-sdk,f6215930b9e21a5252c95296d9924b3c4524d9f6,.,com.aliyun.tair.tests.tairhash.TairHashClusterTest.exhincrByWithVersion,OD,,,
https://github.com/alibaba/alibabacloud-tairjedis-sdk,f6215930b9e21a5252c95296d9924b3c4524d9f6,.,com.aliyun.tair.tests.tairhash.TairHashClusterTest.exhlenException,OD,,,
https://github.com/alibaba/alibabacloud-tairjedis-sdk,f6215930b9e21a5252c95296d9924b3c4524d9f6,.,com.aliyun.tair.tests.tairhash.TairHashClusterTest.exhmgetException,OD,,,
https://github.com/alibaba/alibabacloud-tairjedis-sdk,f6215930b9e21a5252c95296d9924b3c4524d9f6,.,com.aliyun.tair.tests.tairhash.TairHashClusterTest.exhmgetwithver,OD,,,
https://github.com/alibaba/alibabacloud-tairjedis-sdk,f6215930b9e21a5252c95296d9924b3c4524d9f6,.,com.aliyun.tair.tests.tairhash.TairHashClusterTest.exhmgetwithverException,OD,,,
https://github.com/alibaba/alibabacloud-tairjedis-sdk,f6215930b9e21a5252c95296d9924b3c4524d9f6,.,com.aliyun.tair.tests.tairhash.TairHashClusterTest.exhmset,OD,,,
https://github.com/alibaba/alibabacloud-tairjedis-sdk,f6215930b9e21a5252c95296d9924b3c4524d9f6,.,com.aliyun.tair.tests.tairhash.TairHashClusterTest.exhmsetException,OD,,,
https://github.com/alibaba/alibabacloud-tairjedis-sdk,f6215930b9e21a5252c95296d9924b3c4524d9f6,.,com.aliyun.tair.tests.tairhash.TairHashClusterTest.exhpexpireException,OD,,,
https://github.com/alibaba/alibabacloud-tairjedis-sdk,f6215930b9e21a5252c95296d9924b3c4524d9f6,.,com.aliyun.tair.tests.tairhash.TairHashClusterTest.exhscanTest,OD,,,
https://github.com/alibaba/alibabacloud-tairjedis-sdk,f6215930b9e21a5252c95296d9924b3c4524d9f6,.,com.aliyun.tair.tests.tairhash.TairHashClusterTest.exhset,OD,,,
https://github.com/alibaba/alibabacloud-tairjedis-sdk,f6215930b9e21a5252c95296d9924b3c4524d9f6,.,com.aliyun.tair.tests.tairhash.TairHashPipelineTest.exhexpirewitnoactivePipeline,OD,,,
https://github.com/alibaba/alibabacloud-tairjedis-sdk,f6215930b9e21a5252c95296d9924b3c4524d9f6,.,com.aliyun.tair.tests.tairhash.TairHashPipelineTest.exhincrByFloatWithExpirePipeline,OD,,,
https://github.com/alibaba/alibabacloud-tairjedis-sdk,f6215930b9e21a5252c95296d9924b3c4524d9f6,.,com.aliyun.tair.tests.tairhash.TairHashPipelineTest.exhincrByWithExpirePipeline,OD,,,
https://github.com/alibaba/alibabacloud-tairjedis-sdk,f6215930b9e21a5252c95296d9924b3c4524d9f6,.,com.aliyun.tair.tests.tairhash.TairHashPipelineTest.exhincrByWithVersionPipeline,OD,,,
https://github.com/alibaba/alibabacloud-tairjedis-sdk,f6215930b9e21a5252c95296d9924b3c4524d9f6,.,com.aliyun.tair.tests.tairhash.TairHashTest.exhexists,OD,,,
https://github.com/alibaba/alibabacloud-tairjedis-sdk,f6215930b9e21a5252c95296d9924b3c4524d9f6,.,com.aliyun.tair.tests.tairhash.TairHashTest.exhexpireAtWithNoActive,OD,,,
https://github.com/alibaba/alibabacloud-tairjedis-sdk,f6215930b9e21a5252c95296d9924b3c4524d9f6,.,com.aliyun.tair.tests.tairhash.TairHashTest.exhgetAllPipeline,OD,,,
https://github.com/alibaba/alibabacloud-tairjedis-sdk,f6215930b9e21a5252c95296d9924b3c4524d9f6,.,com.aliyun.tair.tests.tairhash.TairHashTest.exhkeysException,OD,,,
https://github.com/alibaba/alibabacloud-tairjedis-sdk,f6215930b9e21a5252c95296d9924b3c4524d9f6,.,com.aliyun.tair.tests.tairhash.TairHashTest.exhmget,OD,,,
https://github.com/alibaba/alibabacloud-tairjedis-sdk,f6215930b9e21a5252c95296d9924b3c4524d9f6,.,com.aliyun.tair.tests.tairhash.TairHashTest.exhmgetwithver,OD,,,
https://github.com/alibaba/alibabacloud-tairjedis-sdk,f6215930b9e21a5252c95296d9924b3c4524d9f6,.,com.aliyun.tair.tests.tairhash.TairHashTest.exhmgetwithverPipeline,OD,,,
https://github.com/alibaba/alibabacloud-tairjedis-sdk,f6215930b9e21a5252c95296d9924b3c4524d9f6,.,com.aliyun.tair.tests.tairhash.TairHashTest.exhmsetException,OD,,,
https://github.com/alibaba/alibabacloud-tairjedis-sdk,f6215930b9e21a5252c95296d9924b3c4524d9f6,.,com.aliyun.tair.tests.tairhash.TairHashTest.exhmsetwithopts,OD,,,
https://github.com/alibaba/alibabacloud-tairjedis-sdk,f6215930b9e21a5252c95296d9924b3c4524d9f6,.,com.aliyun.tair.tests.tairhash.TairHashTest.exhpexpireAtWithNoActive,OD,,,
https://github.com/alibaba/alibabacloud-tairjedis-sdk,f6215930b9e21a5252c95296d9924b3c4524d9f6,.,com.aliyun.tair.tests.tairhash.TairHashTest.exhpttlException,OD,,,
https://github.com/alibaba/alibabacloud-tairjedis-sdk,f6215930b9e21a5252c95296d9924b3c4524d9f6,.,com.aliyun.tair.tests.tairhash.TairHashTest.exhscanTest,OD,,,
https://github.com/alibaba/alibabacloud-tairjedis-sdk,f6215930b9e21a5252c95296d9924b3c4524d9f6,.,com.aliyun.tair.tests.tairhash.TairHashTest.exhsetnxException,OD,,,
https://github.com/alibaba/alibabacloud-tairjedis-sdk,f6215930b9e21a5252c95296d9924b3c4524d9f6,.,com.aliyun.tair.tests.tairhash.TairHashTest.exhsetparams,OD,,,
https://github.com/alibaba/alibabacloud-tairjedis-sdk,f6215930b9e21a5252c95296d9924b3c4524d9f6,.,com.aliyun.tair.tests.tairhash.TairHashTest.exhsetverException,OD,,,
https://github.com/alibaba/alibabacloud-tairjedis-sdk,f6215930b9e21a5252c95296d9924b3c4524d9f6,.,com.aliyun.tair.tests.tairhash.TairHashTest.exhsetwitnoactive,OD,,,
https://github.com/alibaba/alibabacloud-tairjedis-sdk,f6215930b9e21a5252c95296d9924b3c4524d9f6,.,com.aliyun.tair.tests.tairhash.TairHashTest.exhverException,OD,,,
https://github.com/alibaba/alibabacloud-tairjedis-sdk,f6215930b9e21a5252c95296d9924b3c4524d9f6,.,com.aliyun.tair.tests.tairroaring.TairRoaringClusterTest.trmultikeytest,OD,,,
https://github.com/alibaba/alibabacloud-tairjedis-sdk,f6215930b9e21a5252c95296d9924b3c4524d9f6,.,com.aliyun.tair.tests.tairroaring.TairRoaringTest.trappendbitarryatest,OD,,,
https://github.com/alibaba/alibabacloud-tairjedis-sdk,f6215930b9e21a5252c95296d9924b3c4524d9f6,.,com.aliyun.tair.tests.tairroaring.TairRoaringTest.tremptytest,OD,,,
https://github.com/alibaba/alibabacloud-tairjedis-sdk,f6215930b9e21a5252c95296d9924b3c4524d9f6,.,com.aliyun.tair.tests.tairroaring.TairRoaringTest.trmultikeytest,OD,,,
https://github.com/alibaba/alibabacloud-tairjedis-sdk,f6215930b9e21a5252c95296d9924b3c4524d9f6,.,com.aliyun.tair.tests.tairsearch.TairSearchClusterTest.tfdelall,OD,,,
https://github.com/alibaba/alibabacloud-tairjedis-sdk,f6215930b9e21a5252c95296d9924b3c4524d9f6,.,com.aliyun.tair.tests.tairsearch.TairSearchClusterTest.tfscandocidwithcount,OD,,,
https://github.com/alibaba/alibabacloud-tairjedis-sdk,f6215930b9e21a5252c95296d9924b3c4524d9f6,.,com.aliyun.tair.tests.tairsearch.TairSearchClusterTest.tftadddoc,OD,,,
https://github.com/alibaba/alibabacloud-tairjedis-sdk,f6215930b9e21a5252c95296d9924b3c4524d9f6,.,com.aliyun.tair.tests.tairsearch.TairSearchClusterTest.tftmaddtestbyte,OD,,,
https://github.com/alibaba/alibabacloud-tairjedis-sdk,f6215930b9e21a5252c95296d9924b3c4524d9f6,.,com.aliyun.tair.tests.tairsearch.TairSearchClusterTest.unicodetest,OD,,,
https://github.com/alibaba/alibabacloud-tairjedis-sdk,f6215930b9e21a5252c95296d9924b3c4524d9f6,.,com.aliyun.tair.tests.tairsearch.TairSearchTest.tfincrfloatdocfield,OD,,,
https://github.com/alibaba/alibabacloud-tairjedis-sdk,f6215930b9e21a5252c95296d9924b3c4524d9f6,.,com.aliyun.tair.tests.tairsearch.TairSearchTest.tfscandocidwithmatch,OD,,,
https://github.com/alibaba/alibabacloud-tairjedis-sdk,f6215930b9e21a5252c95296d9924b3c4524d9f6,.,com.aliyun.tair.tests.tairsearch.TairSearchTest.tftadddoc,OD,,,
https://github.com/alibaba/alibabacloud-tairjedis-sdk,f6215930b9e21a5252c95296d9924b3c4524d9f6,.,com.aliyun.tair.tests.tairsearch.TairSearchTest.tfupdatedocfield,OD,,,
https://github.com/alibaba/alibabacloud-tairjedis-sdk,f6215930b9e21a5252c95296d9924b3c4524d9f6,.,com.aliyun.tair.tests.tairstring.TairStringClusterTest.exincrbyParamsTest,OD,,,
https://github.com/alibaba/alibabacloud-tairjedis-sdk,f6215930b9e21a5252c95296d9924b3c4524d9f6,.,com.aliyun.tair.tests.tairstring.TairStringClusterTest.exsetverTest,OD,,,
https://github.com/alibaba/alibabacloud-tairjedis-sdk,f6215930b9e21a5252c95296d9924b3c4524d9f6,.,com.aliyun.tair.tests.tairstring.TairStringPipelineTest.exincrbyPipelineTest,OD,,,
https://github.com/alibaba/alibabacloud-tairjedis-sdk,f6215930b9e21a5252c95296d9924b3c4524d9f6,.,com.aliyun.tair.tests.tairstring.TairStringTest.exincrbyfloatTest,OD,,,
https://github.com/alibaba/alibabacloud-tairjedis-sdk,f6215930b9e21a5252c95296d9924b3c4524d9f6,.,com.aliyun.tair.tests.tairstring.TairStringTest.exsetParamsTest,OD,,,
https://github.com/alibaba/alibabacloud-tairjedis-sdk,f6215930b9e21a5252c95296d9924b3c4524d9f6,.,com.aliyun.tair.tests.tairstring.TairStringTest.exsetverTest,OD,,,
https://github.com/alibaba/alibabacloud-tairjedis-sdk,f6215930b9e21a5252c95296d9924b3c4524d9f6,.,com.aliyun.tair.tests.tairts.TairTsClusterTest.extsaddTest,OD,,,
https://github.com/alibaba/alibabacloud-tairjedis-sdk,f6215930b9e21a5252c95296d9924b3c4524d9f6,.,com.aliyun.tair.tests.tairts.TairTsStringTest.extsaddTest,OD,,,
https://github.com/alibaba/alibabacloud-tairjedis-sdk,f6215930b9e21a5252c95296d9924b3c4524d9f6,.,com.aliyun.tair.tests.tairts.TairTsStringTest.extsgetTest,OD,,,
https://github.com/alibaba/alibabacloud-tairjedis-sdk,f6215930b9e21a5252c95296d9924b3c4524d9f6,.,com.aliyun.tair.tests.tairts.TairTsTest.extsmrangeKeysLabelsTest,OD,,,
https://github.com/alibaba/alibabacloud-tairjedis-sdk,f6215930b9e21a5252c95296d9924b3c4524d9f6,.,com.aliyun.tair.tests.tairts.TairTsTest.extsmrangeTest,OD,,,
https://github.com/alibaba/alibabacloud-tairjedis-sdk,f6215930b9e21a5252c95296d9924b3c4524d9f6,.,com.aliyun.tair.tests.tairts.TairTsTest.extsprangeAggregationSkeyByteTest,OD,,,
https://github.com/alibaba/alibabacloud-tairjedis-sdk,f6215930b9e21a5252c95296d9924b3c4524d9f6,.,com.aliyun.tair.tests.tairts.TairTsTest.extsprangeAggregationSkeyRevTest,OD,,,
https://github.com/alibaba/alibabacloud-tairjedis-sdk,f6215930b9e21a5252c95296d9924b3c4524d9f6,.,com.aliyun.tair.tests.tairts.TairTsTest.extsprangeByteTest,OD,,,
https://github.com/alibaba/alibabacloud-tairjedis-sdk,f6215930b9e21a5252c95296d9924b3c4524d9f6,.,com.aliyun.tair.tests.tairts.TairTsTest.extsrangeTest,OD,,,
https://github.com/alibaba/alibabacloud-tairjedis-sdk,f6215930b9e21a5252c95296d9924b3c4524d9f6,.,com.aliyun.tair.tests.tairts.TairTsTest.extsRawMModifyTest,OD,,,
https://github.com/alibaba/alibabacloud-tairjedis-sdk,f6215930b9e21a5252c95296d9924b3c4524d9f6,.,com.aliyun.tair.tests.tairts.TairTsTest.extsRawModifyTest,OD,,,
https://github.com/alibaba/alibabacloud-tairjedis-sdk,f6215930b9e21a5252c95296d9924b3c4524d9f6,.,com.aliyun.tair.tests.tairvector.TairVectorClusterTest.tvs_knnsearch_filter,OD,,,
https://github.com/alibaba/alibabacloud-tairjedis-sdk,f6215930b9e21a5252c95296d9924b3c4524d9f6,.,com.aliyun.tair.tests.tairvector.TairVectorClusterTest.tvs_knnsearch_with_params,OD,,,
https://github.com/alibaba/alibabacloud-tairjedis-sdk,f6215930b9e21a5252c95296d9924b3c4524d9f6,.,com.aliyun.tair.tests.tairvector.TairVectorClusterTest.tvs_mknnsearch_filter,OD,,,
https://github.com/alibaba/alibabacloud-tairjedis-sdk,f6215930b9e21a5252c95296d9924b3c4524d9f6,.,com.aliyun.tair.tests.tairvector.TairVectorPipelineTest.tvs_hset,OD,,,
https://github.com/alibaba/alibabacloud-tairjedis-sdk,f6215930b9e21a5252c95296d9924b3c4524d9f6,.,com.aliyun.tair.tests.tairvector.TairVectorPipelineTest.tvs_knnsearch_with_params,OD,,,
https://github.com/alibaba/alibabacloud-tairjedis-sdk,f6215930b9e21a5252c95296d9924b3c4524d9f6,.,com.aliyun.tair.tests.tairvector.TairVectorTest.tvs_create_index,OD,,,
https://github.com/alibaba/alibabacloud-tairjedis-sdk,f6215930b9e21a5252c95296d9924b3c4524d9f6,.,com.aliyun.tair.tests.tairvector.TairVectorTest.tvs_create_index_withoption_args,OD,,,
https://github.com/alibaba/alibabacloud-tairjedis-sdk,f6215930b9e21a5252c95296d9924b3c4524d9f6,.,com.aliyun.tair.tests.tairvector.TairVectorTest.tvs_create_index_with_datatype,OD,,,
https://github.com/alibaba/alibabacloud-tairjedis-sdk,f6215930b9e21a5252c95296d9924b3c4524d9f6,.,com.aliyun.tair.tests.tairvector.TairVectorTest.tvs_del_index,OD,,,
https://github.com/alibaba/alibabacloud-tairjedis-sdk,f6215930b9e21a5252c95296d9924b3c4524d9f6,.,com.aliyun.tair.tests.tairvector.TairVectorTest.tvs_hgetall,OD,,,
https://github.com/alibaba/alibabacloud-tairjedis-sdk,f6215930b9e21a5252c95296d9924b3c4524d9f6,.,com.aliyun.tair.tests.tairvector.TairVectorTest.tvs_hgetall_data_bin,OD,,,
https://github.com/alibaba/alibabacloud-tairjedis-sdk,f6215930b9e21a5252c95296d9924b3c4524d9f6,.,com.aliyun.tair.tests.tairvector.TairVectorTest.tvs_knnsearch_with_databin,OD,,,
https://github.com/alibaba/alibabacloud-tairjedis-sdk,f6215930b9e21a5252c95296d9924b3c4524d9f6,.,com.aliyun.tair.tests.tairvector.TairVectorTest.tvs_knnsearch_with_params,OD,,,
https://github.com/alibaba/alibabacloud-tairjedis-sdk,f6215930b9e21a5252c95296d9924b3c4524d9f6,.,com.aliyun.tair.tests.tairvector.TairVectorTest.tvs_mknnsearch,OD,,,
https://github.com/alibaba/alibabacloud-tairjedis-sdk,f6215930b9e21a5252c95296d9924b3c4524d9f6,.,com.aliyun.tair.tests.tairzset.TairZsetTest.zincrby,OD,,,
https://github.com/alibaba/alibabacloud-tairjedis-sdk,f6215930b9e21a5252c95296d9924b3c4524d9f6,.,com.aliyun.tair.tests.tairzset.TairZsetTest.zrank,OD,,,
https://github.com/alibaba/alibabacloud-tairjedis-sdk,f6215930b9e21a5252c95296d9924b3c4524d9f6,.,com.aliyun.tair.tests.tairzset.TairZsetTest.zrem,OD,,,
https://github.com/alibaba/nacos,f136dde8fae27797156f0ecb9abbe80774beaea4,config,com.alibaba.nacos.config.server.controller.ConfigControllerTest.testDeleteConfig,OD-Vic,,,
https://github.com/alibaba/nacos,f136dde8fae27797156f0ecb9abbe80774beaea4,config,com.alibaba.nacos.config.server.controller.ConfigControllerTest.testDetailConfigInfo,OD-Vic,,,
https://github.com/alibaba/nacos,f136dde8fae27797156f0ecb9abbe80774beaea4,config,com.alibaba.nacos.config.server.controller.ConfigControllerTest.testGetConfig,OD-Vic,,,
https://github.com/alibaba/nacos,f136dde8fae27797156f0ecb9abbe80774beaea4,config,com.alibaba.nacos.config.server.controller.ConfigControllerTest.testPublishConfig,OD-Vic,,,
https://github.com/alibaba/nacos,f136dde8fae27797156f0ecb9abbe80774beaea4,config,com.alibaba.nacos.config.server.controller.ConfigOpsControllerTest.testDerbyOps,OD-Vic,,,
https://github.com/alibaba/nacos,f136dde8fae27797156f0ecb9abbe80774beaea4,config,com.alibaba.nacos.config.server.controller.ConfigOpsControllerTest.testImportDerby,OD-Vic,,,
https://github.com/alibaba/nacos,f136dde8fae27797156f0ecb9abbe80774beaea4,config,com.alibaba.nacos.config.server.controller.ConfigServletInnerTest.testDoGetConfigV1,OD-Vic,,,
https://github.com/alibaba/nacos,f136dde8fae27797156f0ecb9abbe80774beaea4,config,com.alibaba.nacos.config.server.controller.ConfigServletInnerTest.testDoGetConfigV2,OD-Vic,,,
https://github.com/alibaba/nacos,f136dde8fae27797156f0ecb9abbe80774beaea4,config,com.alibaba.nacos.config.server.controller.ConfigServletInnerTest.testDoGetConfigV3,OD-Vic,,,
https://github.com/alibaba/nacos,f136dde8fae27797156f0ecb9abbe80774beaea4,config,com.alibaba.nacos.config.server.model.ConfigInfoTest.testPrecisionIssue,OD-Vic,,,
https://github.com/alibaba/nacos,f136dde8fae27797156f0ecb9abbe80774beaea4,config,com.alibaba.nacos.config.server.remote.ConfigPublishRequestHandlerTest.testHandle,OD-Vic,,,
https://github.com/alibaba/nacos,f136dde8fae27797156f0ecb9abbe80774beaea4,config,com.alibaba.nacos.config.server.remote.ConfigQueryRequestHandlerTest.testHandle,OD-Vic,,,
https://github.com/alibaba/nacos,f136dde8fae27797156f0ecb9abbe80774beaea4,config,com.alibaba.nacos.config.server.service.ClientTrackServiceTest.testTrackClientMd5,OD-Vic,,,
https://github.com/alibaba/nacos,f136dde8fae27797156f0ecb9abbe80774beaea4,config,com.alibaba.nacos.config.server.service.ConfigChangePublisherTest.testConfigChangeNotify,OD-Vic,,,
https://github.com/alibaba/nacos,f136dde8fae27797156f0ecb9abbe80774beaea4,config,com.alibaba.nacos.config.server.service.DiskServiceUnitTest.testCreateConfig,OD-Vic,,,
https://github.com/alibaba/nacos,f136dde8fae27797156f0ecb9abbe80774beaea4,config,com.alibaba.nacos.config.server.utils.DiskUtilsTest.testTargetBetaFile,OD-Vic,,,
https://github.com/alibaba/nacos,f136dde8fae27797156f0ecb9abbe80774beaea4,config,com.alibaba.nacos.config.server.utils.MD5UtilTest.testCompareMd5,OD-Vic,,,
https://github.com/alibaba/nacos,f136dde8fae27797156f0ecb9abbe80774beaea4,config,com.alibaba.nacos.config.server.utils.PropertyUtilTest.testGetPropertyV1,OD-Vic,,,
https://github.com/alibaba/nacos,f136dde8fae27797156f0ecb9abbe80774beaea4,config,com.alibaba.nacos.config.server.utils.PropertyUtilTest.testGetPropertyV2,OD-Vic,,,
https://github.com/alibaba/Sentinel,051d583fd89a8ecd509d182a1883335119f1a8bf,sentinel-adapter/sentinel-reactor-adapter,com.alibaba.csp.sentinel.adapter.reactor.MonoSentinelOperatorIntegrationTest.testEmitSingleLongTimeRt,OD-Brit,,,
https://github.com/alibaba/Sentinel,051d583fd89a8ecd509d182a1883335119f1a8bf,sentinel-adapter/sentinel-reactor-adapter,com.alibaba.csp.sentinel.adapter.reactor.MonoSentinelOperatorIntegrationTest.testTransformMonoWithSentinelContextEnter,OD-Vic,,,
https://github.com/alibaba/spring-cloud-alibaba,add08b6822cb7cf6b2a429dd30b0ed0e49a7db49,spring-cloud-alibaba-starters/spring-cloud-starter-alibaba-sentinel,com.alibaba.cloud.sentinel.SentinelAutoConfigurationTests.contextLoads,OD,,,
https://github.com/alibaba/spring-cloud-alibaba,add08b6822cb7cf6b2a429dd30b0ed0e49a7db49,spring-cloud-alibaba-starters/spring-cloud-starter-alibaba-sentinel,com.alibaba.cloud.sentinel.SentinelAutoConfigurationTests.testSentinelSystemProperties,OD,,,
https://github.com/apache/avro,efe9aa7fbe457805dc894a9186e1267603d82dd2,lang/java/ipc-jetty,org.apache.avro.ipc.jetty.TestProtocolHttp.testAdd,OD,,,
https://github.com/apache/avro,efe9aa7fbe457805dc894a9186e1267603d82dd2,lang/java/ipc-jetty,org.apache.avro.ipc.jetty.TestProtocolHttp.testClassLoader,OD,,,
https://github.com/apache/avro,efe9aa7fbe457805dc894a9186e1267603d82dd2,lang/java/ipc-jetty,org.apache.avro.ipc.jetty.TestProtocolHttp.testConnectionRefusedOneWay,OD,,,
https://github.com/apache/avro,efe9aa7fbe457805dc894a9186e1267603d82dd2,lang/java/ipc-jetty,org.apache.avro.ipc.jetty.TestProtocolHttp.testEcho,OD,,,
https://github.com/apache/avro,efe9aa7fbe457805dc894a9186e1267603d82dd2,lang/java/ipc-jetty,org.apache.avro.ipc.jetty.TestProtocolHttp.testEchoBytes,OD,,,
https://github.com/apache/avro,efe9aa7fbe457805dc894a9186e1267603d82dd2,lang/java/ipc-jetty,org.apache.avro.ipc.jetty.TestProtocolHttp.testEmptyEchoBytes,OD,,,
https://github.com/apache/avro,efe9aa7fbe457805dc894a9186e1267603d82dd2,lang/java/ipc-jetty,org.apache.avro.ipc.jetty.TestProtocolHttp.testError,OD,,,
https://github.com/apache/avro,efe9aa7fbe457805dc894a9186e1267603d82dd2,lang/java/ipc-jetty,org.apache.avro.ipc.jetty.TestProtocolHttp.testGetRemote,OD,,,
https://github.com/apache/avro,efe9aa7fbe457805dc894a9186e1267603d82dd2,lang/java/ipc-jetty,org.apache.avro.ipc.jetty.TestProtocolHttp.testHashCode,OD,,,
https://github.com/apache/avro,efe9aa7fbe457805dc894a9186e1267603d82dd2,lang/java/ipc-jetty,org.apache.avro.ipc.jetty.TestProtocolHttp.testHello,OD,,,
https://github.com/apache/avro,efe9aa7fbe457805dc894a9186e1267603d82dd2,lang/java/ipc-jetty,org.apache.avro.ipc.jetty.TestProtocolHttp.testOneWay,OD,,,
https://github.com/apache/avro,efe9aa7fbe457805dc894a9186e1267603d82dd2,lang/java/ipc-jetty,org.apache.avro.ipc.jetty.TestProtocolHttp.testParamVariation,OD,,,
https://github.com/apache/avro,efe9aa7fbe457805dc894a9186e1267603d82dd2,lang/java/ipc-jetty,org.apache.avro.ipc.jetty.TestProtocolHttp.testRepeatedAccess,OD,,,
https://github.com/apache/avro,efe9aa7fbe457805dc894a9186e1267603d82dd2,lang/java/ipc-jetty,org.apache.avro.ipc.jetty.TestProtocolHttp.testStatelessOneway,OD,,,
https://github.com/apache/avro,efe9aa7fbe457805dc894a9186e1267603d82dd2,lang/java/ipc-jetty,org.apache.avro.ipc.jetty.TestProtocolHttp.testTimeout,OD,,,
https://github.com/apache/avro,efe9aa7fbe457805dc894a9186e1267603d82dd2,lang/java/ipc-jetty,org.apache.avro.ipc.jetty.TestProtocolHttp.testUndeclaredError,OD,,,
https://github.com/apache/avro,efe9aa7fbe457805dc894a9186e1267603d82dd2,lang/java/ipc-jetty,org.apache.avro.ipc.jetty.TestProtocolHttps.testClassLoader,OD,,,
https://github.com/apache/avro,efe9aa7fbe457805dc894a9186e1267603d82dd2,lang/java/ipc-jetty,org.apache.avro.ipc.jetty.TestProtocolHttps.testConnectionRefusedOneWay,OD,,,
https://github.com/apache/avro,efe9aa7fbe457805dc894a9186e1267603d82dd2,lang/java/ipc-jetty,org.apache.avro.ipc.jetty.TestProtocolHttps.testGetRemote,OD,,,
https://github.com/apache/avro,efe9aa7fbe457805dc894a9186e1267603d82dd2,lang/java/ipc-jetty,org.apache.avro.ipc.jetty.TestProtocolHttps.testHashCode,OD,,,
https://github.com/apache/cayenne,5209b9f533ab5f2ac97d31eeb3d1dd2c4dbd64d8,cayenne-client,org.apache.cayenne.CayenneContextClientChannelEventsIT.testSyncToOneRelationship,OD,,,https://github.com/TestingResearchIllinois/flaky-test-dataset/issues/77
https://github.com/apache/cxf,69925893ed0e8a8fdfe1164b4e097a5cf5524027,core,org.apache.cxf.feature.transform.XSLTInterceptorsTest.outWriterStreamTest,OD,,,
https://github.com/apache/dubbo,737f7a7ea67832d7f17517326fb2491d0a086dd7,dubbo-common,org.apache.dubbo.common.io.UnsafeByteArrayOutputStreamTest.testExtendLengthForBuffer,OD,,,https://github.com/TestingResearchIllinois/idoft/issues/5
https://github.com/apache/dubbo,737f7a7ea67832d7f17517326fb2491d0a086dd7,dubbo-common,org.apache.dubbo.common.logger.support.FailsafeLoggerTest.testFailSafeForLoggingMethod,OD,,,https://github.com/TestingResearchIllinois/idoft/issues/5
https://github.com/apache/dubbo,737f7a7ea67832d7f17517326fb2491d0a086dd7,dubbo-common,org.apache.dubbo.common.threadpool.support.eager.TaskQueueTest.testRetryOffer1,OD,,,https://github.com/TestingResearchIllinois/idoft/issues/5
https://github.com/apache/dubbo,737f7a7ea67832d7f17517326fb2491d0a086dd7,dubbo-common,org.apache.dubbo.common.utils.ExecutorUtilTest.testGracefulShutdown2,OD,,,https://github.com/TestingResearchIllinois/idoft/issues/5
https://github.com/apache/dubbo,737f7a7ea67832d7f17517326fb2491d0a086dd7,dubbo-common,org.apache.dubbo.common.utils.LogHelperTest.testError,OD,,,https://github.com/TestingResearchIllinois/idoft/issues/5
https://github.com/apache/dubbo,737f7a7ea67832d7f17517326fb2491d0a086dd7,dubbo-common,org.apache.dubbo.common.utils.LogHelperTest.testWarn,OD,,,https://github.com/TestingResearchIllinois/idoft/issues/5
https://github.com/apache/dubbo,737f7a7ea67832d7f17517326fb2491d0a086dd7,dubbo-common,org.apache.dubbo.common.utils.LogUtilTest.testFindLevel,OD,,,https://github.com/TestingResearchIllinois/idoft/issues/5
https://github.com/apache/dubbo,737f7a7ea67832d7f17517326fb2491d0a086dd7,dubbo-common,org.apache.dubbo.common.utils.LogUtilTest.testFindLevelWithThreadName,OD,,,https://github.com/TestingResearchIllinois/idoft/issues/5
https://github.com/apache/dubbo,737f7a7ea67832d7f17517326fb2491d0a086dd7,dubbo-config/dubbo-config-api,org.apache.dubbo.config.cache.CacheTest.testCache,OD-Vic,,,
https://github.com/apache/dubbo,737f7a7ea67832d7f17517326fb2491d0a086dd7,dubbo-config/dubbo-config-api,org.apache.dubbo.config.ReferenceConfigTest.testInjvm,OD-Vic,,,
https://github.com/apache/dubbo,737f7a7ea67832d7f17517326fb2491d0a086dd7,dubbo-compatible,org.apache.dubbo.echo.EchoServiceTest.testEcho,OD-Vic,,,
https://github.com/apache/dubbo,737f7a7ea67832d7f17517326fb2491d0a086dd7,dubbo-rpc/dubbo-rpc-dubbo,org.apache.dubbo.rpc.protocol.dubbo.DubboProtocolTest.testDubboProtocol,OD-Vic,,,
https://github.com/apache/dubbo,737f7a7ea67832d7f17517326fb2491d0a086dd7,dubbo-rpc/dubbo-rpc-dubbo,org.apache.dubbo.rpc.protocol.dubbo.ReferenceCountExchangeClientTest.test_multi_destory,OD-Vic,,,
https://github.com/apache/dubbo,737f7a7ea67832d7f17517326fb2491d0a086dd7,dubbo-rpc/dubbo-rpc-dubbo,org.apache.dubbo.rpc.protocol.dubbo.ReferenceCountExchangeClientTest.test_not_share_connect,OD-Vic,,,
https://github.com/apache/dubbo,737f7a7ea67832d7f17517326fb2491d0a086dd7,dubbo-rpc/dubbo-rpc-dubbo,org.apache.dubbo.rpc.protocol.dubbo.ReferenceCountExchangeClientTest.test_share_connect,OD-Vic,,,
https://github.com/apache/dubbo,737f7a7ea67832d7f17517326fb2491d0a086dd7,dubbo-rpc/dubbo-rpc-dubbo,org.apache.dubbo.rpc.protocol.dubbo.RpcFilterTest.testRpcFilter,OD-Vic,,,
https://github.com/apache/hadoop,a585a73c3e02ac62350c136643a5e7f6095a3dbb,hadoop-common-project/hadoop-kms,org.apache.hadoop.crypto.key.kms.server.TestKMS.testStartStopHttpPseudo,OD,,,
https://github.com/apache/hadoop,a585a73c3e02ac62350c136643a5e7f6095a3dbb,hadoop-common-project/hadoop-kms,org.apache.hadoop.crypto.key.kms.server.TestKMSAudit.testAggregationUnauth,OD,,,
https://github.com/apache/hadoop,a585a73c3e02ac62350c136643a5e7f6095a3dbb,hadoop-hdfs-project/hadoop-hdfs-httpfs,org.apache.hadoop.fs.http.server.TestHttpFSAccessControlled.testAcessControlledFS,OD,,,
https://github.com/apache/hadoop,cc2babc1f75c93bf89a8f10da525f944c15d02ea,hadoop-hdfs-project/hadoop-hdfs-httpfs,org.apache.hadoop.fs.http.server.TestHttpFSServer.instrumentation,OD,,,
https://github.com/apache/hadoop,a585a73c3e02ac62350c136643a5e7f6095a3dbb,hadoop-hdfs-project/hadoop-hdfs-httpfs,org.apache.hadoop.fs.http.server.TestHttpFSServer.testAccess,OD,,,
https://github.com/apache/hadoop,a585a73c3e02ac62350c136643a5e7f6095a3dbb,hadoop-hdfs-project/hadoop-hdfs-httpfs,org.apache.hadoop.fs.http.server.TestHttpFSServer.testContentType,OD,,,
https://github.com/apache/hadoop,cc2babc1f75c93bf89a8f10da525f944c15d02ea,hadoop-hdfs-project/hadoop-hdfs-httpfs,org.apache.hadoop.fs.http.server.TestHttpFSServer.testCreateFileWithUnmaskedPermissions,OD,,,
https://github.com/apache/hadoop,cc2babc1f75c93bf89a8f10da525f944c15d02ea,hadoop-hdfs-project/hadoop-hdfs-httpfs,org.apache.hadoop.fs.http.server.TestHttpFSServer.testCreateSnapshotNoSnapshotName,OD,,,
https://github.com/apache/hadoop,a585a73c3e02ac62350c136643a5e7f6095a3dbb,hadoop-hdfs-project/hadoop-hdfs-httpfs,org.apache.hadoop.fs.http.server.TestHttpFSServer.testCustomizedUserAndGroupNames,OD,,,
https://github.com/apache/hadoop,cc2babc1f75c93bf89a8f10da525f944c15d02ea,hadoop-hdfs-project/hadoop-hdfs-httpfs,org.apache.hadoop.fs.http.server.TestHttpFSServer.testDelegationTokenOperations,OD,,,
https://github.com/apache/hadoop,cc2babc1f75c93bf89a8f10da525f944c15d02ea,hadoop-hdfs-project/hadoop-hdfs-httpfs,org.apache.hadoop.fs.http.server.TestHttpFSServer.testDeleteSnapshot,OD,,,
https://github.com/apache/hadoop,a585a73c3e02ac62350c136643a5e7f6095a3dbb,hadoop-hdfs-project/hadoop-hdfs-httpfs,org.apache.hadoop.fs.http.server.TestHttpFSServer.testECPolicy,OD,,,
https://github.com/apache/hadoop,a585a73c3e02ac62350c136643a5e7f6095a3dbb,hadoop-hdfs-project/hadoop-hdfs-httpfs,org.apache.hadoop.fs.http.server.TestHttpFSServer.testErasureCodingPolicy,OD,,,
https://github.com/apache/hadoop,cc2babc1f75c93bf89a8f10da525f944c15d02ea,hadoop-hdfs-project/hadoop-hdfs-httpfs,org.apache.hadoop.fs.http.server.TestHttpFSServer.testFileAcls,OD,,,
https://github.com/apache/hadoop,a585a73c3e02ac62350c136643a5e7f6095a3dbb,hadoop-hdfs-project/hadoop-hdfs-httpfs,org.apache.hadoop.fs.http.server.TestHttpFSServer.testGetServerDefaults,OD,,,
https://github.com/apache/hadoop,cc2babc1f75c93bf89a8f10da525f944c15d02ea,hadoop-hdfs-project/hadoop-hdfs-httpfs,org.apache.hadoop.fs.http.server.TestHttpFSServer.testGetSnapshotDiff,OD,,,
https://github.com/apache/hadoop,a585a73c3e02ac62350c136643a5e7f6095a3dbb,hadoop-hdfs-project/hadoop-hdfs-httpfs,org.apache.hadoop.fs.http.server.TestHttpFSServer.testGetSnapshottableDirectoryList,OD,,,
https://github.com/apache/hadoop,cc2babc1f75c93bf89a8f10da525f944c15d02ea,hadoop-hdfs-project/hadoop-hdfs-httpfs,org.apache.hadoop.fs.http.server.TestHttpFSServer.testGetTrashRoot,OD,,,
https://github.com/apache/hadoop,a585a73c3e02ac62350c136643a5e7f6095a3dbb,hadoop-hdfs-project/hadoop-hdfs-httpfs,org.apache.hadoop.fs.http.server.TestHttpFSServer.testGlobFilter,OD,,,
https://github.com/apache/hadoop,a585a73c3e02ac62350c136643a5e7f6095a3dbb,hadoop-hdfs-project/hadoop-hdfs-httpfs,org.apache.hadoop.fs.http.server.TestHttpFSServer.testHdfsAccess,OD,,,
https://github.com/apache/hadoop,a585a73c3e02ac62350c136643a5e7f6095a3dbb,hadoop-hdfs-project/hadoop-hdfs-httpfs,org.apache.hadoop.fs.http.server.TestHttpFSServer.testMkdirs,OD,,,
https://github.com/apache/hadoop,cc2babc1f75c93bf89a8f10da525f944c15d02ea,hadoop-hdfs-project/hadoop-hdfs-httpfs,org.apache.hadoop.fs.http.server.TestHttpFSServer.testMkdirWithUnmaskedPermissions,OD,,,
https://github.com/apache/hadoop,a585a73c3e02ac62350c136643a5e7f6095a3dbb,hadoop-hdfs-project/hadoop-hdfs-httpfs,org.apache.hadoop.fs.http.server.TestHttpFSServer.testNoRedirect,OD,,,
https://github.com/apache/hadoop,a585a73c3e02ac62350c136643a5e7f6095a3dbb,hadoop-hdfs-project/hadoop-hdfs-httpfs,org.apache.hadoop.fs.http.server.TestHttpFSServer.testNoRedirectWithData,OD,,,
https://github.com/apache/hadoop,cc2babc1f75c93bf89a8f10da525f944c15d02ea,hadoop-hdfs-project/hadoop-hdfs-httpfs,org.apache.hadoop.fs.http.server.TestHttpFSServer.testOpenOffsetLength,OD,,,
https://github.com/apache/hadoop,cc2babc1f75c93bf89a8f10da525f944c15d02ea,hadoop-hdfs-project/hadoop-hdfs-httpfs,org.apache.hadoop.fs.http.server.TestHttpFSServer.testPerms,OD,,,
https://github.com/apache/hadoop,a585a73c3e02ac62350c136643a5e7f6095a3dbb,hadoop-hdfs-project/hadoop-hdfs-httpfs,org.apache.hadoop.fs.http.server.TestHttpFSServer.testPutNoOperation,OD,,,
https://github.com/apache/hadoop,a585a73c3e02ac62350c136643a5e7f6095a3dbb,hadoop-hdfs-project/hadoop-hdfs-httpfs,org.apache.hadoop.fs.http.server.TestHttpFSServer.testStoragePolicySatisfier,OD,,,
https://github.com/apache/hadoop,cc2babc1f75c93bf89a8f10da525f944c15d02ea,hadoop-hdfs-project/hadoop-hdfs-httpfs,org.apache.hadoop.fs.http.server.TestHttpFSServer.testXAttrs,OD,,,
https://github.com/apache/hadoop,cc2babc1f75c93bf89a8f10da525f944c15d02ea,hadoop-hdfs-project/hadoop-hdfs-httpfs,org.apache.hadoop.fs.http.server.TestHttpFSServerNoACLs.testWithNoAcls,OD,,,
https://github.com/apache/hadoop,cc2babc1f75c93bf89a8f10da525f944c15d02ea,hadoop-hdfs-project/hadoop-hdfs-httpfs,org.apache.hadoop.fs.http.server.TestHttpFSServerNoXAttrs.testWithXAttrs,OD,,,
https://github.com/apache/hadoop,a585a73c3e02ac62350c136643a5e7f6095a3dbb,hadoop-hdfs-project/hadoop-hdfs-client,org.apache.hadoop.hdfs.client.impl.TestLeaseRenewer.testDaemonThreadLeak,OD,,,
https://github.com/apache/hadoop,a585a73c3e02ac62350c136643a5e7f6095a3dbb,hadoop-hdfs-project/hadoop-hdfs-nfs,org.apache.hadoop.hdfs.nfs.nfs3.TestReaddir.testReaddirBasic,OD,,,
https://github.com/apache/hadoop,a585a73c3e02ac62350c136643a5e7f6095a3dbb,hadoop-hdfs-project/hadoop-hdfs-nfs,org.apache.hadoop.hdfs.nfs.nfs3.TestReaddir.testReaddirPlus,OD,,,
https://github.com/apache/hadoop,cc2babc1f75c93bf89a8f10da525f944c15d02ea,hadoop-hdfs-project/hadoop-hdfs-nfs,org.apache.hadoop.hdfs.nfs.nfs3.TestViewfsWithNfs3.testNfsAccessNN1,OD-Vic,,,
https://github.com/apache/hadoop,cc2babc1f75c93bf89a8f10da525f944c15d02ea,hadoop-hdfs-project/hadoop-hdfs-nfs,org.apache.hadoop.hdfs.nfs.nfs3.TestViewfsWithNfs3.testNfsAccessNN2,OD-Vic,,,
https://github.com/apache/hadoop,cc2babc1f75c93bf89a8f10da525f944c15d02ea,hadoop-hdfs-project/hadoop-hdfs-nfs,org.apache.hadoop.hdfs.nfs.nfs3.TestViewfsWithNfs3.testNfsWriteNN1,OD-Vic,,,
https://github.com/apache/hadoop,cc2babc1f75c93bf89a8f10da525f944c15d02ea,hadoop-hdfs-project/hadoop-hdfs-nfs,org.apache.hadoop.hdfs.nfs.nfs3.TestViewfsWithNfs3.testNfsWriteNN2,OD-Vic,,,
https://github.com/apache/hadoop,cc2babc1f75c93bf89a8f10da525f944c15d02ea,hadoop-hdfs-project/hadoop-hdfs-nfs,org.apache.hadoop.hdfs.nfs.nfs3.TestViewfsWithNfs3.testWrongNfsAccess,OD-Vic,,,
https://github.com/apache/hadoop,cc2babc1f75c93bf89a8f10da525f944c15d02ea,hadoop-hdfs-project/hadoop-hdfs-nfs,org.apache.hadoop.hdfs.nfs.nfs3.TestWrites.testOOOWrites,OD-Vic,,,
https://github.com/apache/hadoop,cc2babc1f75c93bf89a8f10da525f944c15d02ea,hadoop-hdfs-project/hadoop-hdfs-nfs,org.apache.hadoop.hdfs.nfs.nfs3.TestWrites.testOverlappingWrites,OD-Vic,,,
https://github.com/apache/hadoop,cc2babc1f75c93bf89a8f10da525f944c15d02ea,hadoop-hdfs-project/hadoop-hdfs-nfs,org.apache.hadoop.hdfs.nfs.nfs3.TestWrites.testWriteStableHow,OD-Vic,,,
https://github.com/apache/hadoop,a585a73c3e02ac62350c136643a5e7f6095a3dbb,hadoop-hdfs-project/hadoop-hdfs-client,org.apache.hadoop.hdfs.web.TestURLConnectionFactory.testSSLFactoryCleanup,OD,,,
https://github.com/apache/hadoop,cc2babc1f75c93bf89a8f10da525f944c15d02ea,hadoop-hdfs-project/hadoop-hdfs-httpfs,org.apache.hadoop.lib.service.hadoop.TestFileSystemAccessService.createFileSystem,OD,,,
https://github.com/apache/hadoop,a585a73c3e02ac62350c136643a5e7f6095a3dbb,hadoop-hdfs-project/hadoop-hdfs-httpfs,org.apache.hadoop.lib.service.hadoop.TestFileSystemAccessService.fileSystemExecutorException,OD,,,
https://github.com/apache/hadoop,a585a73c3e02ac62350c136643a5e7f6095a3dbb,hadoop-hdfs-project/hadoop-hdfs-httpfs,org.apache.hadoop.lib.service.hadoop.TestFileSystemAccessService.fileSystemExecutorNoNameNode,OD,,,
https://github.com/apache/hadoop,a585a73c3e02ac62350c136643a5e7f6095a3dbb,hadoop-tools/hadoop-gridmix,org.apache.hadoop.mapred.gridmix.TestGridMixClasses.testLoadJobLoadRecordReader,OD,,,
https://github.com/apache/hadoop,a585a73c3e02ac62350c136643a5e7f6095a3dbb,hadoop-mapreduce-project/hadoop-mapreduce-client/hadoop-mapreduce-client-nativetask,org.apache.hadoop.mapred.nativetask.buffer.TestBufferPushPull.testPull,OD,,,
https://github.com/apache/hadoop,a585a73c3e02ac62350c136643a5e7f6095a3dbb,hadoop-mapreduce-project/hadoop-mapreduce-client/hadoop-mapreduce-client-nativetask,org.apache.hadoop.mapred.nativetask.serde.TestKVSerializer.testDeserializer,OD,,,
https://github.com/apache/hadoop,a585a73c3e02ac62350c136643a5e7f6095a3dbb,hadoop-mapreduce-project/hadoop-mapreduce-client/hadoop-mapreduce-client-nativetask,org.apache.hadoop.mapred.nativetask.serde.TestKVSerializer.testSerializeKV,OD,,,
https://github.com/apache/hadoop,a585a73c3e02ac62350c136643a5e7f6095a3dbb,hadoop-mapreduce-project/hadoop-mapreduce-client/hadoop-mapreduce-client-nativetask,org.apache.hadoop.mapred.nativetask.serde.TestKVSerializer.testSerializeNoFlush,OD,,,
https://github.com/apache/hadoop,a585a73c3e02ac62350c136643a5e7f6095a3dbb,hadoop-mapreduce-project/hadoop-mapreduce-client/hadoop-mapreduce-client-nativetask,org.apache.hadoop.mapred.nativetask.serde.TestKVSerializer.testSerializePartitionKV,OD,,,
https://github.com/apache/hadoop,a585a73c3e02ac62350c136643a5e7f6095a3dbb,hadoop-mapreduce-project/hadoop-mapreduce-client/hadoop-mapreduce-client-nativetask,org.apache.hadoop.mapred.nativetask.serde.TestKVSerializer.testUpdateLength,OD,,,
https://github.com/apache/hadoop,a585a73c3e02ac62350c136643a5e7f6095a3dbb,hadoop-mapreduce-project/hadoop-mapreduce-client/hadoop-mapreduce-client-core,org.apache.hadoop.mapred.TestIndexCache.testBadIndex,OD,,,
https://github.com/apache/hadoop,a585a73c3e02ac62350c136643a5e7f6095a3dbb,hadoop-mapreduce-project/hadoop-mapreduce-client/hadoop-mapreduce-client-core,org.apache.hadoop.mapred.TestIndexCache.testCreateRace,OD,,,
https://github.com/apache/hadoop,a585a73c3e02ac62350c136643a5e7f6095a3dbb,hadoop-mapreduce-project/hadoop-mapreduce-client/hadoop-mapreduce-client-core,org.apache.hadoop.mapred.TestIndexCache.testInvalidReduceNumberOrLength,OD,,,
https://github.com/apache/hadoop,a585a73c3e02ac62350c136643a5e7f6095a3dbb,hadoop-mapreduce-project/hadoop-mapreduce-client/hadoop-mapreduce-client-core,org.apache.hadoop.mapred.TestIndexCache.testLRCPolicy,OD,,,
https://github.com/apache/hadoop,a585a73c3e02ac62350c136643a5e7f6095a3dbb,hadoop-mapreduce-project/hadoop-mapreduce-client/hadoop-mapreduce-client-core,org.apache.hadoop.mapred.TestIndexCache.testRemoveMap,OD,,,
https://github.com/apache/hadoop,a585a73c3e02ac62350c136643a5e7f6095a3dbb,hadoop-mapreduce-project/hadoop-mapreduce-client/hadoop-mapreduce-client-core,org.apache.hadoop.mapred.TestLineRecordReader.testUncompressedInput,OD,,,
https://github.com/apache/hadoop,a585a73c3e02ac62350c136643a5e7f6095a3dbb,hadoop-mapreduce-project/hadoop-mapreduce-client/hadoop-mapreduce-client-core,org.apache.hadoop.mapred.TestLineRecordReader.testUncompressedInputContainingCRLF,OD,,,
https://github.com/apache/hadoop,a585a73c3e02ac62350c136643a5e7f6095a3dbb,hadoop-mapreduce-project/hadoop-mapreduce-client/hadoop-mapreduce-client-core,org.apache.hadoop.mapred.TestLineRecordReader.testUncompressedInputCustomDelimiterPosValue,OD,,,
https://github.com/apache/hadoop,a585a73c3e02ac62350c136643a5e7f6095a3dbb,hadoop-mapreduce-project/hadoop-mapreduce-client/hadoop-mapreduce-client-core,org.apache.hadoop.mapred.TestLineRecordReader.testUncompressedInputDefaultDelimiterPosValue,OD,,,
https://github.com/apache/hadoop,a585a73c3e02ac62350c136643a5e7f6095a3dbb,hadoop-mapreduce-project/hadoop-mapreduce-client/hadoop-mapreduce-client-core,org.apache.hadoop.mapred.TestLineRecordReader.testUncompressedInputWithLargeSplitSize,OD,,,
https://github.com/apache/hadoop,a585a73c3e02ac62350c136643a5e7f6095a3dbb,hadoop-mapreduce-project/hadoop-mapreduce-client/hadoop-mapreduce-client-core,org.apache.hadoop.mapred.TestLocatedFileStatusFetcher.testExecutorsShutDown,OD,,,
https://github.com/apache/hadoop,a585a73c3e02ac62350c136643a5e7f6095a3dbb,hadoop-mapreduce-project/hadoop-mapreduce-client/hadoop-mapreduce-client-shuffle,org.apache.hadoop.mapred.TestShuffleHandler.testSendMapCount,OD,,,
https://github.com/apache/hadoop,a585a73c3e02ac62350c136643a5e7f6095a3dbb,hadoop-mapreduce-project/hadoop-mapreduce-client/hadoop-mapreduce-client-core,org.apache.hadoop.mapred.TestTaskLog.testTaskLog,OD,,,
https://github.com/apache/hadoop,a585a73c3e02ac62350c136643a5e7f6095a3dbb,hadoop-mapreduce-project/hadoop-mapreduce-client/hadoop-mapreduce-client-core,org.apache.hadoop.mapred.TestTaskProgressReporter.testBytesWrittenExceedingLimit,OD,,,
https://github.com/apache/hadoop,a585a73c3e02ac62350c136643a5e7f6095a3dbb,hadoop-mapreduce-project/hadoop-mapreduce-client/hadoop-mapreduce-client-core,org.apache.hadoop.mapred.TestTaskProgressReporter.testScratchDirSize,OD,,,
https://github.com/apache/hadoop,a585a73c3e02ac62350c136643a5e7f6095a3dbb,hadoop-mapreduce-project/hadoop-mapreduce-client/hadoop-mapreduce-client-app,org.apache.hadoop.mapreduce.jobhistory.TestJobHistoryEventHandler.testAMStartedEvent,OD,,,
https://github.com/apache/hadoop,a585a73c3e02ac62350c136643a5e7f6095a3dbb,hadoop-mapreduce-project/hadoop-mapreduce-client/hadoop-mapreduce-client-app,org.apache.hadoop.mapreduce.jobhistory.TestJobHistoryEventHandler.testBatchedFlushJobEndMultiplier,OD,,,
https://github.com/apache/hadoop,a585a73c3e02ac62350c136643a5e7f6095a3dbb,hadoop-mapreduce-project/hadoop-mapreduce-client/hadoop-mapreduce-client-app,org.apache.hadoop.mapreduce.jobhistory.TestJobHistoryEventHandler.testCountersToJSON,OD,,,
https://github.com/apache/hadoop,a585a73c3e02ac62350c136643a5e7f6095a3dbb,hadoop-mapreduce-project/hadoop-mapreduce-client/hadoop-mapreduce-client-app,org.apache.hadoop.mapreduce.jobhistory.TestJobHistoryEventHandler.testCountersToJSONEmpty,OD,,,
https://github.com/apache/hadoop,a585a73c3e02ac62350c136643a5e7f6095a3dbb,hadoop-mapreduce-project/hadoop-mapreduce-client/hadoop-mapreduce-client-app,org.apache.hadoop.mapreduce.jobhistory.TestJobHistoryEventHandler.testDontSetTrackingURLIfHistoryWriteFailed,OD,,,
https://github.com/apache/hadoop,a585a73c3e02ac62350c136643a5e7f6095a3dbb,hadoop-mapreduce-project/hadoop-mapreduce-client/hadoop-mapreduce-client-app,org.apache.hadoop.mapreduce.jobhistory.TestJobHistoryEventHandler.testDontSetTrackingURLIfHistoryWriteThrows,OD,,,
https://github.com/apache/hadoop,a585a73c3e02ac62350c136643a5e7f6095a3dbb,hadoop-mapreduce-project/hadoop-mapreduce-client/hadoop-mapreduce-client-app,org.apache.hadoop.mapreduce.jobhistory.TestJobHistoryEventHandler.testFirstFlushOnCompletionEvent,OD,,,
https://github.com/apache/hadoop,a585a73c3e02ac62350c136643a5e7f6095a3dbb,hadoop-mapreduce-project/hadoop-mapreduce-client/hadoop-mapreduce-client-app,org.apache.hadoop.mapreduce.jobhistory.TestJobHistoryEventHandler.testMaxUnflushedCompletionEvents,OD,,,
https://github.com/apache/hadoop,a585a73c3e02ac62350c136643a5e7f6095a3dbb,hadoop-mapreduce-project/hadoop-mapreduce-client/hadoop-mapreduce-client-app,org.apache.hadoop.mapreduce.jobhistory.TestJobHistoryEventHandler.testProcessDoneFilesNotLastAMRetry,OD,,,
https://github.com/apache/hadoop,a585a73c3e02ac62350c136643a5e7f6095a3dbb,hadoop-mapreduce-project/hadoop-mapreduce-client/hadoop-mapreduce-client-app,org.apache.hadoop.mapreduce.jobhistory.TestJobHistoryEventHandler.testProcessDoneFilesOnLastAMRetry,OD,,,
https://github.com/apache/hadoop,a585a73c3e02ac62350c136643a5e7f6095a3dbb,hadoop-mapreduce-project/hadoop-mapreduce-client/hadoop-mapreduce-client-app,org.apache.hadoop.mapreduce.jobhistory.TestJobHistoryEventHandler.testPropertyRedactionForJHS,OD,,,
https://github.com/apache/hadoop,a585a73c3e02ac62350c136643a5e7f6095a3dbb,hadoop-mapreduce-project/hadoop-mapreduce-client/hadoop-mapreduce-client-app,org.apache.hadoop.mapreduce.jobhistory.TestJobHistoryEventHandler.testSetTrackingURLAfterHistoryIsWritten,OD,,,
https://github.com/apache/hadoop,a585a73c3e02ac62350c136643a5e7f6095a3dbb,hadoop-mapreduce-project/hadoop-mapreduce-client/hadoop-mapreduce-client-app,org.apache.hadoop.mapreduce.jobhistory.TestJobHistoryEventHandler.testUnflushedTimer,OD,,,
https://github.com/apache/hadoop,a585a73c3e02ac62350c136643a5e7f6095a3dbb,hadoop-mapreduce-project/hadoop-mapreduce-client/hadoop-mapreduce-client-core,org.apache.hadoop.mapreduce.lib.db.TestSplitters.testBooleanSplitter,OD,,,
https://github.com/apache/hadoop,cc2babc1f75c93bf89a8f10da525f944c15d02ea,hadoop-mapreduce-project/hadoop-mapreduce-client/hadoop-mapreduce-client-core,org.apache.hadoop.mapreduce.lib.input.TestLineRecordReader.testUncompressedInput,OD-Vic,,,
https://github.com/apache/hadoop,cc2babc1f75c93bf89a8f10da525f944c15d02ea,hadoop-mapreduce-project/hadoop-mapreduce-client/hadoop-mapreduce-client-core,org.apache.hadoop.mapreduce.lib.input.TestLineRecordReader.testUncompressedInputContainingCRLF,OD-Vic,,,
https://github.com/apache/hadoop,cc2babc1f75c93bf89a8f10da525f944c15d02ea,hadoop-mapreduce-project/hadoop-mapreduce-client/hadoop-mapreduce-client-core,org.apache.hadoop.mapreduce.lib.input.TestLineRecordReader.testUncompressedInputCustomDelimiterPosValue,OD-Vic,,,
https://github.com/apache/hadoop,cc2babc1f75c93bf89a8f10da525f944c15d02ea,hadoop-mapreduce-project/hadoop-mapreduce-client/hadoop-mapreduce-client-core,org.apache.hadoop.mapreduce.lib.input.TestLineRecordReader.testUncompressedInputDefaultDelimiterPosValue,OD-Vic,,,
https://github.com/apache/hadoop,a585a73c3e02ac62350c136643a5e7f6095a3dbb,hadoop-mapreduce-project/hadoop-mapreduce-client/hadoop-mapreduce-client-core,org.apache.hadoop.mapreduce.security.TestTokenCache.testBinaryCredentialsWithoutScheme,OD,,,
https://github.com/apache/hadoop,a585a73c3e02ac62350c136643a5e7f6095a3dbb,hadoop-mapreduce-project/hadoop-mapreduce-client/hadoop-mapreduce-client-core,org.apache.hadoop.mapreduce.security.TestTokenCache.testBinaryCredentialsWithScheme,OD,,,
https://github.com/apache/hadoop,a585a73c3e02ac62350c136643a5e7f6095a3dbb,hadoop-mapreduce-project/hadoop-mapreduce-client/hadoop-mapreduce-client-core,org.apache.hadoop.mapreduce.security.TestTokenCache.testGetTokensForNamenodes,OD,,,
https://github.com/apache/hadoop,a585a73c3e02ac62350c136643a5e7f6095a3dbb,hadoop-mapreduce-project/hadoop-mapreduce-client/hadoop-mapreduce-client-core,org.apache.hadoop.mapreduce.split.TestJobSplitWriter.testMaxBlockLocationsNewSplits,OD,,,
https://github.com/apache/hadoop,a585a73c3e02ac62350c136643a5e7f6095a3dbb,hadoop-mapreduce-project/hadoop-mapreduce-client/hadoop-mapreduce-client-core,org.apache.hadoop.mapreduce.split.TestJobSplitWriter.testMaxBlockLocationsOldSplits,OD,,,
https://github.com/apache/hadoop,a585a73c3e02ac62350c136643a5e7f6095a3dbb,hadoop-mapreduce-project/hadoop-mapreduce-client/hadoop-mapreduce-client-core,org.apache.hadoop.mapreduce.split.TestJobSplitWriterWithEC.testMaxBlockLocationsNewSplitsWithErasureCoding,OD,,,
https://github.com/apache/hadoop,a585a73c3e02ac62350c136643a5e7f6095a3dbb,hadoop-mapreduce-project/hadoop-mapreduce-client/hadoop-mapreduce-client-core,org.apache.hadoop.mapreduce.split.TestJobSplitWriterWithEC.testMaxBlockLocationsOldSplitsWithErasureCoding,OD,,,
https://github.com/apache/hadoop,a585a73c3e02ac62350c136643a5e7f6095a3dbb,hadoop-mapreduce-project/hadoop-mapreduce-client/hadoop-mapreduce-client-core,org.apache.hadoop.mapreduce.task.reduce.TestFetcher.testCorruptedIFile,OD,,,
https://github.com/apache/hadoop,a585a73c3e02ac62350c136643a5e7f6095a3dbb,hadoop-mapreduce-project/hadoop-mapreduce-client/hadoop-mapreduce-client-core,org.apache.hadoop.mapreduce.task.reduce.TestMergeManager.testLargeMemoryLimits,OD,,,
https://github.com/apache/hadoop,a585a73c3e02ac62350c136643a5e7f6095a3dbb,hadoop-mapreduce-project/hadoop-mapreduce-client/hadoop-mapreduce-client-core,org.apache.hadoop.mapreduce.task.reduce.TestMergeManager.testOnDiskMerger,OD,,,
https://github.com/apache/hadoop,a585a73c3e02ac62350c136643a5e7f6095a3dbb,hadoop-mapreduce-project/hadoop-mapreduce-client/hadoop-mapreduce-client-core,org.apache.hadoop.mapreduce.task.reduce.TestMergeManager.testZeroShuffleMemoryLimitPercent,OD,,,
https://github.com/apache/hadoop,a585a73c3e02ac62350c136643a5e7f6095a3dbb,hadoop-mapreduce-project/hadoop-mapreduce-client/hadoop-mapreduce-client-core,org.apache.hadoop.mapreduce.task.reduce.TestMerger.testCompressed,OD,,,
https://github.com/apache/hadoop,a585a73c3e02ac62350c136643a5e7f6095a3dbb,hadoop-mapreduce-project/hadoop-mapreduce-client/hadoop-mapreduce-client-core,org.apache.hadoop.mapreduce.task.reduce.TestMerger.testEncryptedMerger,OD,,,
https://github.com/apache/hadoop,a585a73c3e02ac62350c136643a5e7f6095a3dbb,hadoop-mapreduce-project/hadoop-mapreduce-client/hadoop-mapreduce-client-core,org.apache.hadoop.mapreduce.task.reduce.TestMerger.testInMemoryAndOnDiskMerger,OD,,,
https://github.com/apache/hadoop,a585a73c3e02ac62350c136643a5e7f6095a3dbb,hadoop-mapreduce-project/hadoop-mapreduce-client/hadoop-mapreduce-client-core,org.apache.hadoop.mapreduce.task.reduce.TestMerger.testUncompressed,OD,,,
https://github.com/apache/hadoop,a585a73c3e02ac62350c136643a5e7f6095a3dbb,hadoop-mapreduce-project/hadoop-mapreduce-client/hadoop-mapreduce-client-core,org.apache.hadoop.mapreduce.TestJobResourceUploader.testAllDefaults,OD,,,
https://github.com/apache/hadoop,a585a73c3e02ac62350c136643a5e7f6095a3dbb,hadoop-mapreduce-project/hadoop-mapreduce-client/hadoop-mapreduce-client-core,org.apache.hadoop.mapreduce.TestJobResourceUploader.testAtResourceLimit,OD,,,
https://github.com/apache/hadoop,a585a73c3e02ac62350c136643a5e7f6095a3dbb,hadoop-mapreduce-project/hadoop-mapreduce-client/hadoop-mapreduce-client-core,org.apache.hadoop.mapreduce.TestJobResourceUploader.testAtResourcesMBLimit,OD,,,
https://github.com/apache/hadoop,a585a73c3e02ac62350c136643a5e7f6095a3dbb,hadoop-mapreduce-project/hadoop-mapreduce-client/hadoop-mapreduce-client-core,org.apache.hadoop.mapreduce.TestJobResourceUploader.testAtSingleResourceMBLimit,OD,,,
https://github.com/apache/hadoop,a585a73c3e02ac62350c136643a5e7f6095a3dbb,hadoop-mapreduce-project/hadoop-mapreduce-client/hadoop-mapreduce-client-core,org.apache.hadoop.mapreduce.TestJobResourceUploader.testNoLimitsWithResources,OD,,,
https://github.com/apache/hadoop,a585a73c3e02ac62350c136643a5e7f6095a3dbb,hadoop-mapreduce-project/hadoop-mapreduce-client/hadoop-mapreduce-client-core,org.apache.hadoop.mapreduce.TestJobResourceUploader.testOverResourceLimit,OD,,,
https://github.com/apache/hadoop,a585a73c3e02ac62350c136643a5e7f6095a3dbb,hadoop-mapreduce-project/hadoop-mapreduce-client/hadoop-mapreduce-client-core,org.apache.hadoop.mapreduce.TestJobResourceUploader.testOverResourcesMBLimit,OD,,,
https://github.com/apache/hadoop,a585a73c3e02ac62350c136643a5e7f6095a3dbb,hadoop-mapreduce-project/hadoop-mapreduce-client/hadoop-mapreduce-client-core,org.apache.hadoop.mapreduce.TestJobResourceUploader.testOverSingleResourceMBLimit,OD,,,
https://github.com/apache/hadoop,a585a73c3e02ac62350c136643a5e7f6095a3dbb,hadoop-mapreduce-project/hadoop-mapreduce-client/hadoop-mapreduce-client-core,org.apache.hadoop.mapreduce.TestJobResourceUploader.testPathsWithFragNoSchemeAbsolute,OD,,,
https://github.com/apache/hadoop,a585a73c3e02ac62350c136643a5e7f6095a3dbb,hadoop-mapreduce-project/hadoop-mapreduce-client/hadoop-mapreduce-client-core,org.apache.hadoop.mapreduce.TestJobResourceUploader.testPathsWithFragNoSchemeRelative,OD,,,
https://github.com/apache/hadoop,a585a73c3e02ac62350c136643a5e7f6095a3dbb,hadoop-mapreduce-project/hadoop-mapreduce-client/hadoop-mapreduce-client-core,org.apache.hadoop.mapreduce.TestJobResourceUploader.testPathsWithFragsAndWildCard,OD,,,
https://github.com/apache/hadoop,a585a73c3e02ac62350c136643a5e7f6095a3dbb,hadoop-mapreduce-project/hadoop-mapreduce-client/hadoop-mapreduce-client-core,org.apache.hadoop.mapreduce.TestJobResourceUploader.testPathsWithFragSchemeAbsolute,OD,,,
https://github.com/apache/hadoop,a585a73c3e02ac62350c136643a5e7f6095a3dbb,hadoop-mapreduce-project/hadoop-mapreduce-client/hadoop-mapreduce-client-core,org.apache.hadoop.mapreduce.TestJobResourceUploader.testPathsWithNoFragAndWildCard,OD,,,
https://github.com/apache/hadoop,a585a73c3e02ac62350c136643a5e7f6095a3dbb,hadoop-mapreduce-project/hadoop-mapreduce-client/hadoop-mapreduce-client-core,org.apache.hadoop.mapreduce.TestJobResourceUploader.testPathsWithNoFragNoSchemeAbsolute,OD,,,
https://github.com/apache/hadoop,a585a73c3e02ac62350c136643a5e7f6095a3dbb,hadoop-mapreduce-project/hadoop-mapreduce-client/hadoop-mapreduce-client-core,org.apache.hadoop.mapreduce.TestJobResourceUploader.testPathsWithNoFragNoSchemeRelative,OD,,,
https://github.com/apache/hadoop,a585a73c3e02ac62350c136643a5e7f6095a3dbb,hadoop-mapreduce-project/hadoop-mapreduce-client/hadoop-mapreduce-client-core,org.apache.hadoop.mapreduce.TestJobResourceUploader.testPathsWithNoFragWithSchemeAbsolute,OD,,,
https://github.com/apache/hadoop,a585a73c3e02ac62350c136643a5e7f6095a3dbb,hadoop-mapreduce-project/hadoop-mapreduce-client/hadoop-mapreduce-client-core,org.apache.hadoop.mapreduce.TestJobResourceUploader.testStringToPath,OD,,,
https://github.com/apache/hadoop,a585a73c3e02ac62350c136643a5e7f6095a3dbb,hadoop-mapreduce-project/hadoop-mapreduce-client/hadoop-mapreduce-client-core,org.apache.hadoop.mapreduce.TestJobResourceUploaderWithSharedCache.testSharedCacheArchivesAndLibjarsEnabled,OD,,,
https://github.com/apache/hadoop,a585a73c3e02ac62350c136643a5e7f6095a3dbb,hadoop-mapreduce-project/hadoop-mapreduce-client/hadoop-mapreduce-client-core,org.apache.hadoop.mapreduce.TestJobResourceUploaderWithSharedCache.testSharedCacheDisabled,OD,,,
https://github.com/apache/hadoop,a585a73c3e02ac62350c136643a5e7f6095a3dbb,hadoop-mapreduce-project/hadoop-mapreduce-client/hadoop-mapreduce-client-core,org.apache.hadoop.mapreduce.TestJobResourceUploaderWithSharedCache.testSharedCacheEnabled,OD,,,
https://github.com/apache/hadoop,a585a73c3e02ac62350c136643a5e7f6095a3dbb,hadoop-mapreduce-project/hadoop-mapreduce-client/hadoop-mapreduce-client-core,org.apache.hadoop.mapreduce.TestJobResourceUploaderWithSharedCache.testSharedCacheEnabledWithJobJarInSharedCache,OD,,,
https://github.com/apache/hadoop,a585a73c3e02ac62350c136643a5e7f6095a3dbb,hadoop-mapreduce-project/hadoop-mapreduce-client/hadoop-mapreduce-client-app,org.apache.hadoop.mapreduce.v2.app.metrics.TestMRAppMetrics.testNames,OD,,,
https://github.com/apache/hadoop,a585a73c3e02ac62350c136643a5e7f6095a3dbb,hadoop-mapreduce-project/hadoop-mapreduce-client/hadoop-mapreduce-client-app,org.apache.hadoop.mapreduce.v2.app.rm.TestRMContainerAllocator.testReportedAppProgress,OD,,,
https://github.com/apache/hadoop,a585a73c3e02ac62350c136643a5e7f6095a3dbb,hadoop-mapreduce-project/hadoop-mapreduce-client/hadoop-mapreduce-client-app,org.apache.hadoop.mapreduce.v2.app.TestAMInfos.testAMInfosWithoutRecoveryEnabled,OD,,,
https://github.com/apache/hadoop,a585a73c3e02ac62350c136643a5e7f6095a3dbb,hadoop-mapreduce-project/hadoop-mapreduce-client/hadoop-mapreduce-client-app,org.apache.hadoop.mapreduce.v2.app.TestFetchFailure.testFetchFailureWithRecovery,OD,,,
https://github.com/apache/hadoop,a585a73c3e02ac62350c136643a5e7f6095a3dbb,hadoop-mapreduce-project/hadoop-mapreduce-client/hadoop-mapreduce-client-app,org.apache.hadoop.mapreduce.v2.app.TestMRAppComponentDependencies.testComponentStopOrder,OD,,,
https://github.com/apache/hadoop,cc2babc1f75c93bf89a8f10da525f944c15d02ea,hadoop-mapreduce-project/hadoop-mapreduce-client/hadoop-mapreduce-client-app,org.apache.hadoop.mapreduce.v2.app.TestMRAppMaster.testMRAppMasterFailLock,OD-Vic,,,
https://github.com/apache/hadoop,cc2babc1f75c93bf89a8f10da525f944c15d02ea,hadoop-mapreduce-project/hadoop-mapreduce-client/hadoop-mapreduce-client-app,org.apache.hadoop.mapreduce.v2.app.TestMRAppMaster.testMRAppMasterMidLock,OD-Vic,,,
https://github.com/apache/hadoop,cc2babc1f75c93bf89a8f10da525f944c15d02ea,hadoop-mapreduce-project/hadoop-mapreduce-client/hadoop-mapreduce-client-app,org.apache.hadoop.mapreduce.v2.app.TestMRAppMaster.testMRAppMasterSuccessLock,OD-Vic,,,
https://github.com/apache/hadoop,a585a73c3e02ac62350c136643a5e7f6095a3dbb,hadoop-mapreduce-project/hadoop-mapreduce-client/hadoop-mapreduce-client-app,org.apache.hadoop.mapreduce.v2.app.TestTaskHeartbeatHandler.testTaskStuck,OD,,,
https://github.com/apache/hadoop,a585a73c3e02ac62350c136643a5e7f6095a3dbb,hadoop-mapreduce-project/hadoop-mapreduce-client/hadoop-mapreduce-client-app,org.apache.hadoop.mapreduce.v2.app.webapp.TestAMWebServicesJobConf.testJobConfXML,OD,,,
https://github.com/apache/hadoop,a585a73c3e02ac62350c136643a5e7f6095a3dbb,hadoop-mapreduce-project/hadoop-mapreduce-client/hadoop-mapreduce-client-hs,org.apache.hadoop.mapreduce.v2.hs.TestHistoryFileManager.testCreateDirsWithFileSystem,OD,,,
https://github.com/apache/hadoop,a585a73c3e02ac62350c136643a5e7f6095a3dbb,hadoop-mapreduce-project/hadoop-mapreduce-client/hadoop-mapreduce-client-hs,org.apache.hadoop.mapreduce.v2.hs.TestHistoryFileManager.testCreateDirsWithFileSystemBecomingAvailBeforeTimeout,OD,,,
https://github.com/apache/hadoop,a585a73c3e02ac62350c136643a5e7f6095a3dbb,hadoop-mapreduce-project/hadoop-mapreduce-client/hadoop-mapreduce-client-hs,org.apache.hadoop.mapreduce.v2.hs.TestHistoryFileManager.testCreateDirsWithFileSystemInSafeMode,OD,,,
https://github.com/apache/hadoop,a585a73c3e02ac62350c136643a5e7f6095a3dbb,hadoop-mapreduce-project/hadoop-mapreduce-client/hadoop-mapreduce-client-hs,org.apache.hadoop.mapreduce.v2.hs.TestHistoryFileManager.testCreateDirsWithFileSystemNotBecomingAvailBeforeTimeout,OD,,,
https://github.com/apache/hadoop,a585a73c3e02ac62350c136643a5e7f6095a3dbb,hadoop-mapreduce-project/hadoop-mapreduce-client/hadoop-mapreduce-client-hs,org.apache.hadoop.mapreduce.v2.hs.TestHistoryFileManager.testCreateDirsWithoutFileSystem,OD,,,
https://github.com/apache/hadoop,a585a73c3e02ac62350c136643a5e7f6095a3dbb,hadoop-mapreduce-project/hadoop-mapreduce-client/hadoop-mapreduce-client-hs,org.apache.hadoop.mapreduce.v2.hs.TestHistoryFileManager.testHistoryFileInfoLoadNormalSizedJobShouldReturnCompletedJob,OD,,,
https://github.com/apache/hadoop,a585a73c3e02ac62350c136643a5e7f6095a3dbb,hadoop-mapreduce-project/hadoop-mapreduce-client/hadoop-mapreduce-client-hs,org.apache.hadoop.mapreduce.v2.hs.TestHistoryFileManager.testHistoryFileInfoLoadOversizedJobShouldReturnUnParsedJob,OD,,,
https://github.com/apache/hadoop,a585a73c3e02ac62350c136643a5e7f6095a3dbb,hadoop-mapreduce-project/hadoop-mapreduce-client/hadoop-mapreduce-client-hs,org.apache.hadoop.mapreduce.v2.hs.TestHistoryFileManager.testHistoryFileInfoShouldReturnCompletedJobIfMaxNotConfiged,OD,,,
https://github.com/apache/hadoop,a585a73c3e02ac62350c136643a5e7f6095a3dbb,hadoop-mapreduce-project/hadoop-mapreduce-client/hadoop-mapreduce-client-hs,org.apache.hadoop.mapreduce.v2.hs.TestHistoryFileManager.testHistoryFileInfoSummaryFileNotExist,OD,,,
https://github.com/apache/hadoop,a585a73c3e02ac62350c136643a5e7f6095a3dbb,hadoop-mapreduce-project/hadoop-mapreduce-client/hadoop-mapreduce-client-hs,org.apache.hadoop.mapreduce.v2.hs.TestHistoryFileManager.testMoveToDoneAlreadyMovedSucceeds,OD,,,
https://github.com/apache/hadoop,a585a73c3e02ac62350c136643a5e7f6095a3dbb,hadoop-mapreduce-project/hadoop-mapreduce-client/hadoop-mapreduce-client-hs,org.apache.hadoop.mapreduce.v2.hs.TestHistoryFileManager.testScanDirectory,OD,,,
https://github.com/apache/hadoop,cc2babc1f75c93bf89a8f10da525f944c15d02ea,hadoop-mapreduce-project/hadoop-mapreduce-client/hadoop-mapreduce-client-hs,org.apache.hadoop.mapreduce.v2.hs.TestJobHistoryParsing.testHistoryParsing,OD-Vic,,,
https://github.com/apache/hadoop,cc2babc1f75c93bf89a8f10da525f944c15d02ea,hadoop-mapreduce-project/hadoop-mapreduce-client/hadoop-mapreduce-client-hs,org.apache.hadoop.mapreduce.v2.hs.TestJobHistoryParsing.testHistoryParsingForFailedAttempts,OD-Vic,,,
https://github.com/apache/hadoop,a585a73c3e02ac62350c136643a5e7f6095a3dbb,hadoop-common-project/hadoop-minikdc,org.apache.hadoop.minikdc.TestChangeOrgNameAndDomain.testKerberosLogin,OD,,,
https://github.com/apache/hadoop,a585a73c3e02ac62350c136643a5e7f6095a3dbb,hadoop-common-project/hadoop-minikdc,org.apache.hadoop.minikdc.TestMiniKdc.testKerberosLogin,OD,,,
https://github.com/apache/hadoop,a585a73c3e02ac62350c136643a5e7f6095a3dbb,hadoop-common-project/hadoop-registry,org.apache.hadoop.registry.cli.TestRegistryCli.testBadPath,OD,,,
https://github.com/apache/hadoop,a585a73c3e02ac62350c136643a5e7f6095a3dbb,hadoop-common-project/hadoop-registry,org.apache.hadoop.registry.cli.TestRegistryCli.testNotExistingPaths,OD,,,
https://github.com/apache/hadoop,a585a73c3e02ac62350c136643a5e7f6095a3dbb,hadoop-common-project/hadoop-registry,org.apache.hadoop.registry.cli.TestRegistryCli.testValidCommands,OD,,,
https://github.com/apache/hadoop,a585a73c3e02ac62350c136643a5e7f6095a3dbb,hadoop-common-project/hadoop-registry,org.apache.hadoop.registry.operations.TestRegistryOperations.testComplexUsernames,OD,,,
https://github.com/apache/hadoop,a585a73c3e02ac62350c136643a5e7f6095a3dbb,hadoop-common-project/hadoop-registry,org.apache.hadoop.registry.operations.TestRegistryOperations.testDeleteNonEmpty,OD,,,
https://github.com/apache/hadoop,a585a73c3e02ac62350c136643a5e7f6095a3dbb,hadoop-common-project/hadoop-registry,org.apache.hadoop.registry.operations.TestRegistryOperations.testDeleteNonexistentEntry,OD,,,
https://github.com/apache/hadoop,a585a73c3e02ac62350c136643a5e7f6095a3dbb,hadoop-common-project/hadoop-registry,org.apache.hadoop.registry.operations.TestRegistryOperations.testDeleteServiceEntry,OD,,,
https://github.com/apache/hadoop,a585a73c3e02ac62350c136643a5e7f6095a3dbb,hadoop-common-project/hadoop-registry,org.apache.hadoop.registry.operations.TestRegistryOperations.testDoubleMkdir,OD,,,
https://github.com/apache/hadoop,a585a73c3e02ac62350c136643a5e7f6095a3dbb,hadoop-common-project/hadoop-registry,org.apache.hadoop.registry.operations.TestRegistryOperations.testLsEmptyPath,OD,,,
https://github.com/apache/hadoop,a585a73c3e02ac62350c136643a5e7f6095a3dbb,hadoop-common-project/hadoop-registry,org.apache.hadoop.registry.operations.TestRegistryOperations.testLsParent,OD,,,
https://github.com/apache/hadoop,a585a73c3e02ac62350c136643a5e7f6095a3dbb,hadoop-common-project/hadoop-registry,org.apache.hadoop.registry.operations.TestRegistryOperations.testMkdirNoParent,OD,,,
https://github.com/apache/hadoop,a585a73c3e02ac62350c136643a5e7f6095a3dbb,hadoop-common-project/hadoop-registry,org.apache.hadoop.registry.operations.TestRegistryOperations.testOverwrite,OD,,,
https://github.com/apache/hadoop,a585a73c3e02ac62350c136643a5e7f6095a3dbb,hadoop-common-project/hadoop-registry,org.apache.hadoop.registry.operations.TestRegistryOperations.testPutMinimalRecord,OD,,,
https://github.com/apache/hadoop,a585a73c3e02ac62350c136643a5e7f6095a3dbb,hadoop-common-project/hadoop-registry,org.apache.hadoop.registry.operations.TestRegistryOperations.testStat,OD,,,
https://github.com/apache/hadoop,a585a73c3e02ac62350c136643a5e7f6095a3dbb,hadoop-common-project/hadoop-registry,org.apache.hadoop.registry.operations.TestRegistryOperations.testStatOneLevelDown,OD,,,
https://github.com/apache/hadoop,a585a73c3e02ac62350c136643a5e7f6095a3dbb,hadoop-common-project/hadoop-registry,org.apache.hadoop.registry.operations.TestRegistryOperations.testStatRootPath,OD,,,
https://github.com/apache/hadoop,a585a73c3e02ac62350c136643a5e7f6095a3dbb,hadoop-common-project/hadoop-registry,org.apache.hadoop.registry.secure.TestSecureLogins.testClientLogin,OD,,,
https://github.com/apache/hadoop,a585a73c3e02ac62350c136643a5e7f6095a3dbb,hadoop-common-project/hadoop-registry,org.apache.hadoop.registry.secure.TestSecureLogins.testHasRealm,OD,,,
https://github.com/apache/hadoop,a585a73c3e02ac62350c136643a5e7f6095a3dbb,hadoop-common-project/hadoop-registry,org.apache.hadoop.registry.secure.TestSecureLogins.testJaasFileBinding,OD,,,
https://github.com/apache/hadoop,a585a73c3e02ac62350c136643a5e7f6095a3dbb,hadoop-common-project/hadoop-registry,org.apache.hadoop.registry.secure.TestSecureLogins.testJaasFileSetup,OD,,,
https://github.com/apache/hadoop,a585a73c3e02ac62350c136643a5e7f6095a3dbb,hadoop-common-project/hadoop-registry,org.apache.hadoop.registry.secure.TestSecureLogins.testKerberosAuth,OD,,,
https://github.com/apache/hadoop,cc2babc1f75c93bf89a8f10da525f944c15d02ea,hadoop-yarn-project/hadoop-yarn/hadoop-yarn-registry,org.apache.hadoop.registry.secure.TestSecureLogins.testKerberosRulesValid,OD,,,
https://github.com/apache/hadoop,a585a73c3e02ac62350c136643a5e7f6095a3dbb,hadoop-common-project/hadoop-registry,org.apache.hadoop.registry.secure.TestSecureLogins.testServerLogin,OD,,,
https://github.com/apache/hadoop,a585a73c3e02ac62350c136643a5e7f6095a3dbb,hadoop-common-project/hadoop-registry,org.apache.hadoop.registry.secure.TestSecureLogins.testValidKerberosName,OD,,,
https://github.com/apache/hadoop,a585a73c3e02ac62350c136643a5e7f6095a3dbb,hadoop-common-project/hadoop-registry,org.apache.hadoop.registry.secure.TestSecureLogins.testZKServerContextLogin,OD,,,
https://github.com/apache/hadoop,a585a73c3e02ac62350c136643a5e7f6095a3dbb,hadoop-common-project/hadoop-registry,org.apache.hadoop.registry.secure.TestSecureRegistry.testCreateSecureZK,OD,,,
https://github.com/apache/hadoop,a585a73c3e02ac62350c136643a5e7f6095a3dbb,hadoop-common-project/hadoop-registry,org.apache.hadoop.registry.secure.TestSecureRegistry.testInsecureClientToZK,OD,,,
https://github.com/apache/hadoop,a585a73c3e02ac62350c136643a5e7f6095a3dbb,hadoop-common-project/hadoop-registry,org.apache.hadoop.registry.secure.TestSecureRegistry.testSystemPropertyOverwrite,OD,,,
https://github.com/apache/hadoop,a585a73c3e02ac62350c136643a5e7f6095a3dbb,hadoop-common-project/hadoop-registry,org.apache.hadoop.registry.secure.TestSecureRegistry.testZookeeperCanWrite,OD,,,
https://github.com/apache/hadoop,cc2babc1f75c93bf89a8f10da525f944c15d02ea,hadoop-common-project/hadoop-auth,org.apache.hadoop.security.authentication.util.TestKerberosName.testRules,OD-Vic,,,
https://github.com/apache/hadoop,cc2babc1f75c93bf89a8f10da525f944c15d02ea,hadoop-hdfs-project/hadoop-hdfs-httpfs,org.apache.hadoop.test.TestHFSTestCase.testHadoopFileSystem,OD,,,
https://github.com/apache/hadoop,a585a73c3e02ac62350c136643a5e7f6095a3dbb,hadoop-yarn-project/hadoop-yarn/hadoop-yarn-client,org.apache.hadoop.yarn.client.api.impl.TestAMRMClientContainerRequest.testDisableLocalityRelaxation,OD,,,
https://github.com/apache/hadoop,a585a73c3e02ac62350c136643a5e7f6095a3dbb,hadoop-yarn-project/hadoop-yarn/hadoop-yarn-client,org.apache.hadoop.yarn.client.api.impl.TestAMRMClientContainerRequest.testFillInRacks,OD,,,
https://github.com/apache/hadoop,a585a73c3e02ac62350c136643a5e7f6095a3dbb,hadoop-yarn-project/hadoop-yarn/hadoop-yarn-client,org.apache.hadoop.yarn.client.api.impl.TestAMRMClientContainerRequest.testOpportunisticAndGuaranteedRequests,OD,,,
https://github.com/apache/hadoop,a585a73c3e02ac62350c136643a5e7f6095a3dbb,hadoop-yarn-project/hadoop-yarn/hadoop-yarn-client,org.apache.hadoop.yarn.client.api.impl.TestAMRMClientOnRMRestart.testAMRMClientResendsRequestsOnRMRestart,OD,,,
https://github.com/apache/hadoop,a585a73c3e02ac62350c136643a5e7f6095a3dbb,hadoop-yarn-project/hadoop-yarn/hadoop-yarn-client,org.apache.hadoop.yarn.client.api.impl.TestOpportunisticContainerAllocationE2E.testDemotionFromAcquired,OD,,,
https://github.com/apache/hadoop,a585a73c3e02ac62350c136643a5e7f6095a3dbb,hadoop-yarn-project/hadoop-yarn/hadoop-yarn-client,org.apache.hadoop.yarn.client.api.impl.TestOpportunisticContainerAllocationE2E.testMixedAllocationAndRelease,OD,,,
https://github.com/apache/hadoop,a585a73c3e02ac62350c136643a5e7f6095a3dbb,hadoop-yarn-project/hadoop-yarn/hadoop-yarn-client,org.apache.hadoop.yarn.client.api.impl.TestOpportunisticContainerAllocationE2E.testOpportunisticAllocation,OD,,,
https://github.com/apache/hadoop,a585a73c3e02ac62350c136643a5e7f6095a3dbb,hadoop-yarn-project/hadoop-yarn/hadoop-yarn-client,org.apache.hadoop.yarn.client.api.impl.TestOpportunisticContainerAllocationE2E.testPromotionFromAcquired,OD,,,
https://github.com/apache/hadoop,a585a73c3e02ac62350c136643a5e7f6095a3dbb,hadoop-yarn-project/hadoop-yarn/hadoop-yarn-client,org.apache.hadoop.yarn.client.TestGetGroups.testExistingInterleavedWithNonExistentUsers,OD,,,
https://github.com/apache/hadoop,a585a73c3e02ac62350c136643a5e7f6095a3dbb,hadoop-yarn-project/hadoop-yarn/hadoop-yarn-client,org.apache.hadoop.yarn.client.TestGetGroups.testExistingUser,OD,,,
https://github.com/apache/hadoop,a585a73c3e02ac62350c136643a5e7f6095a3dbb,hadoop-yarn-project/hadoop-yarn/hadoop-yarn-client,org.apache.hadoop.yarn.client.TestGetGroups.testMultipleExistingUsers,OD,,,
https://github.com/apache/hadoop,a585a73c3e02ac62350c136643a5e7f6095a3dbb,hadoop-yarn-project/hadoop-yarn/hadoop-yarn-client,org.apache.hadoop.yarn.client.TestGetGroups.testMultipleNonExistingUsers,OD,,,
https://github.com/apache/hadoop,a585a73c3e02ac62350c136643a5e7f6095a3dbb,hadoop-yarn-project/hadoop-yarn/hadoop-yarn-client,org.apache.hadoop.yarn.client.TestGetGroups.testNonExistentUser,OD,,,
https://github.com/apache/hadoop,a585a73c3e02ac62350c136643a5e7f6095a3dbb,hadoop-yarn-project/hadoop-yarn/hadoop-yarn-client,org.apache.hadoop.yarn.client.TestGetGroups.testNoUserGiven,OD,,,
https://github.com/apache/hadoop,a585a73c3e02ac62350c136643a5e7f6095a3dbb,hadoop-yarn-project/hadoop-yarn/hadoop-yarn-client,org.apache.hadoop.yarn.client.TestResourceManagerAdministrationProtocolPBClientImpl.testRefreshAdminAcls,OD,,,
https://github.com/apache/hadoop,a585a73c3e02ac62350c136643a5e7f6095a3dbb,hadoop-yarn-project/hadoop-yarn/hadoop-yarn-client,org.apache.hadoop.yarn.client.TestResourceManagerAdministrationProtocolPBClientImpl.testRefreshNodes,OD,,,
https://github.com/apache/hadoop,a585a73c3e02ac62350c136643a5e7f6095a3dbb,hadoop-yarn-project/hadoop-yarn/hadoop-yarn-client,org.apache.hadoop.yarn.client.TestResourceManagerAdministrationProtocolPBClientImpl.testRefreshQueues,OD,,,
https://github.com/apache/hadoop,a585a73c3e02ac62350c136643a5e7f6095a3dbb,hadoop-yarn-project/hadoop-yarn/hadoop-yarn-client,org.apache.hadoop.yarn.client.TestResourceManagerAdministrationProtocolPBClientImpl.testRefreshServiceAcls,OD,,,
https://github.com/apache/hadoop,a585a73c3e02ac62350c136643a5e7f6095a3dbb,hadoop-yarn-project/hadoop-yarn/hadoop-yarn-client,org.apache.hadoop.yarn.client.TestResourceManagerAdministrationProtocolPBClientImpl.testRefreshSuperUserGroupsConfiguration,OD,,,
https://github.com/apache/hadoop,a585a73c3e02ac62350c136643a5e7f6095a3dbb,hadoop-yarn-project/hadoop-yarn/hadoop-yarn-client,org.apache.hadoop.yarn.client.TestResourceManagerAdministrationProtocolPBClientImpl.testRefreshUserToGroupsMappings,OD,,,
https://github.com/apache/hadoop,a585a73c3e02ac62350c136643a5e7f6095a3dbb,hadoop-yarn-project/hadoop-yarn/hadoop-yarn-client,org.apache.hadoop.yarn.client.TestResourceManagerAdministrationProtocolPBClientImpl.testUpdateNodeResource,OD,,,
https://github.com/apache/hadoop,a585a73c3e02ac62350c136643a5e7f6095a3dbb,hadoop-yarn-project/hadoop-yarn/hadoop-yarn-common,org.apache.hadoop.yarn.event.TestAsyncDispatcher.testPrintDispatcherEventDetails,OD,,,
https://github.com/apache/hadoop,a585a73c3e02ac62350c136643a5e7f6095a3dbb,hadoop-yarn-project/hadoop-yarn/hadoop-yarn-common,org.apache.hadoop.yarn.factories.impl.pb.TestRpcClientFactoryPBImpl.testToUseCustomClassloader,OD,,,
https://github.com/apache/hadoop,a585a73c3e02ac62350c136643a5e7f6095a3dbb,hadoop-yarn-project/hadoop-yarn/hadoop-yarn-common,org.apache.hadoop.yarn.logaggregation.TestAggregatedLogFormat.testReadAcontainerLogs1,OD,,,
https://github.com/apache/hadoop,a585a73c3e02ac62350c136643a5e7f6095a3dbb,hadoop-yarn-project/hadoop-yarn/hadoop-yarn-common,org.apache.hadoop.yarn.logaggregation.TestAggregatedLogFormat.testZeroLengthLog,OD,,,
https://github.com/apache/hadoop,a585a73c3e02ac62350c136643a5e7f6095a3dbb,hadoop-yarn-project/hadoop-yarn/hadoop-yarn-common,org.apache.hadoop.yarn.logaggregation.TestAggregatedLogsBlock.testAggregatedLogsBlock,OD,,,
https://github.com/apache/hadoop,a585a73c3e02ac62350c136643a5e7f6095a3dbb,hadoop-yarn-project/hadoop-yarn/hadoop-yarn-server/hadoop-yarn-server-common,org.apache.hadoop.yarn.server.federation.policies.amrmproxy.TestLocalityMulticastAMRMProxyPolicy.testStressPolicy,OD,,,
https://github.com/apache/hadoop,a585a73c3e02ac62350c136643a5e7f6095a3dbb,hadoop-yarn-project/hadoop-yarn/hadoop-yarn-server/hadoop-yarn-server-common,org.apache.hadoop.yarn.server.federation.store.metrics.TestFederationStateStoreClientMetrics.testAggregateMetricInit,OD,,,
https://github.com/apache/hadoop,a585a73c3e02ac62350c136643a5e7f6095a3dbb,hadoop-yarn-project/hadoop-yarn/hadoop-yarn-server/hadoop-yarn-server-common,org.apache.hadoop.yarn.server.federation.store.metrics.TestFederationStateStoreClientMetrics.testSuccessfulCalls,OD,,,
https://github.com/apache/hadoop,a585a73c3e02ac62350c136643a5e7f6095a3dbb,hadoop-yarn-project/hadoop-yarn/hadoop-yarn-server/hadoop-yarn-server-router,org.apache.hadoop.yarn.server.router.webapp.TestRouterWebServicesREST.testActiviesXML,OD,,,
https://github.com/apache/hadoop,a585a73c3e02ac62350c136643a5e7f6095a3dbb,hadoop-yarn-project/hadoop-yarn/hadoop-yarn-server/hadoop-yarn-server-router,org.apache.hadoop.yarn.server.router.webapp.TestRouterWebServicesREST.testAddToClusterNodeLabelsXML,OD,,,
https://github.com/apache/hadoop,a585a73c3e02ac62350c136643a5e7f6095a3dbb,hadoop-yarn-project/hadoop-yarn/hadoop-yarn-server/hadoop-yarn-server-router,org.apache.hadoop.yarn.server.router.webapp.TestRouterWebServicesREST.testAppActivitiesXML,OD,,,
https://github.com/apache/hadoop,a585a73c3e02ac62350c136643a5e7f6095a3dbb,hadoop-yarn-project/hadoop-yarn/hadoop-yarn-server/hadoop-yarn-server-router,org.apache.hadoop.yarn.server.router.webapp.TestRouterWebServicesREST.testAppAttemptXML,OD,,,
https://github.com/apache/hadoop,a585a73c3e02ac62350c136643a5e7f6095a3dbb,hadoop-yarn-project/hadoop-yarn/hadoop-yarn-server/hadoop-yarn-server-router,org.apache.hadoop.yarn.server.router.webapp.TestRouterWebServicesREST.testAppPriorityXML,OD,,,
https://github.com/apache/hadoop,a585a73c3e02ac62350c136643a5e7f6095a3dbb,hadoop-yarn-project/hadoop-yarn/hadoop-yarn-server/hadoop-yarn-server-router,org.apache.hadoop.yarn.server.router.webapp.TestRouterWebServicesREST.testAppQueueXML,OD,,,
https://github.com/apache/hadoop,a585a73c3e02ac62350c136643a5e7f6095a3dbb,hadoop-yarn-project/hadoop-yarn/hadoop-yarn-server/hadoop-yarn-server-router,org.apache.hadoop.yarn.server.router.webapp.TestRouterWebServicesREST.testAppStateXML,OD,,,
https://github.com/apache/hadoop,a585a73c3e02ac62350c136643a5e7f6095a3dbb,hadoop-yarn-project/hadoop-yarn/hadoop-yarn-server/hadoop-yarn-server-router,org.apache.hadoop.yarn.server.router.webapp.TestRouterWebServicesREST.testAppStatisticsXML,OD,,,
https://github.com/apache/hadoop,a585a73c3e02ac62350c136643a5e7f6095a3dbb,hadoop-yarn-project/hadoop-yarn/hadoop-yarn-server/hadoop-yarn-server-router,org.apache.hadoop.yarn.server.router.webapp.TestRouterWebServicesREST.testAppsXML,OD,,,
https://github.com/apache/hadoop,a585a73c3e02ac62350c136643a5e7f6095a3dbb,hadoop-yarn-project/hadoop-yarn/hadoop-yarn-server/hadoop-yarn-server-router,org.apache.hadoop.yarn.server.router.webapp.TestRouterWebServicesREST.testAppTimeoutsXML,OD,,,
https://github.com/apache/hadoop,a585a73c3e02ac62350c136643a5e7f6095a3dbb,hadoop-yarn-project/hadoop-yarn/hadoop-yarn-server/hadoop-yarn-server-router,org.apache.hadoop.yarn.server.router.webapp.TestRouterWebServicesREST.testAppTimeoutXML,OD,,,
https://github.com/apache/hadoop,a585a73c3e02ac62350c136643a5e7f6095a3dbb,hadoop-yarn-project/hadoop-yarn/hadoop-yarn-server/hadoop-yarn-server-router,org.apache.hadoop.yarn.server.router.webapp.TestRouterWebServicesREST.testAppXML,OD,,,
https://github.com/apache/hadoop,a585a73c3e02ac62350c136643a5e7f6095a3dbb,hadoop-yarn-project/hadoop-yarn/hadoop-yarn-server/hadoop-yarn-server-router,org.apache.hadoop.yarn.server.router.webapp.TestRouterWebServicesREST.testClusterInfoXML,OD,,,
https://github.com/apache/hadoop,a585a73c3e02ac62350c136643a5e7f6095a3dbb,hadoop-yarn-project/hadoop-yarn/hadoop-yarn-server/hadoop-yarn-server-router,org.apache.hadoop.yarn.server.router.webapp.TestRouterWebServicesREST.testDeleteReservationXML,OD,,,
https://github.com/apache/hadoop,a585a73c3e02ac62350c136643a5e7f6095a3dbb,hadoop-yarn-project/hadoop-yarn/hadoop-yarn-server/hadoop-yarn-server-router,org.apache.hadoop.yarn.server.router.webapp.TestRouterWebServicesREST.testDumpSchedulerLogsXML,OD,,,
https://github.com/apache/hadoop,a585a73c3e02ac62350c136643a5e7f6095a3dbb,hadoop-yarn-project/hadoop-yarn/hadoop-yarn-server/hadoop-yarn-server-router,org.apache.hadoop.yarn.server.router.webapp.TestRouterWebServicesREST.testGetAppAttemptXML,OD,,,
https://github.com/apache/hadoop,a585a73c3e02ac62350c136643a5e7f6095a3dbb,hadoop-yarn-project/hadoop-yarn/hadoop-yarn-server/hadoop-yarn-server-router,org.apache.hadoop.yarn.server.router.webapp.TestRouterWebServicesREST.testGetAppsMultiThread,OD,,,
https://github.com/apache/hadoop,a585a73c3e02ac62350c136643a5e7f6095a3dbb,hadoop-yarn-project/hadoop-yarn/hadoop-yarn-server/hadoop-yarn-server-router,org.apache.hadoop.yarn.server.router.webapp.TestRouterWebServicesREST.testGetClusterNodeLabelsXML,OD,,,
https://github.com/apache/hadoop,a585a73c3e02ac62350c136643a5e7f6095a3dbb,hadoop-yarn-project/hadoop-yarn/hadoop-yarn-server/hadoop-yarn-server-router,org.apache.hadoop.yarn.server.router.webapp.TestRouterWebServicesREST.testGetContainersXML,OD,,,
https://github.com/apache/hadoop,a585a73c3e02ac62350c136643a5e7f6095a3dbb,hadoop-yarn-project/hadoop-yarn/hadoop-yarn-server/hadoop-yarn-server-router,org.apache.hadoop.yarn.server.router.webapp.TestRouterWebServicesREST.testGetLabelsMappingEmptyXML,OD,,,
https://github.com/apache/hadoop,a585a73c3e02ac62350c136643a5e7f6095a3dbb,hadoop-yarn-project/hadoop-yarn/hadoop-yarn-server/hadoop-yarn-server-router,org.apache.hadoop.yarn.server.router.webapp.TestRouterWebServicesREST.testGetLabelsMappingXML,OD,,,
https://github.com/apache/hadoop,a585a73c3e02ac62350c136643a5e7f6095a3dbb,hadoop-yarn-project/hadoop-yarn/hadoop-yarn-server/hadoop-yarn-server-router,org.apache.hadoop.yarn.server.router.webapp.TestRouterWebServicesREST.testGetLabelsOnNodeXML,OD,,,
https://github.com/apache/hadoop,a585a73c3e02ac62350c136643a5e7f6095a3dbb,hadoop-yarn-project/hadoop-yarn/hadoop-yarn-server/hadoop-yarn-server-router,org.apache.hadoop.yarn.server.router.webapp.TestRouterWebServicesREST.testGetNodeToLabelsXML,OD,,,
https://github.com/apache/hadoop,a585a73c3e02ac62350c136643a5e7f6095a3dbb,hadoop-yarn-project/hadoop-yarn/hadoop-yarn-server/hadoop-yarn-server-router,org.apache.hadoop.yarn.server.router.webapp.TestRouterWebServicesREST.testInfoXML,OD,,,
https://github.com/apache/hadoop,a585a73c3e02ac62350c136643a5e7f6095a3dbb,hadoop-yarn-project/hadoop-yarn/hadoop-yarn-server/hadoop-yarn-server-router,org.apache.hadoop.yarn.server.router.webapp.TestRouterWebServicesREST.testMetricsInfoXML,OD,,,
https://github.com/apache/hadoop,a585a73c3e02ac62350c136643a5e7f6095a3dbb,hadoop-yarn-project/hadoop-yarn/hadoop-yarn-server/hadoop-yarn-server-router,org.apache.hadoop.yarn.server.router.webapp.TestRouterWebServicesREST.testNewApplicationXML,OD,,,
https://github.com/apache/hadoop,a585a73c3e02ac62350c136643a5e7f6095a3dbb,hadoop-yarn-project/hadoop-yarn/hadoop-yarn-server/hadoop-yarn-server-router,org.apache.hadoop.yarn.server.router.webapp.TestRouterWebServicesREST.testNewReservationXML,OD,,,
https://github.com/apache/hadoop,a585a73c3e02ac62350c136643a5e7f6095a3dbb,hadoop-yarn-project/hadoop-yarn/hadoop-yarn-server/hadoop-yarn-server-router,org.apache.hadoop.yarn.server.router.webapp.TestRouterWebServicesREST.testNodesEmptyXML,OD,,,
https://github.com/apache/hadoop,a585a73c3e02ac62350c136643a5e7f6095a3dbb,hadoop-yarn-project/hadoop-yarn/hadoop-yarn-server/hadoop-yarn-server-router,org.apache.hadoop.yarn.server.router.webapp.TestRouterWebServicesREST.testNodesXML,OD,,,
https://github.com/apache/hadoop,a585a73c3e02ac62350c136643a5e7f6095a3dbb,hadoop-yarn-project/hadoop-yarn/hadoop-yarn-server/hadoop-yarn-server-router,org.apache.hadoop.yarn.server.router.webapp.TestRouterWebServicesREST.testNodeXML,OD,,,
https://github.com/apache/hadoop,a585a73c3e02ac62350c136643a5e7f6095a3dbb,hadoop-yarn-project/hadoop-yarn/hadoop-yarn-server/hadoop-yarn-server-router,org.apache.hadoop.yarn.server.router.webapp.TestRouterWebServicesREST.testRemoveFromCluserNodeLabelsXML,OD,,,
https://github.com/apache/hadoop,a585a73c3e02ac62350c136643a5e7f6095a3dbb,hadoop-yarn-project/hadoop-yarn/hadoop-yarn-server/hadoop-yarn-server-router,org.apache.hadoop.yarn.server.router.webapp.TestRouterWebServicesREST.testReplaceLabelsOnNodesXML,OD,,,
https://github.com/apache/hadoop,a585a73c3e02ac62350c136643a5e7f6095a3dbb,hadoop-yarn-project/hadoop-yarn/hadoop-yarn-server/hadoop-yarn-server-router,org.apache.hadoop.yarn.server.router.webapp.TestRouterWebServicesREST.testReplaceLabelsOnNodeXML,OD,,,
https://github.com/apache/hadoop,a585a73c3e02ac62350c136643a5e7f6095a3dbb,hadoop-yarn-project/hadoop-yarn/hadoop-yarn-server/hadoop-yarn-server-router,org.apache.hadoop.yarn.server.router.webapp.TestRouterWebServicesREST.testSchedulerInfoXML,OD,,,
https://github.com/apache/hadoop,a585a73c3e02ac62350c136643a5e7f6095a3dbb,hadoop-yarn-project/hadoop-yarn/hadoop-yarn-server/hadoop-yarn-server-router,org.apache.hadoop.yarn.server.router.webapp.TestRouterWebServicesREST.testSubmitApplicationXML,OD,,,
https://github.com/apache/hadoop,a585a73c3e02ac62350c136643a5e7f6095a3dbb,hadoop-yarn-project/hadoop-yarn/hadoop-yarn-server/hadoop-yarn-server-router,org.apache.hadoop.yarn.server.router.webapp.TestRouterWebServicesREST.testSubmitReservationXML,OD,,,
https://github.com/apache/hadoop,a585a73c3e02ac62350c136643a5e7f6095a3dbb,hadoop-yarn-project/hadoop-yarn/hadoop-yarn-server/hadoop-yarn-server-router,org.apache.hadoop.yarn.server.router.webapp.TestRouterWebServicesREST.testUpdateAppPriorityXML,OD,,,
https://github.com/apache/hadoop,a585a73c3e02ac62350c136643a5e7f6095a3dbb,hadoop-yarn-project/hadoop-yarn/hadoop-yarn-server/hadoop-yarn-server-router,org.apache.hadoop.yarn.server.router.webapp.TestRouterWebServicesREST.testUpdateAppQueueXML,OD,,,
https://github.com/apache/hadoop,a585a73c3e02ac62350c136643a5e7f6095a3dbb,hadoop-yarn-project/hadoop-yarn/hadoop-yarn-server/hadoop-yarn-server-router,org.apache.hadoop.yarn.server.router.webapp.TestRouterWebServicesREST.testUpdateAppStateXML,OD,,,
https://github.com/apache/hadoop,a585a73c3e02ac62350c136643a5e7f6095a3dbb,hadoop-yarn-project/hadoop-yarn/hadoop-yarn-server/hadoop-yarn-server-router,org.apache.hadoop.yarn.server.router.webapp.TestRouterWebServicesREST.testUpdateAppTimeoutsXML,OD,,,
https://github.com/apache/hadoop,a585a73c3e02ac62350c136643a5e7f6095a3dbb,hadoop-yarn-project/hadoop-yarn/hadoop-yarn-server/hadoop-yarn-server-router,org.apache.hadoop.yarn.server.router.webapp.TestRouterWebServicesREST.testUpdateNodeResource,OD,,,
https://github.com/apache/hadoop,a585a73c3e02ac62350c136643a5e7f6095a3dbb,hadoop-yarn-project/hadoop-yarn/hadoop-yarn-server/hadoop-yarn-server-router,org.apache.hadoop.yarn.server.router.webapp.TestRouterWebServicesREST.testUpdateReservationXML,OD,,,
https://github.com/apache/hadoop,a585a73c3e02ac62350c136643a5e7f6095a3dbb,hadoop-yarn-project/hadoop-yarn/hadoop-yarn-server/hadoop-yarn-server-common,org.apache.hadoop.yarn.server.scheduler.TestDistributedOpportunisticContainerAllocator.testAllocationLatencyMetrics,OD,,,
https://github.com/apache/hadoop,a585a73c3e02ac62350c136643a5e7f6095a3dbb,hadoop-yarn-project/hadoop-yarn/hadoop-yarn-server/hadoop-yarn-server-common,org.apache.hadoop.yarn.server.scheduler.TestDistributedOpportunisticContainerAllocator.testAllocationWithNodeLabels,OD,,,
https://github.com/apache/hadoop,a585a73c3e02ac62350c136643a5e7f6095a3dbb,hadoop-yarn-project/hadoop-yarn/hadoop-yarn-server/hadoop-yarn-server-common,org.apache.hadoop.yarn.server.scheduler.TestDistributedOpportunisticContainerAllocator.testLotsOfContainersRackLocalAllocation,OD,,,
https://github.com/apache/hadoop,a585a73c3e02ac62350c136643a5e7f6095a3dbb,hadoop-yarn-project/hadoop-yarn/hadoop-yarn-server/hadoop-yarn-server-common,org.apache.hadoop.yarn.server.scheduler.TestDistributedOpportunisticContainerAllocator.testLotsOfContainersRackLocalAllocationSameSchedKey,OD,,,
https://github.com/apache/hadoop,a585a73c3e02ac62350c136643a5e7f6095a3dbb,hadoop-yarn-project/hadoop-yarn/hadoop-yarn-server/hadoop-yarn-server-common,org.apache.hadoop.yarn.server.scheduler.TestDistributedOpportunisticContainerAllocator.testMaxAllocationsPerAMHeartbeat,OD,,,
https://github.com/apache/hadoop,a585a73c3e02ac62350c136643a5e7f6095a3dbb,hadoop-yarn-project/hadoop-yarn/hadoop-yarn-server/hadoop-yarn-server-common,org.apache.hadoop.yarn.server.scheduler.TestDistributedOpportunisticContainerAllocator.testMaxAllocationsPerAMHeartbeatDifferentSchedKey,OD,,,
https://github.com/apache/hadoop,a585a73c3e02ac62350c136643a5e7f6095a3dbb,hadoop-yarn-project/hadoop-yarn/hadoop-yarn-server/hadoop-yarn-server-common,org.apache.hadoop.yarn.server.scheduler.TestDistributedOpportunisticContainerAllocator.testMaxAllocationsPerAMHeartbeatWithHighLimit,OD,,,
https://github.com/apache/hadoop,a585a73c3e02ac62350c136643a5e7f6095a3dbb,hadoop-yarn-project/hadoop-yarn/hadoop-yarn-server/hadoop-yarn-server-common,org.apache.hadoop.yarn.server.scheduler.TestDistributedOpportunisticContainerAllocator.testMaxAllocationsPerAMHeartbeatWithNoLimit,OD,,,
https://github.com/apache/hadoop,a585a73c3e02ac62350c136643a5e7f6095a3dbb,hadoop-yarn-project/hadoop-yarn/hadoop-yarn-server/hadoop-yarn-server-common,org.apache.hadoop.yarn.server.scheduler.TestDistributedOpportunisticContainerAllocator.testNodeLocalAllocation,OD,,,
https://github.com/apache/hadoop,a585a73c3e02ac62350c136643a5e7f6095a3dbb,hadoop-yarn-project/hadoop-yarn/hadoop-yarn-server/hadoop-yarn-server-common,org.apache.hadoop.yarn.server.scheduler.TestDistributedOpportunisticContainerAllocator.testNodeLocalAllocationSameSchedKey,OD,,,
https://github.com/apache/hadoop,a585a73c3e02ac62350c136643a5e7f6095a3dbb,hadoop-yarn-project/hadoop-yarn/hadoop-yarn-server/hadoop-yarn-server-common,org.apache.hadoop.yarn.server.scheduler.TestDistributedOpportunisticContainerAllocator.testOffSwitchAllocationWhenNoNodeOrRack,OD,,,
https://github.com/apache/hadoop,a585a73c3e02ac62350c136643a5e7f6095a3dbb,hadoop-yarn-project/hadoop-yarn/hadoop-yarn-server/hadoop-yarn-server-common,org.apache.hadoop.yarn.server.scheduler.TestDistributedOpportunisticContainerAllocator.testRoundRobinRackLocalAllocation,OD,,,
https://github.com/apache/hadoop,a585a73c3e02ac62350c136643a5e7f6095a3dbb,hadoop-yarn-project/hadoop-yarn/hadoop-yarn-server/hadoop-yarn-server-common,org.apache.hadoop.yarn.server.scheduler.TestDistributedOpportunisticContainerAllocator.testRoundRobinRackLocalAllocationSameSchedKey,OD,,,
https://github.com/apache/hadoop,a585a73c3e02ac62350c136643a5e7f6095a3dbb,hadoop-yarn-project/hadoop-yarn/hadoop-yarn-server/hadoop-yarn-server-common,org.apache.hadoop.yarn.server.scheduler.TestDistributedOpportunisticContainerAllocator.testRoundRobinSimpleAllocation,OD,,,
https://github.com/apache/hadoop,a585a73c3e02ac62350c136643a5e7f6095a3dbb,hadoop-yarn-project/hadoop-yarn/hadoop-yarn-server/hadoop-yarn-server-common,org.apache.hadoop.yarn.server.scheduler.TestDistributedOpportunisticContainerAllocator.testSimpleAllocation,OD,,,
https://github.com/apache/hadoop,a585a73c3e02ac62350c136643a5e7f6095a3dbb,hadoop-yarn-project/hadoop-yarn/hadoop-yarn-server/hadoop-yarn-server-common,org.apache.hadoop.yarn.server.scheduler.TestDistributedOpportunisticContainerAllocator.testSimpleRackLocalAllocation,OD,,,
https://github.com/apache/hadoop,cc2babc1f75c93bf89a8f10da525f944c15d02ea,hadoop-yarn-project/hadoop-yarn/hadoop-yarn-server/hadoop-yarn-server-timeline-pluginstorage,org.apache.hadoop.yarn.server.timeline.TestEntityGroupFSTimelineStore.testSummaryRead,OD,,,
https://github.com/apache/hadoop,cc2babc1f75c93bf89a8f10da525f944c15d02ea,hadoop-yarn-project/hadoop-yarn/hadoop-yarn-server/hadoop-yarn-server-timelineservice,org.apache.hadoop.yarn.server.timelineservice.reader.TestTimelineReaderWebServices.testAbout,OD,,,
https://github.com/apache/hadoop,cc2babc1f75c93bf89a8f10da525f944c15d02ea,hadoop-yarn-project/hadoop-yarn/hadoop-yarn-server/hadoop-yarn-server-timelineservice,org.apache.hadoop.yarn.server.timelineservice.reader.TestTimelineReaderWebServices.testGetAppAttempt,OD,,,
https://github.com/apache/hadoop,cc2babc1f75c93bf89a8f10da525f944c15d02ea,hadoop-yarn-project/hadoop-yarn/hadoop-yarn-server/hadoop-yarn-server-timelineservice,org.apache.hadoop.yarn.server.timelineservice.reader.TestTimelineReaderWebServices.testGetAppAttempts,OD,,,
https://github.com/apache/hadoop,cc2babc1f75c93bf89a8f10da525f944c15d02ea,hadoop-yarn-project/hadoop-yarn/hadoop-yarn-server/hadoop-yarn-server-timelineservice,org.apache.hadoop.yarn.server.timelineservice.reader.TestTimelineReaderWebServices.testGetContainer,OD,,,
https://github.com/apache/hadoop,cc2babc1f75c93bf89a8f10da525f944c15d02ea,hadoop-yarn-project/hadoop-yarn/hadoop-yarn-server/hadoop-yarn-server-timelineservice,org.apache.hadoop.yarn.server.timelineservice.reader.TestTimelineReaderWebServices.testGetContainers,OD,,,
https://github.com/apache/hadoop,cc2babc1f75c93bf89a8f10da525f944c15d02ea,hadoop-yarn-project/hadoop-yarn/hadoop-yarn-server/hadoop-yarn-server-timelineservice,org.apache.hadoop.yarn.server.timelineservice.reader.TestTimelineReaderWebServices.testGetEntities,OD,,,
https://github.com/apache/hadoop,cc2babc1f75c93bf89a8f10da525f944c15d02ea,hadoop-yarn-project/hadoop-yarn/hadoop-yarn-server/hadoop-yarn-server-timelineservice,org.apache.hadoop.yarn.server.timelineservice.reader.TestTimelineReaderWebServices.testGetEntitiesBasedOnCreatedTime,OD,,,
https://github.com/apache/hadoop,cc2babc1f75c93bf89a8f10da525f944c15d02ea,hadoop-yarn-project/hadoop-yarn/hadoop-yarn-server/hadoop-yarn-server-timelineservice,org.apache.hadoop.yarn.server.timelineservice.reader.TestTimelineReaderWebServices.testGetEntitiesByConfigFilters,OD,,,
https://github.com/apache/hadoop,cc2babc1f75c93bf89a8f10da525f944c15d02ea,hadoop-yarn-project/hadoop-yarn/hadoop-yarn-server/hadoop-yarn-server-timelineservice,org.apache.hadoop.yarn.server.timelineservice.reader.TestTimelineReaderWebServices.testGetEntitiesByEventFilters,OD,,,
https://github.com/apache/hadoop,cc2babc1f75c93bf89a8f10da525f944c15d02ea,hadoop-yarn-project/hadoop-yarn/hadoop-yarn-server/hadoop-yarn-server-timelineservice,org.apache.hadoop.yarn.server.timelineservice.reader.TestTimelineReaderWebServices.testGetEntitiesByInfoFilters,OD,,,
https://github.com/apache/hadoop,cc2babc1f75c93bf89a8f10da525f944c15d02ea,hadoop-yarn-project/hadoop-yarn/hadoop-yarn-server/hadoop-yarn-server-timelineservice,org.apache.hadoop.yarn.server.timelineservice.reader.TestTimelineReaderWebServices.testGetEntitiesByMetricFilters,OD,,,
https://github.com/apache/hadoop,cc2babc1f75c93bf89a8f10da525f944c15d02ea,hadoop-yarn-project/hadoop-yarn/hadoop-yarn-server/hadoop-yarn-server-timelineservice,org.apache.hadoop.yarn.server.timelineservice.reader.TestTimelineReaderWebServices.testGetEntitiesByRelations,OD,,,
https://github.com/apache/hadoop,cc2babc1f75c93bf89a8f10da525f944c15d02ea,hadoop-yarn-project/hadoop-yarn/hadoop-yarn-server/hadoop-yarn-server-timelineservice,org.apache.hadoop.yarn.server.timelineservice.reader.TestTimelineReaderWebServices.testGetEntitiesNoMatch,OD,,,
https://github.com/apache/hadoop,cc2babc1f75c93bf89a8f10da525f944c15d02ea,hadoop-yarn-project/hadoop-yarn/hadoop-yarn-server/hadoop-yarn-server-timelineservice,org.apache.hadoop.yarn.server.timelineservice.reader.TestTimelineReaderWebServices.testGetEntitiesWithLimit,OD,,,
https://github.com/apache/hadoop,cc2babc1f75c93bf89a8f10da525f944c15d02ea,hadoop-yarn-project/hadoop-yarn/hadoop-yarn-server/hadoop-yarn-server-timelineservice,org.apache.hadoop.yarn.server.timelineservice.reader.TestTimelineReaderWebServices.testGetEntityAllFields,OD,,,
https://github.com/apache/hadoop,cc2babc1f75c93bf89a8f10da525f944c15d02ea,hadoop-yarn-project/hadoop-yarn/hadoop-yarn-server/hadoop-yarn-server-timelineservice,org.apache.hadoop.yarn.server.timelineservice.reader.TestTimelineReaderWebServices.testGetEntityCustomFields,OD,,,
https://github.com/apache/hadoop,cc2babc1f75c93bf89a8f10da525f944c15d02ea,hadoop-yarn-project/hadoop-yarn/hadoop-yarn-server/hadoop-yarn-server-timelineservice,org.apache.hadoop.yarn.server.timelineservice.reader.TestTimelineReaderWebServices.testGetEntityNotPresent,OD,,,
https://github.com/apache/hadoop,cc2babc1f75c93bf89a8f10da525f944c15d02ea,hadoop-yarn-project/hadoop-yarn/hadoop-yarn-server/hadoop-yarn-server-timelineservice,org.apache.hadoop.yarn.server.timelineservice.reader.TestTimelineReaderWebServices.testGetEntityWithUserAndFlowInfo,OD,,,
https://github.com/apache/hadoop,a585a73c3e02ac62350c136643a5e7f6095a3dbb,hadoop-yarn-project/hadoop-yarn/hadoop-yarn-server/hadoop-yarn-server-timelineservice,org.apache.hadoop.yarn.server.timelineservice.reader.TestTimelineReaderWebServices.testHealthCheck,OD,,,
https://github.com/apache/hadoop,cc2babc1f75c93bf89a8f10da525f944c15d02ea,hadoop-yarn-project/hadoop-yarn/hadoop-yarn-server/hadoop-yarn-server-timelineservice,org.apache.hadoop.yarn.server.timelineservice.reader.TestTimelineReaderWebServices.testInvalidValuesHandling,OD,,,
https://github.com/apache/hadoop,cc2babc1f75c93bf89a8f10da525f944c15d02ea,hadoop-yarn-project/hadoop-yarn/hadoop-yarn-server/hadoop-yarn-server-timelineservice,org.apache.hadoop.yarn.server.timelineservice.reader.TestTimelineReaderWebServices.testQueryWithoutCluster,OD,,,
https://github.com/apache/hadoop,a585a73c3e02ac62350c136643a5e7f6095a3dbb,hadoop-yarn-project/hadoop-yarn/hadoop-yarn-server/hadoop-yarn-server-timelineservice,org.apache.hadoop.yarn.server.timelineservice.reader.TestTimelineReaderWebServicesACL.testGetEntityTypes,OD,,,
https://github.com/apache/hadoop,cc2babc1f75c93bf89a8f10da525f944c15d02ea,hadoop-yarn-project/hadoop-yarn/hadoop-yarn-server/hadoop-yarn-server-timelineservice,org.apache.hadoop.yarn.server.timelineservice.reader.TestTimelineReaderWebServicesBasicAcl.testTimelineReaderManagerAclsWhenDisabled,OD,,,
https://github.com/apache/hadoop,cc2babc1f75c93bf89a8f10da525f944c15d02ea,hadoop-yarn-project/hadoop-yarn/hadoop-yarn-server/hadoop-yarn-server-timelineservice,org.apache.hadoop.yarn.server.timelineservice.reader.TestTimelineReaderWebServicesBasicAcl.testTimelineReaderManagerAclsWhenEnabled,OD,,,
https://github.com/apache/hadoop,a585a73c3e02ac62350c136643a5e7f6095a3dbb,hadoop-yarn-project/hadoop-yarn/hadoop-yarn-server/hadoop-yarn-server-timelineservice-hbase-tests,org.apache.hadoop.yarn.server.timelineservice.reader.TestTimelineReaderWebServicesHBaseStorage.testForFlowAppsPagination,OD,,,
https://github.com/apache/hadoop,a585a73c3e02ac62350c136643a5e7f6095a3dbb,hadoop-yarn-project/hadoop-yarn/hadoop-yarn-server/hadoop-yarn-server-timelineservice-hbase-tests,org.apache.hadoop.yarn.server.timelineservice.reader.TestTimelineReaderWebServicesHBaseStorage.testForFlowRunAppsPagination,OD,,,
https://github.com/apache/hadoop,a585a73c3e02ac62350c136643a5e7f6095a3dbb,hadoop-yarn-project/hadoop-yarn/hadoop-yarn-server/hadoop-yarn-server-timelineservice-hbase-tests,org.apache.hadoop.yarn.server.timelineservice.reader.TestTimelineReaderWebServicesHBaseStorage.testForFlowRunsPagination,OD,,,
https://github.com/apache/hadoop,a585a73c3e02ac62350c136643a5e7f6095a3dbb,hadoop-yarn-project/hadoop-yarn/hadoop-yarn-server/hadoop-yarn-server-timelineservice-hbase-tests,org.apache.hadoop.yarn.server.timelineservice.reader.TestTimelineReaderWebServicesHBaseStorage.testGenericEntitiesForPagination,OD,,,
https://github.com/apache/hadoop,a585a73c3e02ac62350c136643a5e7f6095a3dbb,hadoop-yarn-project/hadoop-yarn/hadoop-yarn-server/hadoop-yarn-server-timelineservice-hbase-tests,org.apache.hadoop.yarn.server.timelineservice.reader.TestTimelineReaderWebServicesHBaseStorage.testGetApp,OD,,,
https://github.com/apache/hadoop,a585a73c3e02ac62350c136643a5e7f6095a3dbb,hadoop-yarn-project/hadoop-yarn/hadoop-yarn-server/hadoop-yarn-server-timelineservice-hbase-tests,org.apache.hadoop.yarn.server.timelineservice.reader.TestTimelineReaderWebServicesHBaseStorage.testGetAppNotPresent,OD,,,
https://github.com/apache/hadoop,a585a73c3e02ac62350c136643a5e7f6095a3dbb,hadoop-yarn-project/hadoop-yarn/hadoop-yarn-server/hadoop-yarn-server-timelineservice-hbase-tests,org.apache.hadoop.yarn.server.timelineservice.reader.TestTimelineReaderWebServicesHBaseStorage.testGetAppsMetricsRange,OD,,,
https://github.com/apache/hadoop,a585a73c3e02ac62350c136643a5e7f6095a3dbb,hadoop-yarn-project/hadoop-yarn/hadoop-yarn-server/hadoop-yarn-server-timelineservice-hbase-tests,org.apache.hadoop.yarn.server.timelineservice.reader.TestTimelineReaderWebServicesHBaseStorage.testGetAppWithoutFlowInfo,OD,,,
https://github.com/apache/hadoop,a585a73c3e02ac62350c136643a5e7f6095a3dbb,hadoop-yarn-project/hadoop-yarn/hadoop-yarn-server/hadoop-yarn-server-timelineservice-hbase-tests,org.apache.hadoop.yarn.server.timelineservice.reader.TestTimelineReaderWebServicesHBaseStorage.testGetEntitiesByUID,OD,,,
https://github.com/apache/hadoop,a585a73c3e02ac62350c136643a5e7f6095a3dbb,hadoop-yarn-project/hadoop-yarn/hadoop-yarn-server/hadoop-yarn-server-timelineservice-hbase-tests,org.apache.hadoop.yarn.server.timelineservice.reader.TestTimelineReaderWebServicesHBaseStorage.testGetEntitiesConfigFilters,OD,,,
https://github.com/apache/hadoop,a585a73c3e02ac62350c136643a5e7f6095a3dbb,hadoop-yarn-project/hadoop-yarn/hadoop-yarn-server/hadoop-yarn-server-timelineservice-hbase-tests,org.apache.hadoop.yarn.server.timelineservice.reader.TestTimelineReaderWebServicesHBaseStorage.testGetEntitiesDataToRetrieve,OD,,,
https://github.com/apache/hadoop,a585a73c3e02ac62350c136643a5e7f6095a3dbb,hadoop-yarn-project/hadoop-yarn/hadoop-yarn-server/hadoop-yarn-server-timelineservice-hbase-tests,org.apache.hadoop.yarn.server.timelineservice.reader.TestTimelineReaderWebServicesHBaseStorage.testGetEntitiesEventFilters,OD,,,
https://github.com/apache/hadoop,a585a73c3e02ac62350c136643a5e7f6095a3dbb,hadoop-yarn-project/hadoop-yarn/hadoop-yarn-server/hadoop-yarn-server-timelineservice-hbase-tests,org.apache.hadoop.yarn.server.timelineservice.reader.TestTimelineReaderWebServicesHBaseStorage.testGetEntitiesInfoFilters,OD,,,
https://github.com/apache/hadoop,a585a73c3e02ac62350c136643a5e7f6095a3dbb,hadoop-yarn-project/hadoop-yarn/hadoop-yarn-server/hadoop-yarn-server-timelineservice-hbase-tests,org.apache.hadoop.yarn.server.timelineservice.reader.TestTimelineReaderWebServicesHBaseStorage.testGetEntitiesMetricFilters,OD,,,
https://github.com/apache/hadoop,a585a73c3e02ac62350c136643a5e7f6095a3dbb,hadoop-yarn-project/hadoop-yarn/hadoop-yarn-server/hadoop-yarn-server-timelineservice-hbase-tests,org.apache.hadoop.yarn.server.timelineservice.reader.TestTimelineReaderWebServicesHBaseStorage.testGetEntitiesMetricsTimeRange,OD,,,
https://github.com/apache/hadoop,a585a73c3e02ac62350c136643a5e7f6095a3dbb,hadoop-yarn-project/hadoop-yarn/hadoop-yarn-server/hadoop-yarn-server-timelineservice-hbase-tests,org.apache.hadoop.yarn.server.timelineservice.reader.TestTimelineReaderWebServicesHBaseStorage.testGetEntitiesRelationFilters,OD,,,
https://github.com/apache/hadoop,a585a73c3e02ac62350c136643a5e7f6095a3dbb,hadoop-yarn-project/hadoop-yarn/hadoop-yarn-server/hadoop-yarn-server-timelineservice-hbase-tests,org.apache.hadoop.yarn.server.timelineservice.reader.TestTimelineReaderWebServicesHBaseStorage.testGetEntitiesWithoutFlowInfo,OD,,,
https://github.com/apache/hadoop,a585a73c3e02ac62350c136643a5e7f6095a3dbb,hadoop-yarn-project/hadoop-yarn/hadoop-yarn-server/hadoop-yarn-server-timelineservice-hbase-tests,org.apache.hadoop.yarn.server.timelineservice.reader.TestTimelineReaderWebServicesHBaseStorage.testGetEntityDataToRetrieve,OD,,,
https://github.com/apache/hadoop,a585a73c3e02ac62350c136643a5e7f6095a3dbb,hadoop-yarn-project/hadoop-yarn/hadoop-yarn-server/hadoop-yarn-server-timelineservice-hbase-tests,org.apache.hadoop.yarn.server.timelineservice.reader.TestTimelineReaderWebServicesHBaseStorage.testGetEntityWithoutFlowInfo,OD,,,
https://github.com/apache/hadoop,a585a73c3e02ac62350c136643a5e7f6095a3dbb,hadoop-yarn-project/hadoop-yarn/hadoop-yarn-server/hadoop-yarn-server-timelineservice-hbase-tests,org.apache.hadoop.yarn.server.timelineservice.reader.TestTimelineReaderWebServicesHBaseStorage.testGetFlowApps,OD,,,
https://github.com/apache/hadoop,a585a73c3e02ac62350c136643a5e7f6095a3dbb,hadoop-yarn-project/hadoop-yarn/hadoop-yarn-server/hadoop-yarn-server-timelineservice-hbase-tests,org.apache.hadoop.yarn.server.timelineservice.reader.TestTimelineReaderWebServicesHBaseStorage.testGetFlowAppsFilters,OD,,,
https://github.com/apache/hadoop,a585a73c3e02ac62350c136643a5e7f6095a3dbb,hadoop-yarn-project/hadoop-yarn/hadoop-yarn-server/hadoop-yarn-server-timelineservice-hbase-tests,org.apache.hadoop.yarn.server.timelineservice.reader.TestTimelineReaderWebServicesHBaseStorage.testGetFlowAppsNotPresent,OD,,,
https://github.com/apache/hadoop,a585a73c3e02ac62350c136643a5e7f6095a3dbb,hadoop-yarn-project/hadoop-yarn/hadoop-yarn-server/hadoop-yarn-server-timelineservice-hbase-tests,org.apache.hadoop.yarn.server.timelineservice.reader.TestTimelineReaderWebServicesHBaseStorage.testGetFlowRun,OD,,,
https://github.com/apache/hadoop,a585a73c3e02ac62350c136643a5e7f6095a3dbb,hadoop-yarn-project/hadoop-yarn/hadoop-yarn-server/hadoop-yarn-server-timelineservice-hbase-tests,org.apache.hadoop.yarn.server.timelineservice.reader.TestTimelineReaderWebServicesHBaseStorage.testGetFlowRunApps,OD,,,
https://github.com/apache/hadoop,a585a73c3e02ac62350c136643a5e7f6095a3dbb,hadoop-yarn-project/hadoop-yarn/hadoop-yarn-server/hadoop-yarn-server-timelineservice-hbase-tests,org.apache.hadoop.yarn.server.timelineservice.reader.TestTimelineReaderWebServicesHBaseStorage.testGetFlowRunAppsNotPresent,OD,,,
https://github.com/apache/hadoop,a585a73c3e02ac62350c136643a5e7f6095a3dbb,hadoop-yarn-project/hadoop-yarn/hadoop-yarn-server/hadoop-yarn-server-timelineservice-hbase-tests,org.apache.hadoop.yarn.server.timelineservice.reader.TestTimelineReaderWebServicesHBaseStorage.testGetFlowRunNotPresent,OD,,,
https://github.com/apache/hadoop,a585a73c3e02ac62350c136643a5e7f6095a3dbb,hadoop-yarn-project/hadoop-yarn/hadoop-yarn-server/hadoop-yarn-server-timelineservice-hbase-tests,org.apache.hadoop.yarn.server.timelineservice.reader.TestTimelineReaderWebServicesHBaseStorage.testGetFlowRuns,OD,,,
https://github.com/apache/hadoop,a585a73c3e02ac62350c136643a5e7f6095a3dbb,hadoop-yarn-project/hadoop-yarn/hadoop-yarn-server/hadoop-yarn-server-timelineservice-hbase-tests,org.apache.hadoop.yarn.server.timelineservice.reader.TestTimelineReaderWebServicesHBaseStorage.testGetFlowRunsMetricsToRetrieve,OD,,,
https://github.com/apache/hadoop,a585a73c3e02ac62350c136643a5e7f6095a3dbb,hadoop-yarn-project/hadoop-yarn/hadoop-yarn-server/hadoop-yarn-server-timelineservice-hbase-tests,org.apache.hadoop.yarn.server.timelineservice.reader.TestTimelineReaderWebServicesHBaseStorage.testGetFlows,OD,,,
https://github.com/apache/hadoop,a585a73c3e02ac62350c136643a5e7f6095a3dbb,hadoop-yarn-project/hadoop-yarn/hadoop-yarn-server/hadoop-yarn-server-timelineservice-hbase-tests,org.apache.hadoop.yarn.server.timelineservice.reader.TestTimelineReaderWebServicesHBaseStorage.testGetFlowsForPagination,OD,,,
https://github.com/apache/hadoop,a585a73c3e02ac62350c136643a5e7f6095a3dbb,hadoop-yarn-project/hadoop-yarn/hadoop-yarn-server/hadoop-yarn-server-timelineservice-hbase-tests,org.apache.hadoop.yarn.server.timelineservice.reader.TestTimelineReaderWebServicesHBaseStorage.testGetFlowsNotPresent,OD,,,
https://github.com/apache/hadoop,a585a73c3e02ac62350c136643a5e7f6095a3dbb,hadoop-yarn-project/hadoop-yarn/hadoop-yarn-server/hadoop-yarn-server-timelineservice-hbase-tests,org.apache.hadoop.yarn.server.timelineservice.reader.TestTimelineReaderWebServicesHBaseStorage.testUIDNotProperlyEscaped,OD,,,
https://github.com/apache/hadoop,a585a73c3e02ac62350c136643a5e7f6095a3dbb,hadoop-yarn-project/hadoop-yarn/hadoop-yarn-server/hadoop-yarn-server-timelineservice-hbase-tests,org.apache.hadoop.yarn.server.timelineservice.reader.TestTimelineReaderWebServicesHBaseStorage.testUIDQueryWithAndWithoutFlowContextInfo,OD,,,
https://github.com/apache/hadoop,cc2babc1f75c93bf89a8f10da525f944c15d02ea,hadoop-yarn-project/hadoop-yarn/hadoop-yarn-server/hadoop-yarn-server-timelineservice-hbase-tests,org.apache.hadoop.yarn.server.timelineservice.storage.flow.TestHBaseStorageFlowRunCompaction.testWriteScanBatchLimit,OD,,,
https://github.com/apache/hadoop,cc2babc1f75c93bf89a8f10da525f944c15d02ea,hadoop-yarn-project/hadoop-yarn/hadoop-yarn-server/hadoop-yarn-server-timelineservice-hbase-tests,org.apache.hadoop.yarn.server.timelineservice.storage.TestHBaseTimelineStorageEntities.testWriteEntityToHBase,OD,,,
https://github.com/apache/hadoop,a585a73c3e02ac62350c136643a5e7f6095a3dbb,hadoop-yarn-project/hadoop-yarn/hadoop-yarn-server/hadoop-yarn-server-timelineservice-hbase-tests,org.apache.hadoop.yarn.server.timelineservice.storage.TestTimelineWriterHBaseDown.testTimelineWriterHBaseDown,OD,,,
https://github.com/apache/hadoop,a585a73c3e02ac62350c136643a5e7f6095a3dbb,hadoop-yarn-project/hadoop-yarn/hadoop-yarn-server/hadoop-yarn-server-web-proxy,org.apache.hadoop.yarn.server.webproxy.amfilter.TestSecureAmFilter.testFindRedirectUrl,OD,,,
https://github.com/apache/hadoop,a585a73c3e02ac62350c136643a5e7f6095a3dbb,hadoop-yarn-project/hadoop-yarn/hadoop-yarn-server/hadoop-yarn-server-web-proxy,org.apache.hadoop.yarn.server.webproxy.TestWebAppProxyServer.testStart,OD,,,
https://github.com/apache/hadoop,a585a73c3e02ac62350c136643a5e7f6095a3dbb,hadoop-yarn-project/hadoop-yarn/hadoop-yarn-server/hadoop-yarn-server-web-proxy,org.apache.hadoop.yarn.server.webproxy.TestWebAppProxyServer.testStartWithBindHost,OD,,,
https://github.com/apache/hadoop,a585a73c3e02ac62350c136643a5e7f6095a3dbb,hadoop-yarn-project/hadoop-yarn/hadoop-yarn-applications/hadoop-yarn-services/hadoop-yarn-services-api,org.apache.hadoop.yarn.service.client.TestApiServiceClient.testNoneSecureApiClient,OD,,,
https://github.com/apache/hadoop,a585a73c3e02ac62350c136643a5e7f6095a3dbb,hadoop-yarn-project/hadoop-yarn/hadoop-yarn-applications/hadoop-yarn-services/hadoop-yarn-services-core,org.apache.hadoop.yarn.service.client.TestServiceClient.testActionCompInstanceUpgrade,OD,,,
https://github.com/apache/hadoop,a585a73c3e02ac62350c136643a5e7f6095a3dbb,hadoop-yarn-project/hadoop-yarn/hadoop-yarn-applications/hadoop-yarn-services/hadoop-yarn-services-core,org.apache.hadoop.yarn.service.client.TestServiceClient.testActionServiceUpgrade,OD,,,
https://github.com/apache/hadoop,a585a73c3e02ac62350c136643a5e7f6095a3dbb,hadoop-yarn-project/hadoop-yarn/hadoop-yarn-applications/hadoop-yarn-services/hadoop-yarn-services-core,org.apache.hadoop.yarn.service.client.TestServiceClient.testGetCompInstances,OD,,,
https://github.com/apache/hadoop,a585a73c3e02ac62350c136643a5e7f6095a3dbb,hadoop-yarn-project/hadoop-yarn/hadoop-yarn-applications/hadoop-yarn-services/hadoop-yarn-services-core,org.apache.hadoop.yarn.service.client.TestServiceClient.testUpgradeDisabledWhenAllCompsHaveNeverRestartPolicy,OD,,,
https://github.com/apache/hadoop,a585a73c3e02ac62350c136643a5e7f6095a3dbb,hadoop-yarn-project/hadoop-yarn/hadoop-yarn-applications/hadoop-yarn-services/hadoop-yarn-services-api,org.apache.hadoop.yarn.service.client.TestSystemServiceManagerImpl.testFileSystemCloseWhenCleanUpService,OD,,,
https://github.com/apache/hadoop,a585a73c3e02ac62350c136643a5e7f6095a3dbb,hadoop-yarn-project/hadoop-yarn/hadoop-yarn-applications/hadoop-yarn-services/hadoop-yarn-services-core,org.apache.hadoop.yarn.service.monitor.TestServiceMonitor.testComponentDependency,OD,,,
https://github.com/apache/hadoop,a585a73c3e02ac62350c136643a5e7f6095a3dbb,hadoop-yarn-project/hadoop-yarn/hadoop-yarn-applications/hadoop-yarn-services/hadoop-yarn-services-core,org.apache.hadoop.yarn.service.TestServiceAM.testContainersFromDifferentApp,OD,,,
https://github.com/apache/hadoop,a585a73c3e02ac62350c136643a5e7f6095a3dbb,hadoop-yarn-project/hadoop-yarn/hadoop-yarn-applications/hadoop-yarn-services/hadoop-yarn-services-core,org.apache.hadoop.yarn.service.TestServiceAM.testContainersReleasedWhenPreLaunchFails,OD,,,
https://github.com/apache/hadoop,a585a73c3e02ac62350c136643a5e7f6095a3dbb,hadoop-yarn-project/hadoop-yarn/hadoop-yarn-applications/hadoop-yarn-services/hadoop-yarn-services-core,org.apache.hadoop.yarn.service.TestServiceAM.testIPChange,OD,,,
https://github.com/apache/hadoop,a585a73c3e02ac62350c136643a5e7f6095a3dbb,hadoop-yarn-project/hadoop-yarn/hadoop-yarn-applications/hadoop-yarn-services/hadoop-yarn-services-core,org.apache.hadoop.yarn.service.TestServiceManager.testAutoFinalize,OD,,,
https://github.com/apache/hadoop,a585a73c3e02ac62350c136643a5e7f6095a3dbb,hadoop-yarn-project/hadoop-yarn/hadoop-yarn-applications/hadoop-yarn-services/hadoop-yarn-services-core,org.apache.hadoop.yarn.service.TestServiceManager.testAutoFinalizeNothingToUpgrade,OD,,,
https://github.com/apache/hadoop,a585a73c3e02ac62350c136643a5e7f6095a3dbb,hadoop-yarn-project/hadoop-yarn/hadoop-yarn-applications/hadoop-yarn-services/hadoop-yarn-services-core,org.apache.hadoop.yarn.service.TestServiceManager.testCancelUpgrade,OD,,,
https://github.com/apache/hadoop,a585a73c3e02ac62350c136643a5e7f6095a3dbb,hadoop-yarn-project/hadoop-yarn/hadoop-yarn-applications/hadoop-yarn-services/hadoop-yarn-services-core,org.apache.hadoop.yarn.service.TestServiceManager.testCancelUpgradeAfterInitiate,OD,,,
https://github.com/apache/hadoop,a585a73c3e02ac62350c136643a5e7f6095a3dbb,hadoop-yarn-project/hadoop-yarn/hadoop-yarn-applications/hadoop-yarn-services/hadoop-yarn-services-core,org.apache.hadoop.yarn.service.TestServiceManager.testExpressUpgrade,OD,,,
https://github.com/apache/hadoop,a585a73c3e02ac62350c136643a5e7f6095a3dbb,hadoop-yarn-project/hadoop-yarn/hadoop-yarn-applications/hadoop-yarn-services/hadoop-yarn-services-core,org.apache.hadoop.yarn.service.TestServiceManager.testFinalize,OD,,,
https://github.com/apache/hadoop,a585a73c3e02ac62350c136643a5e7f6095a3dbb,hadoop-yarn-project/hadoop-yarn/hadoop-yarn-applications/hadoop-yarn-services/hadoop-yarn-services-core,org.apache.hadoop.yarn.service.TestServiceManager.testInvalidUpgrade,OD,,,
https://github.com/apache/hadoop,a585a73c3e02ac62350c136643a5e7f6095a3dbb,hadoop-yarn-project/hadoop-yarn/hadoop-yarn-applications/hadoop-yarn-services/hadoop-yarn-services-core,org.apache.hadoop.yarn.service.TestServiceManager.testRestartNothingToUpgrade,OD,,,
https://github.com/apache/hadoop,a585a73c3e02ac62350c136643a5e7f6095a3dbb,hadoop-yarn-project/hadoop-yarn/hadoop-yarn-applications/hadoop-yarn-services/hadoop-yarn-services-core,org.apache.hadoop.yarn.service.TestServiceManager.testRestartWithPendingUpgrade,OD,,,
https://github.com/apache/hadoop,a585a73c3e02ac62350c136643a5e7f6095a3dbb,hadoop-yarn-project/hadoop-yarn/hadoop-yarn-applications/hadoop-yarn-services/hadoop-yarn-services-core,org.apache.hadoop.yarn.service.TestServiceManager.testUpgrade,OD,,,
https://github.com/apache/hadoop,a585a73c3e02ac62350c136643a5e7f6095a3dbb,hadoop-yarn-project/hadoop-yarn/hadoop-yarn-common,org.apache.hadoop.yarn.TestContainerLaunchRPC.testHadoopProtoRPCTimeout,OD,,,
https://github.com/apache/hadoop,a585a73c3e02ac62350c136643a5e7f6095a3dbb,hadoop-yarn-project/hadoop-yarn/hadoop-yarn-common,org.apache.hadoop.yarn.TestContainerResourceIncreaseRPC.testHadoopProtoRPCTimeout,OD,,,
https://github.com/apache/hadoop,a585a73c3e02ac62350c136643a5e7f6095a3dbb,hadoop-yarn-project/hadoop-yarn/hadoop-yarn-common,org.apache.hadoop.yarn.util.resource.TestResourceUtils.testGetResourceTypes,OD,,,
https://github.com/apache/hadoop,a585a73c3e02ac62350c136643a5e7f6095a3dbb,hadoop-yarn-project/hadoop-yarn/hadoop-yarn-common,org.apache.hadoop.yarn.util.TestRackResolverScriptBasedMapping.testScriptName,OD,,,
https://github.com/apache/hbase,881c92b892844be567d5f26b161a820ebf319f84,hbase-replication,org.apache.hadoop.hbase.replication.TestReplicationStateZKImpl.testHfileRefsReplicationQueues,OD,,,https://github.com/TestingResearchIllinois/flaky-test-dataset/issues/37
https://github.com/apache/hbase,881c92b892844be567d5f26b161a820ebf319f84,hbase-replication,org.apache.hadoop.hbase.replication.TestReplicationStateZKImpl.testPersistLogPositionAndSeqIdAtomically,OD,,,https://github.com/TestingResearchIllinois/flaky-test-dataset/issues/37
https://github.com/apache/hbase,881c92b892844be567d5f26b161a820ebf319f84,hbase-replication,org.apache.hadoop.hbase.replication.TestReplicationStateZKImpl.testRemovePeerForHFileRefs,OD,,,https://github.com/TestingResearchIllinois/flaky-test-dataset/issues/37
https://github.com/apache/hbase,881c92b892844be567d5f26b161a820ebf319f84,hbase-replication,org.apache.hadoop.hbase.replication.TestReplicationStateZKImpl.testReplicationPeers,OD,,,https://github.com/TestingResearchIllinois/flaky-test-dataset/issues/37
https://github.com/apache/hbase,881c92b892844be567d5f26b161a820ebf319f84,hbase-replication,org.apache.hadoop.hbase.replication.TestReplicationStateZKImpl.testReplicationQueues,OD,,,https://github.com/TestingResearchIllinois/flaky-test-dataset/issues/37
https://github.com/apache/hbase,881c92b892844be567d5f26b161a820ebf319f84,hbase-replication,org.apache.hadoop.hbase.replication.TestReplicationStateZKImpl.testReplicationQueueStorage,OD,,,https://github.com/TestingResearchIllinois/flaky-test-dataset/issues/37
https://github.com/apache/hbase,881c92b892844be567d5f26b161a820ebf319f84,hbase-replication,org.apache.hadoop.hbase.replication.TestZKReplicationPeerStorage.test,OD,,,https://github.com/TestingResearchIllinois/flaky-test-dataset/issues/37
https://github.com/apache/hbase,881c92b892844be567d5f26b161a820ebf319f84,hbase-zookeeper,org.apache.hadoop.hbase.zookeeper.TestInstancePending.test,OD,,,https://github.com/TestingResearchIllinois/flaky-test-dataset/issues/37
https://github.com/apache/hbase,881c92b892844be567d5f26b161a820ebf319f84,hbase-zookeeper,org.apache.hadoop.hbase.zookeeper.TestReadOnlyZKClient.testNotCloseZkWhenPending,OD,,,https://github.com/TestingResearchIllinois/flaky-test-dataset/issues/37
https://github.com/apache/hbase,881c92b892844be567d5f26b161a820ebf319f84,hbase-zookeeper,org.apache.hadoop.hbase.zookeeper.TestReadOnlyZKClient.testRead,OD,,,https://github.com/TestingResearchIllinois/flaky-test-dataset/issues/37
https://github.com/apache/hbase,881c92b892844be567d5f26b161a820ebf319f84,hbase-zookeeper,org.apache.hadoop.hbase.zookeeper.TestReadOnlyZKClient.testSessionExpire,OD,,,https://github.com/TestingResearchIllinois/flaky-test-dataset/issues/37
https://github.com/apache/hbase,881c92b892844be567d5f26b161a820ebf319f84,hbase-zookeeper,org.apache.hadoop.hbase.zookeeper.TestRecoverableZooKeeper.testSetDataVersionMismatchInLoop,OD,,,https://github.com/TestingResearchIllinois/flaky-test-dataset/issues/37
https://github.com/apache/hbase,881c92b892844be567d5f26b161a820ebf319f84,hbase-zookeeper,org.apache.hadoop.hbase.zookeeper.TestZKLeaderManager.testLeaderSelection,OD,,,https://github.com/TestingResearchIllinois/flaky-test-dataset/issues/37
https://github.com/apache/hbase,881c92b892844be567d5f26b161a820ebf319f84,hbase-zookeeper,org.apache.hadoop.hbase.zookeeper.TestZKMainServer.testCommandLineWorks,OD,,,https://github.com/TestingResearchIllinois/flaky-test-dataset/issues/37
https://github.com/apache/hbase,881c92b892844be567d5f26b161a820ebf319f84,hbase-zookeeper,org.apache.hadoop.hbase.zookeeper.TestZKMulti.testBatchedDeletesOfWideZNodes,OD,,,https://github.com/TestingResearchIllinois/flaky-test-dataset/issues/37
https://github.com/apache/hbase,881c92b892844be567d5f26b161a820ebf319f84,hbase-zookeeper,org.apache.hadoop.hbase.zookeeper.TestZKMulti.testComplexMulti,OD,,,https://github.com/TestingResearchIllinois/flaky-test-dataset/issues/37
https://github.com/apache/hbase,881c92b892844be567d5f26b161a820ebf319f84,hbase-zookeeper,org.apache.hadoop.hbase.zookeeper.TestZKMulti.testdeleteChildrenRecursivelyMulti,OD,,,https://github.com/TestingResearchIllinois/flaky-test-dataset/issues/37
https://github.com/apache/hbase,881c92b892844be567d5f26b161a820ebf319f84,hbase-zookeeper,org.apache.hadoop.hbase.zookeeper.TestZKMulti.testDeleteChildrenRecursivelyMultiOrSequential,OD,,,https://github.com/TestingResearchIllinois/flaky-test-dataset/issues/37
https://github.com/apache/hbase,881c92b892844be567d5f26b161a820ebf319f84,hbase-zookeeper,org.apache.hadoop.hbase.zookeeper.TestZKMulti.testDeleteNodeRecursivelyMulti,OD,,,https://github.com/TestingResearchIllinois/flaky-test-dataset/issues/37
https://github.com/apache/hbase,881c92b892844be567d5f26b161a820ebf319f84,hbase-zookeeper,org.apache.hadoop.hbase.zookeeper.TestZKMulti.testDeleteNodeRecursivelyMultiOrSequential,OD,,,https://github.com/TestingResearchIllinois/flaky-test-dataset/issues/37
https://github.com/apache/hbase,881c92b892844be567d5f26b161a820ebf319f84,hbase-zookeeper,org.apache.hadoop.hbase.zookeeper.TestZKMulti.testMultiFailure,OD,,,https://github.com/TestingResearchIllinois/flaky-test-dataset/issues/37
https://github.com/apache/hbase,881c92b892844be567d5f26b161a820ebf319f84,hbase-zookeeper,org.apache.hadoop.hbase.zookeeper.TestZKMulti.testRunSequentialOnMultiFailure,OD,,,https://github.com/TestingResearchIllinois/flaky-test-dataset/issues/37
https://github.com/apache/hbase,881c92b892844be567d5f26b161a820ebf319f84,hbase-zookeeper,org.apache.hadoop.hbase.zookeeper.TestZKMulti.testSimpleMulti,OD,,,https://github.com/TestingResearchIllinois/flaky-test-dataset/issues/37
https://github.com/apache/hbase,881c92b892844be567d5f26b161a820ebf319f84,hbase-zookeeper,org.apache.hadoop.hbase.zookeeper.TestZKMulti.testSingleFailure,OD,,,https://github.com/TestingResearchIllinois/flaky-test-dataset/issues/37
https://github.com/apache/hbase,881c92b892844be567d5f26b161a820ebf319f84,hbase-zookeeper,org.apache.hadoop.hbase.zookeeper.TestZKMulti.testSingleFailureInMulti,OD,,,https://github.com/TestingResearchIllinois/flaky-test-dataset/issues/37
https://github.com/apache/hbase,881c92b892844be567d5f26b161a820ebf319f84,hbase-zookeeper,org.apache.hadoop.hbase.zookeeper.TestZKNodeTracker.testCleanZNode,OD,,,https://github.com/TestingResearchIllinois/flaky-test-dataset/issues/37
https://github.com/apache/hbase,881c92b892844be567d5f26b161a820ebf319f84,hbase-zookeeper,org.apache.hadoop.hbase.zookeeper.TestZKNodeTracker.testInterruptible,OD,,,https://github.com/TestingResearchIllinois/flaky-test-dataset/issues/37
https://github.com/apache/hbase,881c92b892844be567d5f26b161a820ebf319f84,hbase-zookeeper,org.apache.hadoop.hbase.zookeeper.TestZKNodeTracker.testNodeTracker,OD,,,https://github.com/TestingResearchIllinois/flaky-test-dataset/issues/37
https://github.com/apache/hbase,881c92b892844be567d5f26b161a820ebf319f84,hbase-zookeeper,org.apache.hadoop.hbase.zookeeper.TestZKUtil.testCreateSilentIsReallySilent,OD,,,https://github.com/TestingResearchIllinois/flaky-test-dataset/issues/37
https://github.com/apache/hbase,881c92b892844be567d5f26b161a820ebf319f84,hbase-zookeeper,org.apache.hadoop.hbase.zookeeper.TestZKUtil.testCreateWithParents,OD,,,https://github.com/TestingResearchIllinois/flaky-test-dataset/issues/37
https://github.com/apache/hbase,881c92b892844be567d5f26b161a820ebf319f84,hbase-zookeeper,org.apache.hadoop.hbase.zookeeper.TestZKUtil.testGetChildDataAndWatchForNewChildrenShouldNotThrowNPE,OD,,,https://github.com/TestingResearchIllinois/flaky-test-dataset/issues/37
https://github.com/apache/hbase,881c92b892844be567d5f26b161a820ebf319f84,hbase-zookeeper,org.apache.hadoop.hbase.zookeeper.TestZKUtil.testSetDataWithVersion,OD,,,https://github.com/TestingResearchIllinois/flaky-test-dataset/issues/37
https://github.com/apache/hbase,881c92b892844be567d5f26b161a820ebf319f84,hbase-zookeeper,org.apache.hadoop.hbase.zookeeper.TestZKUtil.testZNodeDeletes,OD,,,https://github.com/TestingResearchIllinois/flaky-test-dataset/issues/37
https://github.com/apache/hive,54e43339dd671018fc70ebb5d9f0b292d70391a6,llap-tez,org.apache.hadoop.hive.llap.tezplugins.TestLlapTaskSchedulerService.testChangeGuaranteedTotal,OD,,,
https://github.com/apache/hive,54e43339dd671018fc70ebb5d9f0b292d70391a6,llap-tez,org.apache.hadoop.hive.llap.tezplugins.TestLlapTaskSchedulerService.testConcurrentUpdates,OD,,,
https://github.com/apache/hive,54e43339dd671018fc70ebb5d9f0b292d70391a6,llap-tez,org.apache.hadoop.hive.llap.tezplugins.TestLlapTaskSchedulerService.testConcurrentUpdateWithError,OD,,,
https://github.com/apache/hive,54e43339dd671018fc70ebb5d9f0b292d70391a6,llap-tez,org.apache.hadoop.hive.llap.tezplugins.TestLlapTaskSchedulerService.testDelayedLocalityFallbackToNonLocal,OD,,,
https://github.com/apache/hive,54e43339dd671018fc70ebb5d9f0b292d70391a6,llap-tez,org.apache.hadoop.hive.llap.tezplugins.TestLlapTaskSchedulerService.testDelayedLocalityNodeCommErrorDelayedAllocation,OD,,,
https://github.com/apache/hive,54e43339dd671018fc70ebb5d9f0b292d70391a6,llap-tez,org.apache.hadoop.hive.llap.tezplugins.TestLlapTaskSchedulerService.testDelayedLocalityNodeCommErrorImmediateAllocation,OD,,,
https://github.com/apache/hive,54e43339dd671018fc70ebb5d9f0b292d70391a6,llap-tez,org.apache.hadoop.hive.llap.tezplugins.TestLlapTaskSchedulerService.testDelayedQueeTaskSelectionAfterScheduled,OD,,,
https://github.com/apache/hive,54e43339dd671018fc70ebb5d9f0b292d70391a6,llap-tez,org.apache.hadoop.hive.llap.tezplugins.TestLlapTaskSchedulerService.testForcedLocalityMultiplePreemptionsSameHost2,OD,,,
https://github.com/apache/hive,54e43339dd671018fc70ebb5d9f0b292d70391a6,llap-tez,org.apache.hadoop.hive.llap.tezplugins.TestLlapTaskSchedulerService.testGuaranteedScheduling,OD,,,
https://github.com/apache/hive,54e43339dd671018fc70ebb5d9f0b292d70391a6,llap-tez,org.apache.hadoop.hive.llap.tezplugins.TestLlapTaskSchedulerService.testHeartbeatInconsistency,OD,,,
https://github.com/apache/hive,54e43339dd671018fc70ebb5d9f0b292d70391a6,llap-tez,org.apache.hadoop.hive.llap.tezplugins.TestLlapTaskSchedulerService.testHostPreferenceMissesConsistentPartialAlive,OD,,,
https://github.com/apache/hive,54e43339dd671018fc70ebb5d9f0b292d70391a6,llap-tez,org.apache.hadoop.hive.llap.tezplugins.TestLlapTaskSchedulerService.testHostPreferenceMissesConsistentRollover,OD,,,
https://github.com/apache/hive,54e43339dd671018fc70ebb5d9f0b292d70391a6,llap-tez,org.apache.hadoop.hive.llap.tezplugins.TestLlapTaskSchedulerService.testNodeReEnabled,OD,,,
https://github.com/apache/hive,54e43339dd671018fc70ebb5d9f0b292d70391a6,llap-tez,org.apache.hadoop.hive.llap.tezplugins.TestLlapTaskSchedulerService.testPreemptionChoiceTimeOrdering,OD,,,
https://github.com/apache/hive,54e43339dd671018fc70ebb5d9f0b292d70391a6,llap-tez,org.apache.hadoop.hive.llap.tezplugins.TestLlapTaskSchedulerService.testSimpleLocalAllocation,OD,,,
https://github.com/apache/hive,54e43339dd671018fc70ebb5d9f0b292d70391a6,llap-tez,org.apache.hadoop.hive.llap.tezplugins.TestLlapTaskSchedulerService.testSimpleNoLocalityAllocation,OD,,,
https://github.com/apache/hive,54e43339dd671018fc70ebb5d9f0b292d70391a6,llap-tez,org.apache.hadoop.hive.llap.tezplugins.TestLlapTaskSchedulerService.testUpdateWithError,OD,,,
https://github.com/apache/hive,54e43339dd671018fc70ebb5d9f0b292d70391a6,serde,org.apache.hadoop.hive.serde2.avro.TestAvroDeserializer.canDeserializeTimestamps,OD,,,
https://github.com/apache/hive,54e43339dd671018fc70ebb5d9f0b292d70391a6,serde,org.apache.hadoop.hive.serde2.objectinspector.TestObjectInspectorUtils.testBucketHashGeneration,OD,,,
https://github.com/apache/jackrabbit-oak,bd0526a24f221413976281ccbb0df95170fccc76,oak-blob-plugins,org.apache.jackrabbit.oak.plugins.blob.datastore.BlobIdTrackerClusterSharedTest.addRetrieveCluster,OD,,,https://github.com/TestingResearchIllinois/idoft/issues/88
https://github.com/apache/jackrabbit-oak,bd0526a24f221413976281ccbb0df95170fccc76,oak-blob-plugins,org.apache.jackrabbit.oak.plugins.blob.datastore.BlobIdTrackerClusterSharedTest.addRetrieveShared,OD,,,https://github.com/TestingResearchIllinois/idoft/issues/88
https://github.com/apache/jackrabbit-oak,bd0526a24f221413976281ccbb0df95170fccc76,oak-blob-plugins,org.apache.jackrabbit.oak.plugins.blob.datastore.BlobIdTrackerTest.addSnapshot,OD,,,https://github.com/TestingResearchIllinois/idoft/issues/88
https://github.com/apache/jackrabbit-oak,bd0526a24f221413976281ccbb0df95170fccc76,oak-blob-plugins,org.apache.jackrabbit.oak.plugins.blob.datastore.BlobIdTrackerTest.addSnapshotRemove,OD,,,https://github.com/TestingResearchIllinois/idoft/issues/88
https://github.com/apache/jackrabbit-oak,bd0526a24f221413976281ccbb0df95170fccc76,oak-blob-plugins,org.apache.jackrabbit.oak.plugins.blob.datastore.BlobIdTrackerTest.externalAddOffline,OD,,,https://github.com/TestingResearchIllinois/idoft/issues/88
https://github.com/apache/jackrabbit-oak,bd0526a24f221413976281ccbb0df95170fccc76,oak-blob-plugins,org.apache.jackrabbit.oak.plugins.blob.datastore.BlobIdTrackerTest.snapshotBeforeRemove,OD,,,https://github.com/TestingResearchIllinois/idoft/issues/88
https://github.com/apache/jackrabbit-oak,bd0526a24f221413976281ccbb0df95170fccc76,oak-blob-plugins,org.apache.jackrabbit.oak.plugins.blob.datastore.BlobIdTrackerTest.snapshotExecuteAfterRemove,OD,,,https://github.com/TestingResearchIllinois/idoft/issues/88
https://github.com/apache/jackrabbit-oak,bd0526a24f221413976281ccbb0df95170fccc76,oak-blob-plugins,org.apache.jackrabbit.oak.plugins.blob.datastore.BlobIdTrackerTest.snapshotIgnoreAfterRemove,OD,,,https://github.com/TestingResearchIllinois/idoft/issues/88
https://github.com/apache/jackrabbit-oak,bd0526a24f221413976281ccbb0df95170fccc76,oak-blob-plugins,org.apache.jackrabbit.oak.plugins.blob.datastore.DataStoreBlobStoreTest.testAddRepositoryId,OD,,,https://github.com/TestingResearchIllinois/idoft/issues/88
https://github.com/apache/jackrabbit-oak,bd0526a24f221413976281ccbb0df95170fccc76,oak-blob-plugins,org.apache.jackrabbit.oak.plugins.blob.SharedDataStoreUtilsTest.repoMarkerExistOnClose,OD,,,https://github.com/TestingResearchIllinois/idoft/issues/88
https://github.com/apache/jackrabbit-oak,bd0526a24f221413976281ccbb0df95170fccc76,oak-blob-plugins,org.apache.jackrabbit.oak.plugins.blob.SharedDataStoreUtilsTest.test,OD,,,https://github.com/TestingResearchIllinois/idoft/issues/88
https://github.com/apache/jackrabbit-oak,bd0526a24f221413976281ccbb0df95170fccc76,oak-blob-plugins,org.apache.jackrabbit.oak.plugins.blob.SharedDataStoreUtilsTest.testAddMetadata,OD,,,https://github.com/TestingResearchIllinois/idoft/issues/88
https://github.com/apache/jackrabbit-oak,bd0526a24f221413976281ccbb0df95170fccc76,oak-blob-plugins,org.apache.jackrabbit.oak.plugins.blob.SharedDataStoreUtilsTest.testAddMetadataWithConditionalExtraSuffix,OD,,,https://github.com/TestingResearchIllinois/idoft/issues/88
https://github.com/apache/jackrabbit-oak,bd0526a24f221413976281ccbb0df95170fccc76,oak-blob-plugins,org.apache.jackrabbit.oak.plugins.blob.SharedDataStoreUtilsTest.testAddMetadataWithExtraSuffix,OD,,,https://github.com/TestingResearchIllinois/idoft/issues/88
https://github.com/apache/jackrabbit-oak,bd0526a24f221413976281ccbb0df95170fccc76,oak-blob-plugins,org.apache.jackrabbit.oak.plugins.blob.SharedDataStoreUtilsTest.testRefsAvailableAllRepos,OD,,,https://github.com/TestingResearchIllinois/idoft/issues/88
https://github.com/apache/jackrabbit-oak,bd0526a24f221413976281ccbb0df95170fccc76,oak-blob-plugins,org.apache.jackrabbit.oak.plugins.blob.SharedDataStoreUtilsTest.testRefsNotAvailableAllRepos,OD,,,https://github.com/TestingResearchIllinois/idoft/issues/88
https://github.com/apache/jackrabbit-oak,bd0526a24f221413976281ccbb0df95170fccc76,oak-blob-plugins,org.apache.jackrabbit.oak.plugins.blob.SharedDataStoreUtilsTest.transientRepoMarkerDeleteOnClose,OD,,,https://github.com/TestingResearchIllinois/idoft/issues/88
https://github.com/apache/nifi,41ff6f076b2e5346cf695ff2064e5dcfe249c124,nifi-nar-bundles/nifi-framework-bundle/nifi-framework/nifi-framework-core,org.apache.nifi.controller.TestEncryptedFileSystemSwapManager.testSwapOutSwapIn,OD,,,
https://github.com/apache/nifi,12015a17dd93a1d42c9d6ddab6cc5ce606fef16a,nifi-nar-bundles/nifi-framework-bundle/nifi-framework/nifi-web/nifi-web-api,org.apache.nifi.integration.accesscontrol.ITConnectionAccessControl.testNoneUserDeleteConnection,OD-Brit,,,
https://github.com/apache/nifi,12015a17dd93a1d42c9d6ddab6cc5ce606fef16a,nifi-nar-bundles/nifi-framework-bundle/nifi-framework/nifi-web/nifi-web-api,org.apache.nifi.integration.accesscontrol.ITConnectionAccessControl.testReadUserGetConnection,OD,,,
https://github.com/apache/nifi,12015a17dd93a1d42c9d6ddab6cc5ce606fef16a,nifi-nar-bundles/nifi-framework-bundle/nifi-framework/nifi-web/nifi-web-api,org.apache.nifi.integration.accesscontrol.ITCountersAccessControl.testUpdateCounters,OD,,,
https://github.com/apache/nifi,12015a17dd93a1d42c9d6ddab6cc5ce606fef16a,nifi-nar-bundles/nifi-framework-bundle/nifi-framework/nifi-web/nifi-web-api,org.apache.nifi.integration.accesscontrol.ITFlowAccessControl.testGenerateClientId,OD,,,
https://github.com/apache/nifi,12015a17dd93a1d42c9d6ddab6cc5ce606fef16a,nifi-nar-bundles/nifi-framework-bundle/nifi-framework/nifi-web/nifi-web-api,org.apache.nifi.integration.accesscontrol.ITFlowAccessControl.testSearch,OD,,,
https://github.com/apache/nifi,12015a17dd93a1d42c9d6ddab6cc5ce606fef16a,nifi-nar-bundles/nifi-framework-bundle/nifi-framework/nifi-web/nifi-web-api,org.apache.nifi.integration.accesscontrol.ITFunnelAccessControl.testNoneUserPutFunnel,OD,,,
https://github.com/apache/nifi,12015a17dd93a1d42c9d6ddab6cc5ce606fef16a,nifi-nar-bundles/nifi-framework-bundle/nifi-framework/nifi-web/nifi-web-api,org.apache.nifi.integration.accesscontrol.ITFunnelAccessControl.testWriteUserDeleteFunnel,OD,,,
https://github.com/apache/nifi,12015a17dd93a1d42c9d6ddab6cc5ce606fef16a,nifi-nar-bundles/nifi-framework-bundle/nifi-framework/nifi-web/nifi-web-api,org.apache.nifi.integration.accesscontrol.ITInputPortAccessControl.testNoneUserGetInputPort,OD,,,
https://github.com/apache/nifi,12015a17dd93a1d42c9d6ddab6cc5ce606fef16a,nifi-nar-bundles/nifi-framework-bundle/nifi-framework/nifi-web/nifi-web-api,org.apache.nifi.integration.accesscontrol.ITInputPortAccessControl.testReadWriteUserDeleteInputPort,OD,,,
https://github.com/apache/nifi,12015a17dd93a1d42c9d6ddab6cc5ce606fef16a,nifi-nar-bundles/nifi-framework-bundle/nifi-framework/nifi-web/nifi-web-api,org.apache.nifi.integration.accesscontrol.ITLabelAccessControl.testWriteUserGetLabel,OD,,,
https://github.com/apache/nifi,12015a17dd93a1d42c9d6ddab6cc5ce606fef16a,nifi-nar-bundles/nifi-framework-bundle/nifi-framework/nifi-web/nifi-web-api,org.apache.nifi.integration.accesscontrol.ITOutputPortAccessControl.testReadUserGetOutputPort,OD,,,
https://github.com/apache/nifi,12015a17dd93a1d42c9d6ddab6cc5ce606fef16a,nifi-nar-bundles/nifi-framework-bundle/nifi-framework/nifi-web/nifi-web-api,org.apache.nifi.integration.accesscontrol.ITOutputPortAccessControl.testReadUserPutOutputPort,OD,,,
https://github.com/apache/nifi,12015a17dd93a1d42c9d6ddab6cc5ce606fef16a,nifi-nar-bundles/nifi-framework-bundle/nifi-framework/nifi-web/nifi-web-api,org.apache.nifi.integration.accesscontrol.ITOutputPortAccessControl.testReadWriteUserGetOutputPort,OD,,,
https://github.com/apache/nifi,12015a17dd93a1d42c9d6ddab6cc5ce606fef16a,nifi-nar-bundles/nifi-framework-bundle/nifi-framework/nifi-web/nifi-web-api,org.apache.nifi.integration.accesscontrol.ITOutputPortAccessControl.testWriteUserDeleteOutputPort,OD,,,
https://github.com/apache/nifi,12015a17dd93a1d42c9d6ddab6cc5ce606fef16a,nifi-nar-bundles/nifi-framework-bundle/nifi-framework/nifi-web/nifi-web-api,org.apache.nifi.integration.accesscontrol.ITProcessGroupAccessControl.testNoneUserPutProcessGroup,OD,,,
https://github.com/apache/nifi,12015a17dd93a1d42c9d6ddab6cc5ce606fef16a,nifi-nar-bundles/nifi-framework-bundle/nifi-framework/nifi-web/nifi-web-api,org.apache.nifi.integration.accesscontrol.ITProcessGroupAccessControl.testReadUserPutProcessGroup,OD,,,
https://github.com/apache/nifi,12015a17dd93a1d42c9d6ddab6cc5ce606fef16a,nifi-nar-bundles/nifi-framework-bundle/nifi-framework/nifi-web/nifi-web-api,org.apache.nifi.integration.accesscontrol.ITProcessGroupAccessControl.testReadWriteUserDeleteProcessGroup,OD,,,
https://github.com/apache/nifi,12015a17dd93a1d42c9d6ddab6cc5ce606fef16a,nifi-nar-bundles/nifi-framework-bundle/nifi-framework/nifi-web/nifi-web-api,org.apache.nifi.integration.accesscontrol.ITProcessGroupAccessControl.testReadWriteUserGetProcessGroup,OD,,,
https://github.com/apache/nifi,12015a17dd93a1d42c9d6ddab6cc5ce606fef16a,nifi-nar-bundles/nifi-framework-bundle/nifi-framework/nifi-web/nifi-web-api,org.apache.nifi.integration.accesscontrol.ITProcessGroupAccessControl.testReadWriteUserPutProcessGroup,OD,,,
https://github.com/apache/nifi,12015a17dd93a1d42c9d6ddab6cc5ce606fef16a,nifi-nar-bundles/nifi-framework-bundle/nifi-framework/nifi-web/nifi-web-api,org.apache.nifi.integration.accesscontrol.ITProcessorAccessControl.testNoneUserPutProcessor,OD,,,
https://github.com/apache/nifi,12015a17dd93a1d42c9d6ddab6cc5ce606fef16a,nifi-nar-bundles/nifi-framework-bundle/nifi-framework/nifi-framework-nar-utils,org.apache.nifi.nar.NarUnpackerTest.testUnpackNars,OD,,,
https://github.com/apache/ozone,eb7136df7b53c77e239e82ff9d9d8063774fc717,hadoop-hdds/server-scm,org.apache.hadoop.hdds.scm.pipeline.TestPipelineManagerImpl.testPipelineCreationFailedMetric,OD,,,
https://github.com/apache/ozone,eb7136df7b53c77e239e82ff9d9d8063774fc717,hadoop-hdds/container-service,org.apache.hadoop.ozone.container.common.interfaces.TestHandler.testGetHandlerForInvalidContainerType,OD,,,
https://github.com/apache/ozone,eb7136df7b53c77e239e82ff9d9d8063774fc717,hadoop-hdds/container-service,org.apache.hadoop.ozone.container.common.interfaces.TestHandler.testGetKeyValueHandler,OD,,,
https://github.com/apache/ozone,eb7136df7b53c77e239e82ff9d9d8063774fc717,hadoop-hdds/container-service,org.apache.hadoop.ozone.container.common.report.TestReportPublisher.testPublishReport,OD,,,
https://github.com/apache/ozone,eb7136df7b53c77e239e82ff9d9d8063774fc717,hadoop-hdds/container-service,org.apache.hadoop.ozone.container.common.TestContainerCache.testConcurrentDBGet,OD,,,
https://github.com/apache/ozone,eb7136df7b53c77e239e82ff9d9d8063774fc717,hadoop-hdds/container-service,org.apache.hadoop.ozone.container.common.TestContainerCache.testContainerCacheEviction,OD,,,
https://github.com/apache/ozone,eb7136df7b53c77e239e82ff9d9d8063774fc717,hadoop-hdds/container-service,org.apache.hadoop.ozone.container.common.TestDatanodeStateMachine.testDatanodeStateContext,OD,,,
https://github.com/apache/ozone,eb7136df7b53c77e239e82ff9d9d8063774fc717,hadoop-hdds/container-service,org.apache.hadoop.ozone.container.common.TestDatanodeStateMachine.testDatanodeStateMachineWithIdWriteFail,OD,,,
https://github.com/apache/ozone,eb7136df7b53c77e239e82ff9d9d8063774fc717,hadoop-hdds/container-service,org.apache.hadoop.ozone.container.common.TestDatanodeStateMachine.testDatanodeStateMachineWithInvalidConfiguration,OD,,,
https://github.com/apache/ozone,eb7136df7b53c77e239e82ff9d9d8063774fc717,hadoop-hdds/container-service,org.apache.hadoop.ozone.container.common.TestDatanodeStateMachine.testStartStopDatanodeStateMachine,OD,,,
https://github.com/apache/ozone,eb7136df7b53c77e239e82ff9d9d8063774fc717,hadoop-hdds/server-scm,org.apache.hadoop.ozone.container.common.TestEndPoint.testRegisterRpcTimeout,OD,,,
https://github.com/apache/ozone,eb7136df7b53c77e239e82ff9d9d8063774fc717,hadoop-hdds/container-service,org.apache.hadoop.ozone.container.common.TestSchemaOneBackwardsCompatibility.testDelete,OD,,,
https://github.com/apache/ozone,eb7136df7b53c77e239e82ff9d9d8063774fc717,hadoop-hdds/container-service,org.apache.hadoop.ozone.container.common.TestSchemaOneBackwardsCompatibility.testReadDeletedBlockChunkInfo,OD,,,
https://github.com/apache/ozone,eb7136df7b53c77e239e82ff9d9d8063774fc717,hadoop-hdds/container-service,org.apache.hadoop.ozone.container.keyvalue.impl.TestChunkManagerDummyImpl.dummyManagerDoesNotWriteToFile,OD,,,
https://github.com/apache/ozone,eb7136df7b53c77e239e82ff9d9d8063774fc717,hadoop-hdds/container-service,org.apache.hadoop.ozone.container.keyvalue.impl.TestChunkManagerDummyImpl.dummyManagerReadsAnyChunk,OD,,,
https://github.com/apache/ozone,eb7136df7b53c77e239e82ff9d9d8063774fc717,hadoop-hdds/container-service,org.apache.hadoop.ozone.container.keyvalue.impl.TestFilePerBlockStrategy.testDeleteChunk,OD,,,
https://github.com/apache/ozone,eb7136df7b53c77e239e82ff9d9d8063774fc717,hadoop-hdds/container-service,org.apache.hadoop.ozone.container.keyvalue.impl.TestFilePerBlockStrategy.testDeletePartialChunkUnsupportedRequest,OD,,,
https://github.com/apache/ozone,eb7136df7b53c77e239e82ff9d9d8063774fc717,hadoop-hdds/container-service,org.apache.hadoop.ozone.container.keyvalue.impl.TestFilePerBlockStrategy.testDeletePartialChunkWithOffsetUnsupportedRequest,OD,,,
https://github.com/apache/ozone,eb7136df7b53c77e239e82ff9d9d8063774fc717,hadoop-hdds/container-service,org.apache.hadoop.ozone.container.keyvalue.impl.TestFilePerBlockStrategy.testMultipleWriteSingleRead,OD,,,
https://github.com/apache/ozone,eb7136df7b53c77e239e82ff9d9d8063774fc717,hadoop-hdds/container-service,org.apache.hadoop.ozone.container.keyvalue.impl.TestFilePerBlockStrategy.testPartialRead,OD,,,
https://github.com/apache/ozone,eb7136df7b53c77e239e82ff9d9d8063774fc717,hadoop-hdds/container-service,org.apache.hadoop.ozone.container.keyvalue.impl.TestFilePerBlockStrategy.testReadChunkFileNotExists,OD,,,
https://github.com/apache/ozone,eb7136df7b53c77e239e82ff9d9d8063774fc717,hadoop-hdds/container-service,org.apache.hadoop.ozone.container.keyvalue.impl.TestFilePerBlockStrategy.testReadOversizeChunk,OD,,,
https://github.com/apache/ozone,eb7136df7b53c77e239e82ff9d9d8063774fc717,hadoop-hdds/container-service,org.apache.hadoop.ozone.container.keyvalue.impl.TestFilePerBlockStrategy.testWriteAndReadChunkMultipleTimes,OD,,,
https://github.com/apache/ozone,eb7136df7b53c77e239e82ff9d9d8063774fc717,hadoop-hdds/container-service,org.apache.hadoop.ozone.container.keyvalue.impl.TestFilePerBlockStrategy.testWriteChunkIncorrectLength,OD,,,
https://github.com/apache/ozone,eb7136df7b53c77e239e82ff9d9d8063774fc717,hadoop-hdds/container-service,org.apache.hadoop.ozone.container.keyvalue.impl.TestFilePerBlockStrategy.testWriteChunkStageCombinedData,OD,,,
https://github.com/apache/ozone,eb7136df7b53c77e239e82ff9d9d8063774fc717,hadoop-hdds/container-service,org.apache.hadoop.ozone.container.keyvalue.impl.TestFilePerBlockStrategy.testWriteReadChunk,OD,,,
https://github.com/apache/ozone,eb7136df7b53c77e239e82ff9d9d8063774fc717,hadoop-hdds/container-service,org.apache.hadoop.ozone.container.keyvalue.impl.TestFilePerChunkStrategy.deletesChunkFileWithLengthIncludingOffset,OD,,,
https://github.com/apache/ozone,eb7136df7b53c77e239e82ff9d9d8063774fc717,hadoop-hdds/container-service,org.apache.hadoop.ozone.container.keyvalue.impl.TestFilePerChunkStrategy.testDeleteChunk,OD,,,
https://github.com/apache/ozone,eb7136df7b53c77e239e82ff9d9d8063774fc717,hadoop-hdds/container-service,org.apache.hadoop.ozone.container.keyvalue.impl.TestFilePerChunkStrategy.testDeletePartialChunkUnsupportedRequest,OD,,,
https://github.com/apache/ozone,eb7136df7b53c77e239e82ff9d9d8063774fc717,hadoop-hdds/container-service,org.apache.hadoop.ozone.container.keyvalue.impl.TestFilePerChunkStrategy.testReadChunkFileNotExists,OD,,,
https://github.com/apache/ozone,eb7136df7b53c77e239e82ff9d9d8063774fc717,hadoop-hdds/container-service,org.apache.hadoop.ozone.container.keyvalue.impl.TestFilePerChunkStrategy.testReadOversizeChunk,OD,,,
https://github.com/apache/ozone,eb7136df7b53c77e239e82ff9d9d8063774fc717,hadoop-hdds/container-service,org.apache.hadoop.ozone.container.keyvalue.impl.TestFilePerChunkStrategy.testWriteAndReadChunkMultipleTimes,OD,,,
https://github.com/apache/ozone,eb7136df7b53c77e239e82ff9d9d8063774fc717,hadoop-hdds/container-service,org.apache.hadoop.ozone.container.keyvalue.impl.TestFilePerChunkStrategy.testWriteChunkIncorrectLength,OD,,,
https://github.com/apache/ozone,eb7136df7b53c77e239e82ff9d9d8063774fc717,hadoop-hdds/container-service,org.apache.hadoop.ozone.container.keyvalue.impl.TestFilePerChunkStrategy.testWriteChunkStageCombinedData,OD,,,
https://github.com/apache/ozone,eb7136df7b53c77e239e82ff9d9d8063774fc717,hadoop-hdds/container-service,org.apache.hadoop.ozone.container.keyvalue.impl.TestFilePerChunkStrategy.testWriteChunkStageWriteAndCommit,OD,,,
https://github.com/apache/ozone,eb7136df7b53c77e239e82ff9d9d8063774fc717,hadoop-hdds/container-service,org.apache.hadoop.ozone.container.keyvalue.impl.TestFilePerChunkStrategy.testWriteReadChunk,OD,,,
https://github.com/apache/ozone,eb7136df7b53c77e239e82ff9d9d8063774fc717,hadoop-hdds/container-service,org.apache.hadoop.ozone.container.ozoneimpl.TestContainerReader.testContainerReader,OD,,,
https://github.com/apache/ozone,eb7136df7b53c77e239e82ff9d9d8063774fc717,hadoop-hdds/container-service,org.apache.hadoop.ozone.container.ozoneimpl.TestContainerReader.testContainerReaderWithLoadException,OD,,,
https://github.com/apache/ozone,eb7136df7b53c77e239e82ff9d9d8063774fc717,hadoop-hdds/container-service,org.apache.hadoop.ozone.container.ozoneimpl.TestContainerReader.testMultipleContainerReader,OD,,,
https://github.com/apache/ozone,eb7136df7b53c77e239e82ff9d9d8063774fc717,hadoop-hdds/container-service,org.apache.hadoop.ozone.container.replication.TestMeasuredReplicator.measureFailureSuccessAndBytes,OD,,,
https://github.com/apache/ozone,eb7136df7b53c77e239e82ff9d9d8063774fc717,hadoop-hdds/container-service,org.apache.hadoop.ozone.container.replication.TestMeasuredReplicator.testSuccessTime,OD,,,
https://github.com/apache/ozone,eb7136df7b53c77e239e82ff9d9d8063774fc717,hadoop-hdds/container-service,org.apache.hadoop.ozone.container.replication.TestMeasuredReplicator.testSuccessTimeFailureExcluded,OD,,,
https://github.com/apache/ozone,eb7136df7b53c77e239e82ff9d9d8063774fc717,hadoop-hdds/container-service,org.apache.hadoop.ozone.TestHddsDatanodeService.testStartup,OD,,,
https://github.com/apache/shardingsphere-elasticjob,b022898ef1b8c984e17efb2a422ee45f6b13e46e,elastic-job-lite-core,io.elasticjob.lite.internal.election.ElectionListenerManagerTest.assertLeaderElectionWhenRemoveLeaderInstancePathWithAvailableServerButJobInstanceIsShutdown,OD-Vic,,,
https://github.com/CloudSlang/cloud-slang,2b5914c479984244f656af5c1eed0e081e988d6a,cloudslang-runtime,io.cloudslang.lang.runtime.bindings.ParallelLoopBindingTest.testEmptyExpressionThrowsException,OD,,,https://github.com/TestingResearchIllinois/idoft/issues/256
https://github.com/CloudSlang/cloud-slang,2b5914c479984244f656af5c1eed0e081e988d6a,cloudslang-runtime,io.cloudslang.lang.runtime.steps.ParallelLoopStepsTest.testAddBranchesEventsAreFired,OD,,,https://github.com/TestingResearchIllinois/idoft/issues/256
https://github.com/CloudSlang/cloud-slang,2b5914c479984244f656af5c1eed0e081e988d6a,cloudslang-runtime,io.cloudslang.lang.runtime.steps.ParallelLoopStepsTest.testExceptionIsCapturedFromBranches,OD,,,https://github.com/TestingResearchIllinois/idoft/issues/256
https://github.com/CloudSlang/cloud-slang,2b5914c479984244f656af5c1eed0e081e988d6a,cloudslang-runtime,io.cloudslang.lang.runtime.steps.ParallelLoopStepsTest.testJoinBranchesNavigationAllBranchesSucced,OD,,,https://github.com/TestingResearchIllinois/idoft/issues/256
https://github.com/espertechinc/esper,590fa9c9eb854f1420b9d337b802aca19f963cc0,runtime,com.espertech.esper.runtime.internal.schedulesvcimpl.TestSchedulingServiceImpl.testTrigger,OD,,,
https://github.com/funkygao/cp-ddd-framework,8c69f6a50db83459356a2ae66a910b1905fe4eb5,dddplus-test,io.github.dddplus.testing.LogAssertTest.contains,OD,,,https://github.com/TestingResearchIllinois/flaky-test-dataset/issues/80
https://github.com/jenkinsci/remoting,abf0455a68ad6c52a57e912bb89d51f883f77542,.,hudson.remoting.ClassFilterTest.capabilityRead,OD,,,https://github.com/TestingResearchIllinois/flaky-test-dataset/issues/82
https://github.com/networknt/light-4j,fcded1683dcbd41a968e221494778aa6b71e7428,body,com.networknt.body.BodyHandlerTest.testPostInvalidJson,OD,,,https://github.com/TestingResearchIllinois/flaky-test-dataset/issues/73;Unable to reproduce with iDFlakies 2.0.0
https://github.com/networknt/light-4j,fcded1683dcbd41a968e221494778aa6b71e7428,body,com.networknt.body.BodyHandlerTest.testPostJsonMap,OD,,,https://github.com/TestingResearchIllinois/flaky-test-dataset/issues/73;Unable to reproduce with iDFlakies 2.0.0
https://github.com/networknt/light-4j,fcded1683dcbd41a968e221494778aa6b71e7428,body,com.networknt.body.BodyHandlerTest.testPostNonJson,OD,,,https://github.com/TestingResearchIllinois/flaky-test-dataset/issues/73;Unable to reproduce with iDFlakies 2.0.0
https://github.com/networknt/light-4j,fcded1683dcbd41a968e221494778aa6b71e7428,info,com.networknt.info.ServerInfoGetHandlerTest.testServerInfo,OD,,,https://github.com/TestingResearchIllinois/flaky-test-dataset/issues/73;Unable to reproduce with iDFlakies 2.0.0
https://github.com/networknt/light-4j,fcded1683dcbd41a968e221494778aa6b71e7428,sanitizer,com.networknt.sanitizer.SanitizerHandlerWithEncodeTest.testPostBody,OD,,,https://github.com/TestingResearchIllinois/flaky-test-dataset/issues/73;Unable to reproduce with iDFlakies 2.0.0
https://github.com/networknt/light-4j,fcded1683dcbd41a968e221494778aa6b71e7428,sanitizer,com.networknt.sanitizer.SanitizerHandlerWithIgnoreTest.testPostBody,OD,,,https://github.com/TestingResearchIllinois/flaky-test-dataset/issues/73;Unable to reproduce with iDFlakies 2.0.0
https://github.com/querydsl/querydsl,2bf234caf78549813a1e0f44d9c30ecc5ef734e3,querydsl-hibernate-search,com.querydsl.hibernate.search.SearchQueryTest.singleResult,OD-Brit,,,
https://github.com/spring-cloud/spring-cloud-kubernetes,3351926041a630aee0961ba0e1be8f035e4ba2ca,spring-cloud-kubernetes-fabric8-config,org.springframework.cloud.kubernetes.fabric8.config.ConfigMapsFromFilePathsTests.farewellInputShouldReturnPropertyFromSecondFile,OD,,,
https://github.com/spring-cloud/spring-cloud-kubernetes,3351926041a630aee0961ba0e1be8f035e4ba2ca,spring-cloud-kubernetes-fabric8-config,org.springframework.cloud.kubernetes.fabric8.config.ConfigMapsFromFilePathsTests.morningInputShouldReturnDefaultValue,OD,,,
https://github.com/spring-cloud/spring-cloud-kubernetes,3351926041a630aee0961ba0e1be8f035e4ba2ca,spring-cloud-kubernetes-fabric8-config,org.springframework.cloud.kubernetes.fabric8.config.ConfigMapsTests.testConfig,OD,,,
https://github.com/spring-cloud/spring-cloud-kubernetes,3351926041a630aee0961ba0e1be8f035e4ba2ca,spring-cloud-kubernetes-fabric8-config,org.springframework.cloud.kubernetes.fabric8.config.CoreTest.kubernetesClientConfigBeanShouldBeConfigurableViaSystemProperties,OD,,,
https://github.com/spring-cloud/spring-cloud-kubernetes,3351926041a630aee0961ba0e1be8f035e4ba2ca,spring-cloud-kubernetes-fabric8-config,org.springframework.cloud.kubernetes.fabric8.config.MultipleConfigMapsTests.testCommonMessage,OD,,,
https://github.com/spring-cloud/spring-cloud-kubernetes,3351926041a630aee0961ba0e1be8f035e4ba2ca,spring-cloud-kubernetes-fabric8-config,org.springframework.cloud.kubernetes.fabric8.config.MultipleConfigMapsTests.testMessage3,OD,,,
https://github.com/spring-cloud/spring-cloud-kubernetes,3351926041a630aee0961ba0e1be8f035e4ba2ca,spring-cloud-kubernetes-fabric8-autoconfig,org.springframework.cloud.kubernetes.fabric8.Fabric8ClientUserAgentEnvPropertyTests.testUserAgent,OD,,,
https://github.com/spring-cloud/spring-cloud-kubernetes,3351926041a630aee0961ba0e1be8f035e4ba2ca,spring-cloud-kubernetes-integration-tests/load-balancer,org.springframework.cloud.kubernetes.fabric8.loadbalancer.LoadBalancerTests.testLoadBalancerSameNamespace,OD-Vic,,,
https://github.com/spring-cloud/spring-cloud-kubernetes,3351926041a630aee0961ba0e1be8f035e4ba2ca,spring-cloud-kubernetes-integration-tests/load-balancer,org.springframework.cloud.kubernetes.fabric8.loadbalancer.LoadBalancerWithServiceTests.testLoadBalancerSameNamespace,OD-Vic,,,
https://github.com/spring-cloud/spring-cloud-netflix,dc67500445d3ce7382771e39b64ca93bbebc04c7,spring-cloud-netflix-eureka-server,org.springframework.cloud.netflix.eureka.server.ApplicationContextTests.catalogLoads,OD-Vic,,,
https://github.com/spring-cloud/spring-cloud-netflix,dc67500445d3ce7382771e39b64ca93bbebc04c7,spring-cloud-netflix-eureka-server,org.springframework.cloud.netflix.eureka.server.ApplicationContextTests.dashboardLoads,OD-Vic,,,
https://github.com/spring-cloud/spring-cloud-netflix,dc67500445d3ce7382771e39b64ca93bbebc04c7,spring-cloud-netflix-eureka-server,org.springframework.cloud.netflix.eureka.server.ApplicationDashboardDisabledTests.catalogLoads,OD-Vic,,,
https://github.com/spring-cloud/spring-cloud-netflix,dc67500445d3ce7382771e39b64ca93bbebc04c7,spring-cloud-netflix-eureka-server,org.springframework.cloud.netflix.eureka.server.ApplicationDashboardPathTests.catalogLoads,OD-Vic,,,
https://github.com/spring-cloud/spring-cloud-netflix,dc67500445d3ce7382771e39b64ca93bbebc04c7,spring-cloud-netflix-eureka-server,org.springframework.cloud.netflix.eureka.server.ApplicationDashboardPathTests.dashboardLoads,OD-Vic,,,
https://github.com/spring-cloud/spring-cloud-netflix,dc67500445d3ce7382771e39b64ca93bbebc04c7,spring-cloud-netflix-eureka-server,org.springframework.cloud.netflix.eureka.server.ApplicationServletPathTests.catalogLoads,OD-Vic,,,
https://github.com/spring-cloud/spring-cloud-netflix,dc67500445d3ce7382771e39b64ca93bbebc04c7,spring-cloud-netflix-eureka-server,org.springframework.cloud.netflix.eureka.server.ApplicationServletPathTests.dashboardLoads,OD-Vic,,,
https://github.com/spring-cloud/spring-cloud-netflix,dc67500445d3ce7382771e39b64ca93bbebc04c7,spring-cloud-netflix-eureka-server,org.springframework.cloud.netflix.eureka.server.ApplicationTests.catalogLoads,OD-Vic,,,
https://github.com/spring-cloud/spring-cloud-netflix,dc67500445d3ce7382771e39b64ca93bbebc04c7,spring-cloud-netflix-eureka-server,org.springframework.cloud.netflix.eureka.server.ApplicationTests.noDoubleSlashes,OD-Vic,,,
https://github.com/spring-cloud/spring-cloud-netflix,dc67500445d3ce7382771e39b64ca93bbebc04c7,spring-cloud-netflix-eureka-server,org.springframework.cloud.netflix.eureka.server.RefreshablePeerEurekaNodesTests.dashboardUpdatedAsSoonAsRefreshed,OD-Vic,,,
https://github.com/spring-projects/spring-boot,daa3d457b71896a758995c264977bdd1414ee4d4,spring-boot-project/spring-boot-test-autoconfigure,org.springframework.boot.test.autoconfigure.data.neo4j.DataNeo4jTestIntegrationTests.testRepository,OD-Vic,,,
https://github.com/spring-projects/spring-boot,daa3d457b71896a758995c264977bdd1414ee4d4,spring-boot-project/spring-boot-test-autoconfigure,org.springframework.boot.test.autoconfigure.data.redis.DataRedisTestIntegrationTests.testRepository,OD-Vic,,,
https://github.com/spring-projects/spring-boot,daa3d457b71896a758995c264977bdd1414ee4d4,spring-boot-project/spring-boot-test-autoconfigure,org.springframework.boot.test.autoconfigure.web.servlet.mockmvc.WebMvcTestWebDriverCustomScopeIntegrationTests.shouldBeTheSameWebClient,OD,,,
https://github.com/spring-projects/spring-boot,daa3d457b71896a758995c264977bdd1414ee4d4,spring-boot-project/spring-boot-test-autoconfigure,org.springframework.boot.test.autoconfigure.web.servlet.mockmvc.WebMvcTestWebDriverIntegrationTests.shouldBeADifferentWebClient,OD,,,
https://github.com/vaadin/flow,ad39b063a657ce6728009a7184b1d8f012377194,flow-polymer-template,com.vaadin.flow.component.polymertemplate.NpmTemplateParserTest.should_FindCorrectDataInTemplate,OD-Vic,,,
https://github.com/winder/Universal-G-Code-Sender,4426f71c900ddd4a1eeb3957f3275cedc6312534,ugs-platform/ugs-platform-plugin-cloud-storage,com.willwinder.ugs.nbp.S3FileSystemViewTest.testGetFiles,OD,,,https://github.com/TestingResearchIllinois/flaky-test-dataset/issues/87
https://github.com/winder/Universal-G-Code-Sender,4426f71c900ddd4a1eeb3957f3275cedc6312534,ugs-core,com.willwinder.universalgcodesender.GrblControllerTest.rawResponseHandlerOnErrorWithNoSentCommandsShouldSendMessageToConsole,OD,,,https://github.com/TestingResearchIllinois/flaky-test-dataset/issues/87
https://github.com/winder/Universal-G-Code-Sender,4426f71c900ddd4a1eeb3957f3275cedc6312534,ugs-core,com.willwinder.universalgcodesender.GrblControllerTest.rawResponseHandlerWithKnownErrorShouldWriteMessageToConsole,OD,,,https://github.com/TestingResearchIllinois/flaky-test-dataset/issues/87
https://github.com/winder/Universal-G-Code-Sender,4426f71c900ddd4a1eeb3957f3275cedc6312534,ugs-core,com.willwinder.universalgcodesender.GrblControllerTest.rawResponseHandlerWithUnknownErrorShouldWriteGenericMessageToConsole,OD,,,https://github.com/TestingResearchIllinois/flaky-test-dataset/issues/87
https://github.com/winder/Universal-G-Code-Sender,4426f71c900ddd4a1eeb3957f3275cedc6312534,ugs-core,com.willwinder.universalgcodesender.GrblControllerTest.testGetGrblVersion,OD,,,https://github.com/TestingResearchIllinois/flaky-test-dataset/issues/87
https://github.com/winder/Universal-G-Code-Sender,4426f71c900ddd4a1eeb3957f3275cedc6312534,ugs-core,com.willwinder.universalgcodesender.GrblControllerTest.testIsReadyToStreamFile,OD,,,https://github.com/TestingResearchIllinois/flaky-test-dataset/issues/87
https://github.com/wro4j/wro4j,185ab607f1d649ca38b4a772831ee754cd4649fb,wro4j-core,ro.isdc.wro.model.resource.processor.TestJsMinProcessor.shouldProcessRegexpContainingCurlyBraces,OD-Vic,,,
https://github.com/wro4j/wro4j,185ab607f1d649ca38b4a772831ee754cd4649fb,wro4j-core,ro.isdc.wro.model.resource.support.change.TestResourceChangeInfo.cannotCheckChangeForNullGroupName,OD-Vic,,,
https://github.com/wro4j/wro4j,185ab607f1d649ca38b4a772831ee754cd4649fb,wro4j-core,ro.isdc.wro.model.resource.support.change.TestResourceWatcher.cannotCheckNullCacheEntry,OD-Vic,,,
https://github.com/wro4j/wro4j,185ab607f1d649ca38b4a772831ee754cd4649fb,wro4j-core,ro.isdc.wro.model.resource.support.hash.TestConfigurableHashStrategy.cannotConfigureInvalidAlias,OD-Vic,,,
https://github.com/wro4j/wro4j,185ab607f1d649ca38b4a772831ee754cd4649fb,wro4j-core,ro.isdc.wro.model.resource.support.naming.TestConfigurableNamingStrategy.cannotConfigureInvalidAlias,OD-Vic,,,
https://github.com/wro4j/wro4j,185ab607f1d649ca38b4a772831ee754cd4649fb,wro4j-core,ro.isdc.wro.model.resource.support.naming.TestDefaultHashEncoderNamingStrategy.cannotAcceptNullStream,OD-Vic,,,
https://github.com/wro4j/wro4j,185ab607f1d649ca38b4a772831ee754cd4649fb,wro4j-core,ro.isdc.wro.model.resource.support.naming.TestDefaultHashEncoderNamingStrategy.shouldRenameResourceWithSomeContent,OD-Vic,,,
https://github.com/wro4j/wro4j,185ab607f1d649ca38b4a772831ee754cd4649fb,wro4j-core,ro.isdc.wro.model.resource.support.naming.TestHashEncoderNamingStrategy.cannotAcceptNullStream,OD-Vic,,,
https://github.com/wro4j/wro4j,185ab607f1d649ca38b4a772831ee754cd4649fb,wro4j-core,ro.isdc.wro.model.resource.support.naming.TestHashEncoderNamingStrategy.shouldRenameResourceWithSomeContent,OD-Vic,,,
https://github.com/wro4j/wro4j,185ab607f1d649ca38b4a772831ee754cd4649fb,wro4j-core,ro.isdc.wro.model.resource.support.TestDefaultResourceAuthorizationManager.shouldContainOnlyOneResourceWhenSameIsAddedTwice,OD-Vic,,,
https://github.com/wro4j/wro4j,185ab607f1d649ca38b4a772831ee754cd4649fb,wro4j-core,ro.isdc.wro.model.TestWroModel.shouldNotReturnDuplicatedResources,OD-Vic,,,
https://github.com/wro4j/wro4j,185ab607f1d649ca38b4a772831ee754cd4649fb,wro4j-core,ro.isdc.wro.util.provider.TestProviderFinder.shouldFindConfigurableProviders,OD-Vic,,,
https://github.com/wro4j/wro4j,185ab607f1d649ca38b4a772831ee754cd4649fb,wro4j-core,ro.isdc.wro.util.TestProxyFactory.cannotCreateProxyFromNullObjectFactory,OD-Vic,,,
https://github.com/wro4j/wro4j,185ab607f1d649ca38b4a772831ee754cd4649fb,wro4j-core,ro.isdc.wro.util.TestSchedulerHelper.canAcceptNullRunnableWhenPeriodIsZero,OD-Vic,,,
https://github.com/wro4j/wro4j,185ab607f1d649ca38b4a772831ee754cd4649fb,wro4j-core,ro.isdc.wro.util.TestWroUtil.shouldJoinTwoPaths,OD-Vic,,,
https://github.com/wso2/carbon-apimgt,a82213e40e7e6aa529341fdd1d1c3de776949e64,components/apimgt/org.wso2.carbon.apimgt.core,org.wso2.carbon.apimgt.core.auth.ScopeRegistrationServiceStubFactoryTest.testGetScopeRegistration,OD-Vic,,,
