https://github.com/abel533/Mapper,3c0b3307011fad53f811e08d05147d94fc6c0d67,base,tk.mybatis.mapper.test.able.TestBasicAble.testInsert,OD,,,https://github.com/TestingResearchIllinois/idoft/issues/90
https://github.com/abel533/Mapper,3c0b3307011fad53f811e08d05147d94fc6c0d67,base,tk.mybatis.mapper.test.country.TestInsertSelective.testDynamicInsertSelective,OD-Vic,,,https://github.com/TestingResearchIllinois/idoft/issues/90
https://github.com/abel533/Mapper,3c0b3307011fad53f811e08d05147d94fc6c0d67,base,tk.mybatis.mapper.test.country.TestInsertSelective.testDynamicInsertSelectiveNull,OD-Vic,,,https://github.com/TestingResearchIllinois/idoft/issues/90
https://github.com/abel533/Mapper,3c0b3307011fad53f811e08d05147d94fc6c0d67,base,tk.mybatis.mapper.test.country.TestSelectAll.testDynamicSelectPage,OD-Vic,,,https://github.com/TestingResearchIllinois/idoft/issues/90
https://github.com/abel533/Mapper,3c0b3307011fad53f811e08d05147d94fc6c0d67,base,tk.mybatis.mapper.test.country.TestSelectAll.testDynamicSelectPage2,OD-Vic,,,https://github.com/TestingResearchIllinois/idoft/issues/90
https://github.com/abel533/Mapper,3c0b3307011fad53f811e08d05147d94fc6c0d67,base,tk.mybatis.mapper.test.country.TestSelectByPrimaryKey.testDynamicSelectByPrimaryKey,OD-Vic,,,https://github.com/TestingResearchIllinois/idoft/issues/90
https://github.com/abel533/Mapper,3c0b3307011fad53f811e08d05147d94fc6c0d67,base,tk.mybatis.mapper.test.country.TestSelectByPrimaryKey.testDynamicSelectByPrimaryKey2,OD-Vic,,,https://github.com/TestingResearchIllinois/idoft/issues/90
https://github.com/abel533/Mapper,3c0b3307011fad53f811e08d05147d94fc6c0d67,base,tk.mybatis.mapper.test.country.TestSelectByPrimaryKey.testSelectByPrimaryKeyMap,OD-Vic,,,https://github.com/TestingResearchIllinois/idoft/issues/90
https://github.com/abel533/Mapper,3c0b3307011fad53f811e08d05147d94fc6c0d67,base,tk.mybatis.mapper.test.country.TestSelectCount.testDynamicSelect,OD-Vic,,,https://github.com/TestingResearchIllinois/idoft/issues/90
https://github.com/abel533/Mapper,3c0b3307011fad53f811e08d05147d94fc6c0d67,base,tk.mybatis.mapper.test.country.TestSelectCount.testDynamicSelectAllByNull,OD-Vic,,,https://github.com/TestingResearchIllinois/idoft/issues/90
https://github.com/abel533/Mapper,3c0b3307011fad53f811e08d05147d94fc6c0d67,base,tk.mybatis.mapper.test.country.TestSelectCount.testDynamicSelectCount,OD-Vic,,,https://github.com/TestingResearchIllinois/idoft/issues/90
https://github.com/abel533/Mapper,3c0b3307011fad53f811e08d05147d94fc6c0d67,base,tk.mybatis.mapper.test.country.TestSelectOne.testDynamicSelect,OD-Vic,,,https://github.com/TestingResearchIllinois/idoft/issues/90
https://github.com/abel533/Mapper,3c0b3307011fad53f811e08d05147d94fc6c0d67,base,tk.mybatis.mapper.test.country.TestSelectOne.testDynamicSelectAll,OD-Vic,,,https://github.com/TestingResearchIllinois/idoft/issues/90
https://github.com/abel533/Mapper,3c0b3307011fad53f811e08d05147d94fc6c0d67,base,tk.mybatis.mapper.test.country.TestSelectOne.testDynamicSelectAllByNull,OD-Vic,,,https://github.com/TestingResearchIllinois/idoft/issues/90
https://github.com/abel533/Mapper,3c0b3307011fad53f811e08d05147d94fc6c0d67,base,tk.mybatis.mapper.test.example.TestSelectCountByExample.testSelectCountByExample,OD-Vic,,,https://github.com/TestingResearchIllinois/idoft/issues/90
https://github.com/abel533/Mapper,3c0b3307011fad53f811e08d05147d94fc6c0d67,base,tk.mybatis.mapper.test.example.TestSelectCountByExample.testSelectCountByExample2,OD-Vic,,,https://github.com/TestingResearchIllinois/idoft/issues/90
https://github.com/abel533/Mapper,3c0b3307011fad53f811e08d05147d94fc6c0d67,base,tk.mybatis.mapper.test.example.TestSelectCountByExample.testSelectCountByExample3,OD-Vic,,,https://github.com/TestingResearchIllinois/idoft/issues/90
https://github.com/abel533/Mapper,3c0b3307011fad53f811e08d05147d94fc6c0d67,base,tk.mybatis.mapper.test.example.TestSelectCountByExample.testSelectCountByExampleForUpdate,OD-Vic,,,https://github.com/TestingResearchIllinois/idoft/issues/90
https://github.com/abel533/Mapper,3c0b3307011fad53f811e08d05147d94fc6c0d67,base,tk.mybatis.mapper.test.example.TestSelectOneByExample.testSelectByExample,OD-Vic,,,https://github.com/TestingResearchIllinois/idoft/issues/90
https://github.com/abel533/Mapper,3c0b3307011fad53f811e08d05147d94fc6c0d67,base,tk.mybatis.mapper.test.example.TestSelectOneByExample.testSelectOneByExampleException,OD-Vic,,,https://github.com/TestingResearchIllinois/idoft/issues/90
https://github.com/abel533/Mapper,3c0b3307011fad53f811e08d05147d94fc6c0d67,base,tk.mybatis.mapper.test.example.TestUpdateByExample.testUpdateByExample,OD-Vic,,,https://github.com/TestingResearchIllinois/idoft/issues/90
https://github.com/abel533/Mapper,3c0b3307011fad53f811e08d05147d94fc6c0d67,base,tk.mybatis.mapper.test.example.TestUpdateByExample.testUpdateByExample2,OD-Vic,,,https://github.com/TestingResearchIllinois/idoft/issues/90
https://github.com/abel533/Mapper,3c0b3307011fad53f811e08d05147d94fc6c0d67,base,tk.mybatis.mapper.test.example.TestUpdateByExampleSelective.testUpdateByExampleSelective,OD-Vic,,,https://github.com/TestingResearchIllinois/idoft/issues/90
https://github.com/abel533/Mapper,3c0b3307011fad53f811e08d05147d94fc6c0d67,base,tk.mybatis.mapper.test.example.TestUpdateByExampleSelective.testUpdateByExampleSelective2,OD-Vic,,,https://github.com/TestingResearchIllinois/idoft/issues/90
https://github.com/abel533/Mapper,3c0b3307011fad53f811e08d05147d94fc6c0d67,base,tk.mybatis.mapper.test.example.TestUpdateByExampleSelective.testUpdateByExampleSelective3,OD-Vic,,,https://github.com/TestingResearchIllinois/idoft/issues/90
https://github.com/abel533/Mapper,3c0b3307011fad53f811e08d05147d94fc6c0d67,base,tk.mybatis.mapper.test.ids.TestIds.testDeleteByIds,OD-Vic,,,https://github.com/TestingResearchIllinois/idoft/issues/90
https://github.com/abel533/Mapper,3c0b3307011fad53f811e08d05147d94fc6c0d67,base,tk.mybatis.mapper.test.ids.TestIds.testSelectByIds,OD-Vic,,,https://github.com/TestingResearchIllinois/idoft/issues/90
https://github.com/abel533/Mapper,3c0b3307011fad53f811e08d05147d94fc6c0d67,base,tk.mybatis.mapper.test.rowbounds.TestSelectRowBounds.testSelectByExample,OD-Vic,,,https://github.com/TestingResearchIllinois/idoft/issues/90
https://github.com/Accenture/mercury,8586dc79f8bf75a929896f0aac03fe95824d9578,system/platform-core,org.platformlambda.core.MulticastTest.routingTest,TD,,,
https://github.com/Accenture/mercury,8586dc79f8bf75a929896f0aac03fe95824d9578,system/platform-core,org.platformlambda.core.ObjectStreamTest.asyncReadWrite,TD,,,
https://github.com/alibaba/alibabacloud-tairjedis-sdk,f6215930b9e21a5252c95296d9924b3c4524d9f6,.,com.aliyun.tair.tests.tairbloom.TairBloomClusterTest.bfaddTest,NOD,,,
https://github.com/alibaba/alibabacloud-tairjedis-sdk,f6215930b9e21a5252c95296d9924b3c4524d9f6,.,com.aliyun.tair.tests.tairbloom.TairBloomClusterTest.bfinsert,NOD,,,
https://github.com/alibaba/alibabacloud-tairjedis-sdk,f6215930b9e21a5252c95296d9924b3c4524d9f6,.,com.aliyun.tair.tests.tairbloom.TairBloomClusterTest.bfinsertBinary,NOD,,,
https://github.com/alibaba/alibabacloud-tairjedis-sdk,f6215930b9e21a5252c95296d9924b3c4524d9f6,.,com.aliyun.tair.tests.tairbloom.TairBloomClusterTest.bfinsertTest,NOD,,,
https://github.com/alibaba/alibabacloud-tairjedis-sdk,f6215930b9e21a5252c95296d9924b3c4524d9f6,.,com.aliyun.tair.tests.tairbloom.TairBloomClusterTest.bfmaddTest,NOD,,,
https://github.com/alibaba/alibabacloud-tairjedis-sdk,f6215930b9e21a5252c95296d9924b3c4524d9f6,.,com.aliyun.tair.tests.tairbloom.TairBloomPipelineTest.bfaddPipelineTest,NOD,,,
https://github.com/alibaba/alibabacloud-tairjedis-sdk,f6215930b9e21a5252c95296d9924b3c4524d9f6,.,com.aliyun.tair.tests.tairbloom.TairBloomPipelineTest.bfinsertPipelineTest,OD,,,
https://github.com/alibaba/alibabacloud-tairjedis-sdk,f6215930b9e21a5252c95296d9924b3c4524d9f6,.,com.aliyun.tair.tests.tairbloom.TairBloomPipelineTest.bfmaddPipelineTest,NOD,,,
https://github.com/alibaba/alibabacloud-tairjedis-sdk,f6215930b9e21a5252c95296d9924b3c4524d9f6,.,com.aliyun.tair.tests.tairbloom.TairBloomTest.bfaddException,NOD,,,
https://github.com/alibaba/alibabacloud-tairjedis-sdk,f6215930b9e21a5252c95296d9924b3c4524d9f6,.,com.aliyun.tair.tests.tairbloom.TairBloomTest.bfaddTest,NOD,,,
https://github.com/alibaba/alibabacloud-tairjedis-sdk,f6215930b9e21a5252c95296d9924b3c4524d9f6,.,com.aliyun.tair.tests.tairbloom.TairBloomTest.bfcommandTest,NOD,,,
https://github.com/alibaba/alibabacloud-tairjedis-sdk,f6215930b9e21a5252c95296d9924b3c4524d9f6,.,com.aliyun.tair.tests.tairbloom.TairBloomTest.bfdebugException,OD,,,
https://github.com/alibaba/alibabacloud-tairjedis-sdk,f6215930b9e21a5252c95296d9924b3c4524d9f6,.,com.aliyun.tair.tests.tairbloom.TairBloomTest.bfexistsException,NOD,,,
https://github.com/alibaba/alibabacloud-tairjedis-sdk,f6215930b9e21a5252c95296d9924b3c4524d9f6,.,com.aliyun.tair.tests.tairbloom.TairBloomTest.bfinsert,NOD,,,
https://github.com/alibaba/alibabacloud-tairjedis-sdk,f6215930b9e21a5252c95296d9924b3c4524d9f6,.,com.aliyun.tair.tests.tairbloom.TairBloomTest.bfinsertBinary,NOD,,,
https://github.com/alibaba/alibabacloud-tairjedis-sdk,f6215930b9e21a5252c95296d9924b3c4524d9f6,.,com.aliyun.tair.tests.tairbloom.TairBloomTest.bfinsertException,NOD,,,
https://github.com/alibaba/alibabacloud-tairjedis-sdk,f6215930b9e21a5252c95296d9924b3c4524d9f6,.,com.aliyun.tair.tests.tairbloom.TairBloomTest.bfinsertTest,NOD,,,
https://github.com/alibaba/alibabacloud-tairjedis-sdk,f6215930b9e21a5252c95296d9924b3c4524d9f6,.,com.aliyun.tair.tests.tairbloom.TairBloomTest.bfmaddException,NOD,,,
https://github.com/alibaba/alibabacloud-tairjedis-sdk,f6215930b9e21a5252c95296d9924b3c4524d9f6,.,com.aliyun.tair.tests.tairbloom.TairBloomTest.bfmaddTest,NOD,,,
https://github.com/alibaba/alibabacloud-tairjedis-sdk,f6215930b9e21a5252c95296d9924b3c4524d9f6,.,com.aliyun.tair.tests.tairbloom.TairBloomTest.bfmexistsException,NOD,,,
https://github.com/alibaba/alibabacloud-tairjedis-sdk,f6215930b9e21a5252c95296d9924b3c4524d9f6,.,com.aliyun.tair.tests.tairbloom.TairBloomTest.bfreserveException,OD,,,
https://github.com/alibaba/alibabacloud-tairjedis-sdk,f6215930b9e21a5252c95296d9924b3c4524d9f6,.,com.aliyun.tair.tests.taircpc.TairCpcClusterTestNew.avgArrayTest,OD,,,
https://github.com/alibaba/alibabacloud-tairjedis-sdk,f6215930b9e21a5252c95296d9924b3c4524d9f6,.,com.aliyun.tair.tests.taircpc.TairCpcClusterTestNew.cpcAccurateEstimationTest,NOD,,,
https://github.com/alibaba/alibabacloud-tairjedis-sdk,f6215930b9e21a5252c95296d9924b3c4524d9f6,.,com.aliyun.tair.tests.taircpc.TairCpcClusterTestNew.cpcMupdate2EstTest,NOD,,,
https://github.com/alibaba/alibabacloud-tairjedis-sdk,f6215930b9e21a5252c95296d9924b3c4524d9f6,.,com.aliyun.tair.tests.taircpc.TairCpcClusterTestNew.cpcMupdate2JudTest,OD,,,
https://github.com/alibaba/alibabacloud-tairjedis-sdk,f6215930b9e21a5252c95296d9924b3c4524d9f6,.,com.aliyun.tair.tests.taircpc.TairCpcClusterTestNew.cpcMupdateTest,NOD,,,
https://github.com/alibaba/alibabacloud-tairjedis-sdk,f6215930b9e21a5252c95296d9924b3c4524d9f6,.,com.aliyun.tair.tests.taircpc.TairCpcClusterTestNew.cpcupdate2judTest,NOD,,,
https://github.com/alibaba/alibabacloud-tairjedis-sdk,f6215930b9e21a5252c95296d9924b3c4524d9f6,.,com.aliyun.tair.tests.taircpc.TairCpcClusterTestNew.cpcupdateExpireTest,NOD,,,
https://github.com/alibaba/alibabacloud-tairjedis-sdk,f6215930b9e21a5252c95296d9924b3c4524d9f6,.,com.aliyun.tair.tests.taircpc.TairCpcClusterTestNew.firstArrayTest,NOD,,,
https://github.com/alibaba/alibabacloud-tairjedis-sdk,f6215930b9e21a5252c95296d9924b3c4524d9f6,.,com.aliyun.tair.tests.taircpc.TairCpcClusterTestNew.firstTest,NOD,,,
https://github.com/alibaba/alibabacloud-tairjedis-sdk,f6215930b9e21a5252c95296d9924b3c4524d9f6,.,com.aliyun.tair.tests.taircpc.TairCpcClusterTestNew.lastArrayTest,NOD,,,
https://github.com/alibaba/alibabacloud-tairjedis-sdk,f6215930b9e21a5252c95296d9924b3c4524d9f6,.,com.aliyun.tair.tests.taircpc.TairCpcClusterTestNew.lastTest,NOD,,,
https://github.com/alibaba/alibabacloud-tairjedis-sdk,f6215930b9e21a5252c95296d9924b3c4524d9f6,.,com.aliyun.tair.tests.taircpc.TairCpcClusterTestNew.maxArrayTest,NOD,,,
https://github.com/alibaba/alibabacloud-tairjedis-sdk,f6215930b9e21a5252c95296d9924b3c4524d9f6,.,com.aliyun.tair.tests.taircpc.TairCpcClusterTestNew.maxTest,OD,,,
https://github.com/alibaba/alibabacloud-tairjedis-sdk,f6215930b9e21a5252c95296d9924b3c4524d9f6,.,com.aliyun.tair.tests.taircpc.TairCpcClusterTestNew.minArrayTest,NOD,,,
https://github.com/alibaba/alibabacloud-tairjedis-sdk,f6215930b9e21a5252c95296d9924b3c4524d9f6,.,com.aliyun.tair.tests.taircpc.TairCpcClusterTestNew.minTest,NOD,,,
https://github.com/alibaba/alibabacloud-tairjedis-sdk,f6215930b9e21a5252c95296d9924b3c4524d9f6,.,com.aliyun.tair.tests.taircpc.TairCpcClusterTestNew.stddevTest,NOD,,,
https://github.com/alibaba/alibabacloud-tairjedis-sdk,f6215930b9e21a5252c95296d9924b3c4524d9f6,.,com.aliyun.tair.tests.taircpc.TairCpcClusterTestNew.sumArrayTest,OD,,,
https://github.com/alibaba/alibabacloud-tairjedis-sdk,f6215930b9e21a5252c95296d9924b3c4524d9f6,.,com.aliyun.tair.tests.taircpc.TairCpcClusterTestNew.sumTest,NOD,,,
https://github.com/alibaba/alibabacloud-tairjedis-sdk,f6215930b9e21a5252c95296d9924b3c4524d9f6,.,com.aliyun.tair.tests.taircpc.TairCpcPipelineTest.cpcupdateTest,NOD,,,
https://github.com/alibaba/alibabacloud-tairjedis-sdk,f6215930b9e21a5252c95296d9924b3c4524d9f6,.,com.aliyun.tair.tests.taircpc.TairCpcTestNew.avgArrayTest,NOD,,,
https://github.com/alibaba/alibabacloud-tairjedis-sdk,f6215930b9e21a5252c95296d9924b3c4524d9f6,.,com.aliyun.tair.tests.taircpc.TairCpcTestNew.cpcAccurateEstimationTest,NOD,,,
https://github.com/alibaba/alibabacloud-tairjedis-sdk,f6215930b9e21a5252c95296d9924b3c4524d9f6,.,com.aliyun.tair.tests.taircpc.TairCpcTestNew.cpcArrayEstimateRangeTest,NOD,,,
https://github.com/alibaba/alibabacloud-tairjedis-sdk,f6215930b9e21a5252c95296d9924b3c4524d9f6,.,com.aliyun.tair.tests.taircpc.TairCpcTestNew.cpcMupdate2EstTest,NOD,,,
https://github.com/alibaba/alibabacloud-tairjedis-sdk,f6215930b9e21a5252c95296d9924b3c4524d9f6,.,com.aliyun.tair.tests.taircpc.TairCpcTestNew.cpcMupdate2JudTest,NOD,,,
https://github.com/alibaba/alibabacloud-tairjedis-sdk,f6215930b9e21a5252c95296d9924b3c4524d9f6,.,com.aliyun.tair.tests.taircpc.TairCpcTestNew.cpcMupdateTest,NOD,,,
https://github.com/alibaba/alibabacloud-tairjedis-sdk,f6215930b9e21a5252c95296d9924b3c4524d9f6,.,com.aliyun.tair.tests.taircpc.TairCpcTestNew.cpcupdate2judTest,OD,,,
https://github.com/alibaba/alibabacloud-tairjedis-sdk,f6215930b9e21a5252c95296d9924b3c4524d9f6,.,com.aliyun.tair.tests.taircpc.TairCpcTestNew.cpcupdateExpireTest,NOD,,,
https://github.com/alibaba/alibabacloud-tairjedis-sdk,f6215930b9e21a5252c95296d9924b3c4524d9f6,.,com.aliyun.tair.tests.taircpc.TairCpcTestNew.cpcupdateTest,OD,,,
https://github.com/alibaba/alibabacloud-tairjedis-sdk,f6215930b9e21a5252c95296d9924b3c4524d9f6,.,com.aliyun.tair.tests.taircpc.TairCpcTestNew.firstTest,OD,,,
https://github.com/alibaba/alibabacloud-tairjedis-sdk,f6215930b9e21a5252c95296d9924b3c4524d9f6,.,com.aliyun.tair.tests.taircpc.TairCpcTestNew.lastArrayTest,NOD,,,
https://github.com/alibaba/alibabacloud-tairjedis-sdk,f6215930b9e21a5252c95296d9924b3c4524d9f6,.,com.aliyun.tair.tests.taircpc.TairCpcTestNew.lastTest,NOD,,,
https://github.com/alibaba/alibabacloud-tairjedis-sdk,f6215930b9e21a5252c95296d9924b3c4524d9f6,.,com.aliyun.tair.tests.taircpc.TairCpcTestNew.maxArrayTest,NOD,,,
https://github.com/alibaba/alibabacloud-tairjedis-sdk,f6215930b9e21a5252c95296d9924b3c4524d9f6,.,com.aliyun.tair.tests.taircpc.TairCpcTestNew.maxTest,OD,,,
https://github.com/alibaba/alibabacloud-tairjedis-sdk,f6215930b9e21a5252c95296d9924b3c4524d9f6,.,com.aliyun.tair.tests.taircpc.TairCpcTestNew.minArrayTest,OD,,,
https://github.com/alibaba/alibabacloud-tairjedis-sdk,f6215930b9e21a5252c95296d9924b3c4524d9f6,.,com.aliyun.tair.tests.taircpc.TairCpcTestNew.minTest,OD,,,
https://github.com/alibaba/alibabacloud-tairjedis-sdk,f6215930b9e21a5252c95296d9924b3c4524d9f6,.,com.aliyun.tair.tests.taircpc.TairCpcTestNew.sketchesBatchWriteTest,OD,,,
https://github.com/alibaba/alibabacloud-tairjedis-sdk,f6215930b9e21a5252c95296d9924b3c4524d9f6,.,com.aliyun.tair.tests.taircpc.TairCpcTestNew.sketchesTest,NOD,,,
https://github.com/alibaba/alibabacloud-tairjedis-sdk,f6215930b9e21a5252c95296d9924b3c4524d9f6,.,com.aliyun.tair.tests.taircpc.TairCpcTestNew.stddevArrayTest,NOD,,,
https://github.com/alibaba/alibabacloud-tairjedis-sdk,f6215930b9e21a5252c95296d9924b3c4524d9f6,.,com.aliyun.tair.tests.taircpc.TairCpcTestNew.stddevTest,NOD,,,
https://github.com/alibaba/alibabacloud-tairjedis-sdk,f6215930b9e21a5252c95296d9924b3c4524d9f6,.,com.aliyun.tair.tests.taircpc.TairCpcTestNew.sumArrayTest,OD,,,
https://github.com/alibaba/alibabacloud-tairjedis-sdk,f6215930b9e21a5252c95296d9924b3c4524d9f6,.,com.aliyun.tair.tests.taircpc.TairCpcTestNew.sumTest,NOD,,,
https://github.com/alibaba/alibabacloud-tairjedis-sdk,f6215930b9e21a5252c95296d9924b3c4524d9f6,.,com.aliyun.tair.tests.tairdoc.TairDocClusterTest.jsonarrappendException,NOD,,,
https://github.com/alibaba/alibabacloud-tairjedis-sdk,f6215930b9e21a5252c95296d9924b3c4524d9f6,.,com.aliyun.tair.tests.tairdoc.TairDocClusterTest.jsonArrappendTest,NOD,,,
https://github.com/alibaba/alibabacloud-tairjedis-sdk,f6215930b9e21a5252c95296d9924b3c4524d9f6,.,com.aliyun.tair.tests.tairdoc.TairDocClusterTest.jsonarrinsertException,OD,,,
https://github.com/alibaba/alibabacloud-tairjedis-sdk,f6215930b9e21a5252c95296d9924b3c4524d9f6,.,com.aliyun.tair.tests.tairdoc.TairDocClusterTest.jsonArrinsertTest,OD,,,
https://github.com/alibaba/alibabacloud-tairjedis-sdk,f6215930b9e21a5252c95296d9924b3c4524d9f6,.,com.aliyun.tair.tests.tairdoc.TairDocClusterTest.jsonarrlenException,OD,,,
https://github.com/alibaba/alibabacloud-tairjedis-sdk,f6215930b9e21a5252c95296d9924b3c4524d9f6,.,com.aliyun.tair.tests.tairdoc.TairDocClusterTest.jsonArrlenTest,NOD,,,
https://github.com/alibaba/alibabacloud-tairjedis-sdk,f6215930b9e21a5252c95296d9924b3c4524d9f6,.,com.aliyun.tair.tests.tairdoc.TairDocClusterTest.jsonArrlenTest2,NOD,,,
https://github.com/alibaba/alibabacloud-tairjedis-sdk,f6215930b9e21a5252c95296d9924b3c4524d9f6,.,com.aliyun.tair.tests.tairdoc.TairDocClusterTest.jsonarrpopException,NOD,,,
https://github.com/alibaba/alibabacloud-tairjedis-sdk,f6215930b9e21a5252c95296d9924b3c4524d9f6,.,com.aliyun.tair.tests.tairdoc.TairDocClusterTest.jsonArrpopTest,NOD,,,
https://github.com/alibaba/alibabacloud-tairjedis-sdk,f6215930b9e21a5252c95296d9924b3c4524d9f6,.,com.aliyun.tair.tests.tairdoc.TairDocClusterTest.jsonarrtrimException,OD,,,
https://github.com/alibaba/alibabacloud-tairjedis-sdk,f6215930b9e21a5252c95296d9924b3c4524d9f6,.,com.aliyun.tair.tests.tairdoc.TairDocClusterTest.jsonArrtrimTest,NOD,,,
https://github.com/alibaba/alibabacloud-tairjedis-sdk,f6215930b9e21a5252c95296d9924b3c4524d9f6,.,com.aliyun.tair.tests.tairdoc.TairDocClusterTest.jsondelException,NOD,,,
https://github.com/alibaba/alibabacloud-tairjedis-sdk,f6215930b9e21a5252c95296d9924b3c4524d9f6,.,com.aliyun.tair.tests.tairdoc.TairDocClusterTest.jsonDelTest,NOD,,,
https://github.com/alibaba/alibabacloud-tairjedis-sdk,f6215930b9e21a5252c95296d9924b3c4524d9f6,.,com.aliyun.tair.tests.tairdoc.TairDocClusterTest.jsongetException,NOD,,,
https://github.com/alibaba/alibabacloud-tairjedis-sdk,f6215930b9e21a5252c95296d9924b3c4524d9f6,.,com.aliyun.tair.tests.tairdoc.TairDocClusterTest.jsonGetTest,OD,,,
https://github.com/alibaba/alibabacloud-tairjedis-sdk,f6215930b9e21a5252c95296d9924b3c4524d9f6,.,com.aliyun.tair.tests.tairdoc.TairDocClusterTest.jsonmgetException,NOD,,,
https://github.com/alibaba/alibabacloud-tairjedis-sdk,f6215930b9e21a5252c95296d9924b3c4524d9f6,.,com.aliyun.tair.tests.tairdoc.TairDocClusterTest.jsonMgetTest,OD,,,
https://github.com/alibaba/alibabacloud-tairjedis-sdk,f6215930b9e21a5252c95296d9924b3c4524d9f6,.,com.aliyun.tair.tests.tairdoc.TairDocClusterTest.jsonMgetTestBinary,NOD,,,
https://github.com/alibaba/alibabacloud-tairjedis-sdk,f6215930b9e21a5252c95296d9924b3c4524d9f6,.,com.aliyun.tair.tests.tairdoc.TairDocClusterTest.jsonnumincrbyException,NOD,,,
https://github.com/alibaba/alibabacloud-tairjedis-sdk,f6215930b9e21a5252c95296d9924b3c4524d9f6,.,com.aliyun.tair.tests.tairdoc.TairDocClusterTest.jsonNumincrbyTest,NOD,,,
https://github.com/alibaba/alibabacloud-tairjedis-sdk,f6215930b9e21a5252c95296d9924b3c4524d9f6,.,com.aliyun.tair.tests.tairdoc.TairDocClusterTest.jsonsetException,NOD,,,
https://github.com/alibaba/alibabacloud-tairjedis-sdk,f6215930b9e21a5252c95296d9924b3c4524d9f6,.,com.aliyun.tair.tests.tairdoc.TairDocClusterTest.jsonSetTestBinary,NOD,,,
https://github.com/alibaba/alibabacloud-tairjedis-sdk,f6215930b9e21a5252c95296d9924b3c4524d9f6,.,com.aliyun.tair.tests.tairdoc.TairDocClusterTest.jsonSetWithException,NOD,,,
https://github.com/alibaba/alibabacloud-tairjedis-sdk,f6215930b9e21a5252c95296d9924b3c4524d9f6,.,com.aliyun.tair.tests.tairdoc.TairDocClusterTest.jsonSetWithNXXX,NOD,,,
https://github.com/alibaba/alibabacloud-tairjedis-sdk,f6215930b9e21a5252c95296d9924b3c4524d9f6,.,com.aliyun.tair.tests.tairdoc.TairDocClusterTest.jsonSetWithNXXXBinary,NOD,,,
https://github.com/alibaba/alibabacloud-tairjedis-sdk,f6215930b9e21a5252c95296d9924b3c4524d9f6,.,com.aliyun.tair.tests.tairdoc.TairDocClusterTest.jsonstrappendException,OD,,,
https://github.com/alibaba/alibabacloud-tairjedis-sdk,f6215930b9e21a5252c95296d9924b3c4524d9f6,.,com.aliyun.tair.tests.tairdoc.TairDocClusterTest.jsonStrappendTest,OD,,,
https://github.com/alibaba/alibabacloud-tairjedis-sdk,f6215930b9e21a5252c95296d9924b3c4524d9f6,.,com.aliyun.tair.tests.tairdoc.TairDocClusterTest.jsonstrlenException,NOD,,,
https://github.com/alibaba/alibabacloud-tairjedis-sdk,f6215930b9e21a5252c95296d9924b3c4524d9f6,.,com.aliyun.tair.tests.tairdoc.TairDocClusterTest.jsonStrlenTest,NOD,,,
https://github.com/alibaba/alibabacloud-tairjedis-sdk,f6215930b9e21a5252c95296d9924b3c4524d9f6,.,com.aliyun.tair.tests.tairdoc.TairDocClusterTest.jsonTypeTest,OD,,,
https://github.com/alibaba/alibabacloud-tairjedis-sdk,f6215930b9e21a5252c95296d9924b3c4524d9f6,.,com.aliyun.tair.tests.tairdoc.TairDocPipelineTest.jsonSetTest,NOD,,,
https://github.com/alibaba/alibabacloud-tairjedis-sdk,f6215930b9e21a5252c95296d9924b3c4524d9f6,.,com.aliyun.tair.tests.tairdoc.TairDocPipelineTest.jsonSetTestBinary,NOD,,,
https://github.com/alibaba/alibabacloud-tairjedis-sdk,f6215930b9e21a5252c95296d9924b3c4524d9f6,.,com.aliyun.tair.tests.tairdoc.TairDocPipelineTest.pipelineTest2,OD,,,
https://github.com/alibaba/alibabacloud-tairjedis-sdk,f6215930b9e21a5252c95296d9924b3c4524d9f6,.,com.aliyun.tair.tests.tairdoc.TairDocPipelineTest.pipelineTest2Binary,NOD,,,
https://github.com/alibaba/alibabacloud-tairjedis-sdk,f6215930b9e21a5252c95296d9924b3c4524d9f6,.,com.aliyun.tair.tests.tairdoc.TairDocTest.jsonarrappendException,OD,,,
https://github.com/alibaba/alibabacloud-tairjedis-sdk,f6215930b9e21a5252c95296d9924b3c4524d9f6,.,com.aliyun.tair.tests.tairdoc.TairDocTest.jsonArrappendTest,OD,,,
https://github.com/alibaba/alibabacloud-tairjedis-sdk,f6215930b9e21a5252c95296d9924b3c4524d9f6,.,com.aliyun.tair.tests.tairdoc.TairDocTest.jsonarrinsertException,NOD,,,
https://github.com/alibaba/alibabacloud-tairjedis-sdk,f6215930b9e21a5252c95296d9924b3c4524d9f6,.,com.aliyun.tair.tests.tairdoc.TairDocTest.jsonArrinsertTest,OD,,,
https://github.com/alibaba/alibabacloud-tairjedis-sdk,f6215930b9e21a5252c95296d9924b3c4524d9f6,.,com.aliyun.tair.tests.tairdoc.TairDocTest.jsonarrlenException,NOD,,,
https://github.com/alibaba/alibabacloud-tairjedis-sdk,f6215930b9e21a5252c95296d9924b3c4524d9f6,.,com.aliyun.tair.tests.tairdoc.TairDocTest.jsonArrlenTest2,OD,,,
https://github.com/alibaba/alibabacloud-tairjedis-sdk,f6215930b9e21a5252c95296d9924b3c4524d9f6,.,com.aliyun.tair.tests.tairdoc.TairDocTest.jsonarrpopException,NOD,,,
https://github.com/alibaba/alibabacloud-tairjedis-sdk,f6215930b9e21a5252c95296d9924b3c4524d9f6,.,com.aliyun.tair.tests.tairdoc.TairDocTest.jsonArrpopTest,NOD,,,
https://github.com/alibaba/alibabacloud-tairjedis-sdk,f6215930b9e21a5252c95296d9924b3c4524d9f6,.,com.aliyun.tair.tests.tairdoc.TairDocTest.jsonarrtrimException,NOD,,,
https://github.com/alibaba/alibabacloud-tairjedis-sdk,f6215930b9e21a5252c95296d9924b3c4524d9f6,.,com.aliyun.tair.tests.tairdoc.TairDocTest.jsonArrtrimTest,NOD,,,
https://github.com/alibaba/alibabacloud-tairjedis-sdk,f6215930b9e21a5252c95296d9924b3c4524d9f6,.,com.aliyun.tair.tests.tairdoc.TairDocTest.jsondelException,NOD,,,
https://github.com/alibaba/alibabacloud-tairjedis-sdk,f6215930b9e21a5252c95296d9924b3c4524d9f6,.,com.aliyun.tair.tests.tairdoc.TairDocTest.jsonDelTest,NOD,,,
https://github.com/alibaba/alibabacloud-tairjedis-sdk,f6215930b9e21a5252c95296d9924b3c4524d9f6,.,com.aliyun.tair.tests.tairdoc.TairDocTest.jsongetException,NOD,,,
https://github.com/alibaba/alibabacloud-tairjedis-sdk,f6215930b9e21a5252c95296d9924b3c4524d9f6,.,com.aliyun.tair.tests.tairdoc.TairDocTest.jsonGetTest,NOD,,,
https://github.com/alibaba/alibabacloud-tairjedis-sdk,f6215930b9e21a5252c95296d9924b3c4524d9f6,.,com.aliyun.tair.tests.tairdoc.TairDocTest.jsonGetWithXmlAndYaml,NOD,,,
https://github.com/alibaba/alibabacloud-tairjedis-sdk,f6215930b9e21a5252c95296d9924b3c4524d9f6,.,com.aliyun.tair.tests.tairdoc.TairDocTest.jsonmgetException,OD,,,
https://github.com/alibaba/alibabacloud-tairjedis-sdk,f6215930b9e21a5252c95296d9924b3c4524d9f6,.,com.aliyun.tair.tests.tairdoc.TairDocTest.jsonMgetTest,NOD,,,
https://github.com/alibaba/alibabacloud-tairjedis-sdk,f6215930b9e21a5252c95296d9924b3c4524d9f6,.,com.aliyun.tair.tests.tairdoc.TairDocTest.jsonMgetTestBinary,NOD,,,
https://github.com/alibaba/alibabacloud-tairjedis-sdk,f6215930b9e21a5252c95296d9924b3c4524d9f6,.,com.aliyun.tair.tests.tairdoc.TairDocTest.jsonnumincrbyException,NOD,,,
https://github.com/alibaba/alibabacloud-tairjedis-sdk,f6215930b9e21a5252c95296d9924b3c4524d9f6,.,com.aliyun.tair.tests.tairdoc.TairDocTest.jsonNumincrbyTest,OD,,,
https://github.com/alibaba/alibabacloud-tairjedis-sdk,f6215930b9e21a5252c95296d9924b3c4524d9f6,.,com.aliyun.tair.tests.tairdoc.TairDocTest.jsonsetException,NOD,,,
https://github.com/alibaba/alibabacloud-tairjedis-sdk,f6215930b9e21a5252c95296d9924b3c4524d9f6,.,com.aliyun.tair.tests.tairdoc.TairDocTest.jsonSetTest,OD,,,
https://github.com/alibaba/alibabacloud-tairjedis-sdk,f6215930b9e21a5252c95296d9924b3c4524d9f6,.,com.aliyun.tair.tests.tairdoc.TairDocTest.jsonSetTestBinary,NOD,,,
https://github.com/alibaba/alibabacloud-tairjedis-sdk,f6215930b9e21a5252c95296d9924b3c4524d9f6,.,com.aliyun.tair.tests.tairdoc.TairDocTest.jsonSetWithException,NOD,,,
https://github.com/alibaba/alibabacloud-tairjedis-sdk,f6215930b9e21a5252c95296d9924b3c4524d9f6,.,com.aliyun.tair.tests.tairdoc.TairDocTest.jsonSetWithNXXX,NOD,,,
https://github.com/alibaba/alibabacloud-tairjedis-sdk,f6215930b9e21a5252c95296d9924b3c4524d9f6,.,com.aliyun.tair.tests.tairdoc.TairDocTest.jsonSetWithNXXXBinary,OD,,,
https://github.com/alibaba/alibabacloud-tairjedis-sdk,f6215930b9e21a5252c95296d9924b3c4524d9f6,.,com.aliyun.tair.tests.tairdoc.TairDocTest.jsonstrappendException,NOD,,,
https://github.com/alibaba/alibabacloud-tairjedis-sdk,f6215930b9e21a5252c95296d9924b3c4524d9f6,.,com.aliyun.tair.tests.tairdoc.TairDocTest.jsonStrappendTest,NOD,,,
https://github.com/alibaba/alibabacloud-tairjedis-sdk,f6215930b9e21a5252c95296d9924b3c4524d9f6,.,com.aliyun.tair.tests.tairdoc.TairDocTest.jsonstrlenException,OD,,,
https://github.com/alibaba/alibabacloud-tairjedis-sdk,f6215930b9e21a5252c95296d9924b3c4524d9f6,.,com.aliyun.tair.tests.tairdoc.TairDocTest.jsonStrlenTest,NOD,,,
https://github.com/alibaba/alibabacloud-tairjedis-sdk,f6215930b9e21a5252c95296d9924b3c4524d9f6,.,com.aliyun.tair.tests.tairdoc.TairDocTest.jsontypeException,OD,,,
https://github.com/alibaba/alibabacloud-tairjedis-sdk,f6215930b9e21a5252c95296d9924b3c4524d9f6,.,com.aliyun.tair.tests.tairdoc.TairDocTest.jsonTypeTest,OD,,,
https://github.com/alibaba/alibabacloud-tairjedis-sdk,f6215930b9e21a5252c95296d9924b3c4524d9f6,.,com.aliyun.tair.tests.tairgis.TairGisClusterTest.gisBigKeyTest,NOD,,,
https://github.com/alibaba/alibabacloud-tairjedis-sdk,f6215930b9e21a5252c95296d9924b3c4524d9f6,.,com.aliyun.tair.tests.tairgis.TairGisClusterTest.gisContainsTest,NOD,,,
https://github.com/alibaba/alibabacloud-tairjedis-sdk,f6215930b9e21a5252c95296d9924b3c4524d9f6,.,com.aliyun.tair.tests.tairgis.TairGisClusterTest.gisdelKeyNotExistTest,NOD,,,
https://github.com/alibaba/alibabacloud-tairjedis-sdk,f6215930b9e21a5252c95296d9924b3c4524d9f6,.,com.aliyun.tair.tests.tairgis.TairGisClusterTest.gisdelKeyTypeErrorTest,OD,,,
https://github.com/alibaba/alibabacloud-tairjedis-sdk,f6215930b9e21a5252c95296d9924b3c4524d9f6,.,com.aliyun.tair.tests.tairgis.TairGisClusterTest.gisdelTest,NOD,,,
https://github.com/alibaba/alibabacloud-tairjedis-sdk,f6215930b9e21a5252c95296d9924b3c4524d9f6,.,com.aliyun.tair.tests.tairgis.TairGisClusterTest.gisdelValueNotExistsTest,NOD,,,
https://github.com/alibaba/alibabacloud-tairjedis-sdk,f6215930b9e21a5252c95296d9924b3c4524d9f6,.,com.aliyun.tair.tests.tairgis.TairGisClusterTest.gisGetallTest,NOD,,,
https://github.com/alibaba/alibabacloud-tairjedis-sdk,f6215930b9e21a5252c95296d9924b3c4524d9f6,.,com.aliyun.tair.tests.tairgis.TairGisClusterTest.gisSearchBigKeyTest,NOD,,,
https://github.com/alibaba/alibabacloud-tairjedis-sdk,f6215930b9e21a5252c95296d9924b3c4524d9f6,.,com.aliyun.tair.tests.tairgis.TairGisClusterTest.gisSearchByMember,NOD,,,
https://github.com/alibaba/alibabacloud-tairjedis-sdk,f6215930b9e21a5252c95296d9924b3c4524d9f6,.,com.aliyun.tair.tests.tairgis.TairGisClusterTest.gisSearchWithParams,NOD,,,
https://github.com/alibaba/alibabacloud-tairjedis-sdk,f6215930b9e21a5252c95296d9924b3c4524d9f6,.,com.aliyun.tair.tests.tairgis.TairGisPipelineTest.gisContainsTest,OD,,,
https://github.com/alibaba/alibabacloud-tairjedis-sdk,f6215930b9e21a5252c95296d9924b3c4524d9f6,.,com.aliyun.tair.tests.tairgis.TairGisPipelineTest.gisContainsTest2,OD,,,
https://github.com/alibaba/alibabacloud-tairjedis-sdk,f6215930b9e21a5252c95296d9924b3c4524d9f6,.,com.aliyun.tair.tests.tairgis.TairGisPipelineTest.gisdelTest,OD,,,
https://github.com/alibaba/alibabacloud-tairjedis-sdk,f6215930b9e21a5252c95296d9924b3c4524d9f6,.,com.aliyun.tair.tests.tairgis.TairGisPipelineTest.gisdelValueNotExistsTest,NOD,,,
https://github.com/alibaba/alibabacloud-tairjedis-sdk,f6215930b9e21a5252c95296d9924b3c4524d9f6,.,com.aliyun.tair.tests.tairgis.TairGisPipelineTest.gisGetallPipelineTest,NOD,,,
https://github.com/alibaba/alibabacloud-tairjedis-sdk,f6215930b9e21a5252c95296d9924b3c4524d9f6,.,com.aliyun.tair.tests.tairgis.TairGisPipelineTest.gisSearchPipelineTest,OD,,,
https://github.com/alibaba/alibabacloud-tairjedis-sdk,f6215930b9e21a5252c95296d9924b3c4524d9f6,.,com.aliyun.tair.tests.tairgis.TairGisPipelineTest.gisSearchPipelineTestBinary,NOD,,,
https://github.com/alibaba/alibabacloud-tairjedis-sdk,f6215930b9e21a5252c95296d9924b3c4524d9f6,.,com.aliyun.tair.tests.tairgis.TairGisTest.gisaddException,NOD,,,
https://github.com/alibaba/alibabacloud-tairjedis-sdk,f6215930b9e21a5252c95296d9924b3c4524d9f6,.,com.aliyun.tair.tests.tairgis.TairGisTest.gisBigKeyTest,NOD,,,
https://github.com/alibaba/alibabacloud-tairjedis-sdk,f6215930b9e21a5252c95296d9924b3c4524d9f6,.,com.aliyun.tair.tests.tairgis.TairGisTest.giscontainsException,NOD,,,
https://github.com/alibaba/alibabacloud-tairjedis-sdk,f6215930b9e21a5252c95296d9924b3c4524d9f6,.,com.aliyun.tair.tests.tairgis.TairGisTest.gisContainsTest,NOD,,,
https://github.com/alibaba/alibabacloud-tairjedis-sdk,f6215930b9e21a5252c95296d9924b3c4524d9f6,.,com.aliyun.tair.tests.tairgis.TairGisTest.gisdelException,OD,,,
https://github.com/alibaba/alibabacloud-tairjedis-sdk,f6215930b9e21a5252c95296d9924b3c4524d9f6,.,com.aliyun.tair.tests.tairgis.TairGisTest.gisdelKeyNotExistTest,OD,,,
https://github.com/alibaba/alibabacloud-tairjedis-sdk,f6215930b9e21a5252c95296d9924b3c4524d9f6,.,com.aliyun.tair.tests.tairgis.TairGisTest.gisdelKeyTypeErrorTest,NOD,,,
https://github.com/alibaba/alibabacloud-tairjedis-sdk,f6215930b9e21a5252c95296d9924b3c4524d9f6,.,com.aliyun.tair.tests.tairgis.TairGisTest.gisdelTest,NOD,,,
https://github.com/alibaba/alibabacloud-tairjedis-sdk,f6215930b9e21a5252c95296d9924b3c4524d9f6,.,com.aliyun.tair.tests.tairgis.TairGisTest.gisdelValueNotExistsTest,OD,,,
https://github.com/alibaba/alibabacloud-tairjedis-sdk,f6215930b9e21a5252c95296d9924b3c4524d9f6,.,com.aliyun.tair.tests.tairgis.TairGisTest.gisgetallException,NOD,,,
https://github.com/alibaba/alibabacloud-tairjedis-sdk,f6215930b9e21a5252c95296d9924b3c4524d9f6,.,com.aliyun.tair.tests.tairgis.TairGisTest.gisGetallTest,OD,,,
https://github.com/alibaba/alibabacloud-tairjedis-sdk,f6215930b9e21a5252c95296d9924b3c4524d9f6,.,com.aliyun.tair.tests.tairgis.TairGisTest.gisgetException,OD,,,
https://github.com/alibaba/alibabacloud-tairjedis-sdk,f6215930b9e21a5252c95296d9924b3c4524d9f6,.,com.aliyun.tair.tests.tairgis.TairGisTest.gisintersectsException,NOD,,,
https://github.com/alibaba/alibabacloud-tairjedis-sdk,f6215930b9e21a5252c95296d9924b3c4524d9f6,.,com.aliyun.tair.tests.tairgis.TairGisTest.gisSearchBigKeyTest,OD,,,
https://github.com/alibaba/alibabacloud-tairjedis-sdk,f6215930b9e21a5252c95296d9924b3c4524d9f6,.,com.aliyun.tair.tests.tairgis.TairGisTest.gisSearchByMember,NOD,,,
https://github.com/alibaba/alibabacloud-tairjedis-sdk,f6215930b9e21a5252c95296d9924b3c4524d9f6,.,com.aliyun.tair.tests.tairgis.TairGisTest.gissearchException,NOD,,,
https://github.com/alibaba/alibabacloud-tairjedis-sdk,f6215930b9e21a5252c95296d9924b3c4524d9f6,.,com.aliyun.tair.tests.tairgis.TairGisTest.gissearchTest,OD,,,
https://github.com/alibaba/alibabacloud-tairjedis-sdk,f6215930b9e21a5252c95296d9924b3c4524d9f6,.,com.aliyun.tair.tests.tairgis.TairGisTest.gisSearchWithParams,NOD,,,
https://github.com/alibaba/alibabacloud-tairjedis-sdk,f6215930b9e21a5252c95296d9924b3c4524d9f6,.,com.aliyun.tair.tests.tairgis.TairGisTest.gisWithinTest,NOD,,,
https://github.com/alibaba/alibabacloud-tairjedis-sdk,f6215930b9e21a5252c95296d9924b3c4524d9f6,.,com.aliyun.tair.tests.tairhash.TairHashClusterTest.exhashBigKey,NOD,,,
https://github.com/alibaba/alibabacloud-tairjedis-sdk,f6215930b9e21a5252c95296d9924b3c4524d9f6,.,com.aliyun.tair.tests.tairhash.TairHashClusterTest.exhdel,NOD,,,
https://github.com/alibaba/alibabacloud-tairjedis-sdk,f6215930b9e21a5252c95296d9924b3c4524d9f6,.,com.aliyun.tair.tests.tairhash.TairHashClusterTest.exhexists,NOD,,,
https://github.com/alibaba/alibabacloud-tairjedis-sdk,f6215930b9e21a5252c95296d9924b3c4524d9f6,.,com.aliyun.tair.tests.tairhash.TairHashClusterTest.exhexistsException,NOD,,,
https://github.com/alibaba/alibabacloud-tairjedis-sdk,f6215930b9e21a5252c95296d9924b3c4524d9f6,.,com.aliyun.tair.tests.tairhash.TairHashClusterTest.exhexpireAt,OD,,,
https://github.com/alibaba/alibabacloud-tairjedis-sdk,f6215930b9e21a5252c95296d9924b3c4524d9f6,.,com.aliyun.tair.tests.tairhash.TairHashClusterTest.exhexpireatException,NOD,,,
https://github.com/alibaba/alibabacloud-tairjedis-sdk,f6215930b9e21a5252c95296d9924b3c4524d9f6,.,com.aliyun.tair.tests.tairhash.TairHashClusterTest.exhexpireAtWithNoActive,NOD,,,
https://github.com/alibaba/alibabacloud-tairjedis-sdk,f6215930b9e21a5252c95296d9924b3c4524d9f6,.,com.aliyun.tair.tests.tairhash.TairHashClusterTest.exhexpireException,NOD,,,
https://github.com/alibaba/alibabacloud-tairjedis-sdk,f6215930b9e21a5252c95296d9924b3c4524d9f6,.,com.aliyun.tair.tests.tairhash.TairHashClusterTest.exhexpireWithNoActive,NOD,,,
https://github.com/alibaba/alibabacloud-tairjedis-sdk,f6215930b9e21a5252c95296d9924b3c4524d9f6,.,com.aliyun.tair.tests.tairhash.TairHashClusterTest.exhget,OD,,,
https://github.com/alibaba/alibabacloud-tairjedis-sdk,f6215930b9e21a5252c95296d9924b3c4524d9f6,.,com.aliyun.tair.tests.tairhash.TairHashClusterTest.exhgetAll,NOD,,,
https://github.com/alibaba/alibabacloud-tairjedis-sdk,f6215930b9e21a5252c95296d9924b3c4524d9f6,.,com.aliyun.tair.tests.tairhash.TairHashClusterTest.exhgetAllException,NOD,,,
https://github.com/alibaba/alibabacloud-tairjedis-sdk,f6215930b9e21a5252c95296d9924b3c4524d9f6,.,com.aliyun.tair.tests.tairhash.TairHashClusterTest.exhgetallException,NOD,,,
https://github.com/alibaba/alibabacloud-tairjedis-sdk,f6215930b9e21a5252c95296d9924b3c4524d9f6,.,com.aliyun.tair.tests.tairhash.TairHashClusterTest.exhgetwithver,NOD,,,
https://github.com/alibaba/alibabacloud-tairjedis-sdk,f6215930b9e21a5252c95296d9924b3c4524d9f6,.,com.aliyun.tair.tests.tairhash.TairHashClusterTest.exhgetwithverException,OD,,,
https://github.com/alibaba/alibabacloud-tairjedis-sdk,f6215930b9e21a5252c95296d9924b3c4524d9f6,.,com.aliyun.tair.tests.tairhash.TairHashClusterTest.exhgetwithverPipeline,NOD,,,
https://github.com/alibaba/alibabacloud-tairjedis-sdk,f6215930b9e21a5252c95296d9924b3c4524d9f6,.,com.aliyun.tair.tests.tairhash.TairHashClusterTest.exhincrBy,OD,,,
https://github.com/alibaba/alibabacloud-tairjedis-sdk,f6215930b9e21a5252c95296d9924b3c4524d9f6,.,com.aliyun.tair.tests.tairhash.TairHashClusterTest.exhincrbyException,NOD,,,
https://github.com/alibaba/alibabacloud-tairjedis-sdk,f6215930b9e21a5252c95296d9924b3c4524d9f6,.,com.aliyun.tair.tests.tairhash.TairHashClusterTest.exhincrbyfloatException,NOD,,,
https://github.com/alibaba/alibabacloud-tairjedis-sdk,f6215930b9e21a5252c95296d9924b3c4524d9f6,.,com.aliyun.tair.tests.tairhash.TairHashClusterTest.exhincrByFloatWithBoundary,OD,,,
https://github.com/alibaba/alibabacloud-tairjedis-sdk,f6215930b9e21a5252c95296d9924b3c4524d9f6,.,com.aliyun.tair.tests.tairhash.TairHashClusterTest.exhincrByFloatWithExpire,OD,,,
https://github.com/alibaba/alibabacloud-tairjedis-sdk,f6215930b9e21a5252c95296d9924b3c4524d9f6,.,com.aliyun.tair.tests.tairhash.TairHashClusterTest.exhincrByFloatWithVersion,NOD,,,
https://github.com/alibaba/alibabacloud-tairjedis-sdk,f6215930b9e21a5252c95296d9924b3c4524d9f6,.,com.aliyun.tair.tests.tairhash.TairHashClusterTest.exhincrByWithBoundary,OD,,,
https://github.com/alibaba/alibabacloud-tairjedis-sdk,f6215930b9e21a5252c95296d9924b3c4524d9f6,.,com.aliyun.tair.tests.tairhash.TairHashClusterTest.exhincrByWithExpire,OD,,,
https://github.com/alibaba/alibabacloud-tairjedis-sdk,f6215930b9e21a5252c95296d9924b3c4524d9f6,.,com.aliyun.tair.tests.tairhash.TairHashClusterTest.exhincrByWithVersion,OD,,,
https://github.com/alibaba/alibabacloud-tairjedis-sdk,f6215930b9e21a5252c95296d9924b3c4524d9f6,.,com.aliyun.tair.tests.tairhash.TairHashClusterTest.exhkeys,NOD,,,
https://github.com/alibaba/alibabacloud-tairjedis-sdk,f6215930b9e21a5252c95296d9924b3c4524d9f6,.,com.aliyun.tair.tests.tairhash.TairHashClusterTest.exhkeysException,NOD,,,
https://github.com/alibaba/alibabacloud-tairjedis-sdk,f6215930b9e21a5252c95296d9924b3c4524d9f6,.,com.aliyun.tair.tests.tairhash.TairHashClusterTest.exhlenException,OD,,,
https://github.com/alibaba/alibabacloud-tairjedis-sdk,f6215930b9e21a5252c95296d9924b3c4524d9f6,.,com.aliyun.tair.tests.tairhash.TairHashClusterTest.exhmget,NOD,,,
https://github.com/alibaba/alibabacloud-tairjedis-sdk,f6215930b9e21a5252c95296d9924b3c4524d9f6,.,com.aliyun.tair.tests.tairhash.TairHashClusterTest.exhmgetException,OD,,,
https://github.com/alibaba/alibabacloud-tairjedis-sdk,f6215930b9e21a5252c95296d9924b3c4524d9f6,.,com.aliyun.tair.tests.tairhash.TairHashClusterTest.exhmgetwithver,OD,,,
https://github.com/alibaba/alibabacloud-tairjedis-sdk,f6215930b9e21a5252c95296d9924b3c4524d9f6,.,com.aliyun.tair.tests.tairhash.TairHashClusterTest.exhmgetwithverException,OD,,,
https://github.com/alibaba/alibabacloud-tairjedis-sdk,f6215930b9e21a5252c95296d9924b3c4524d9f6,.,com.aliyun.tair.tests.tairhash.TairHashClusterTest.exhmset,OD,,,
https://github.com/alibaba/alibabacloud-tairjedis-sdk,f6215930b9e21a5252c95296d9924b3c4524d9f6,.,com.aliyun.tair.tests.tairhash.TairHashClusterTest.exhmsetException,OD,,,
https://github.com/alibaba/alibabacloud-tairjedis-sdk,f6215930b9e21a5252c95296d9924b3c4524d9f6,.,com.aliyun.tair.tests.tairhash.TairHashClusterTest.exhmsetwithopts,NOD,,,
https://github.com/alibaba/alibabacloud-tairjedis-sdk,f6215930b9e21a5252c95296d9924b3c4524d9f6,.,com.aliyun.tair.tests.tairhash.TairHashClusterTest.exhmsetwithoptsException,NOD,,,
https://github.com/alibaba/alibabacloud-tairjedis-sdk,f6215930b9e21a5252c95296d9924b3c4524d9f6,.,com.aliyun.tair.tests.tairhash.TairHashClusterTest.exhpexpireatException,NOD,,,
https://github.com/alibaba/alibabacloud-tairjedis-sdk,f6215930b9e21a5252c95296d9924b3c4524d9f6,.,com.aliyun.tair.tests.tairhash.TairHashClusterTest.exhpexpireAtWithNoActive,NOD,,,
https://github.com/alibaba/alibabacloud-tairjedis-sdk,f6215930b9e21a5252c95296d9924b3c4524d9f6,.,com.aliyun.tair.tests.tairhash.TairHashClusterTest.exhpexpireException,OD,,,
https://github.com/alibaba/alibabacloud-tairjedis-sdk,f6215930b9e21a5252c95296d9924b3c4524d9f6,.,com.aliyun.tair.tests.tairhash.TairHashClusterTest.exhpexpireWithNoActive,NOD,,,
https://github.com/alibaba/alibabacloud-tairjedis-sdk,f6215930b9e21a5252c95296d9924b3c4524d9f6,.,com.aliyun.tair.tests.tairhash.TairHashClusterTest.exhpttlException,NOD,,,
https://github.com/alibaba/alibabacloud-tairjedis-sdk,f6215930b9e21a5252c95296d9924b3c4524d9f6,.,com.aliyun.tair.tests.tairhash.TairHashClusterTest.exhscanTest,OD,,,
https://github.com/alibaba/alibabacloud-tairjedis-sdk,f6215930b9e21a5252c95296d9924b3c4524d9f6,.,com.aliyun.tair.tests.tairhash.TairHashClusterTest.exhset,OD,,,
https://github.com/alibaba/alibabacloud-tairjedis-sdk,f6215930b9e21a5252c95296d9924b3c4524d9f6,.,com.aliyun.tair.tests.tairhash.TairHashClusterTest.exhsetException,NOD,,,
https://github.com/alibaba/alibabacloud-tairjedis-sdk,f6215930b9e21a5252c95296d9924b3c4524d9f6,.,com.aliyun.tair.tests.tairhash.TairHashClusterTest.exhsetnx,NOD,,,
https://github.com/alibaba/alibabacloud-tairjedis-sdk,f6215930b9e21a5252c95296d9924b3c4524d9f6,.,com.aliyun.tair.tests.tairhash.TairHashClusterTest.exhsetnxException,NOD,,,
https://github.com/alibaba/alibabacloud-tairjedis-sdk,f6215930b9e21a5252c95296d9924b3c4524d9f6,.,com.aliyun.tair.tests.tairhash.TairHashClusterTest.exhsetparams,NOD,,,
https://github.com/alibaba/alibabacloud-tairjedis-sdk,f6215930b9e21a5252c95296d9924b3c4524d9f6,.,com.aliyun.tair.tests.tairhash.TairHashClusterTest.exhsetverException,NOD,,,
https://github.com/alibaba/alibabacloud-tairjedis-sdk,f6215930b9e21a5252c95296d9924b3c4524d9f6,.,com.aliyun.tair.tests.tairhash.TairHashClusterTest.exhsetwitnoactive,NOD,,,
https://github.com/alibaba/alibabacloud-tairjedis-sdk,f6215930b9e21a5252c95296d9924b3c4524d9f6,.,com.aliyun.tair.tests.tairhash.TairHashClusterTest.exhstrlenException,NOD,,,
https://github.com/alibaba/alibabacloud-tairjedis-sdk,f6215930b9e21a5252c95296d9924b3c4524d9f6,.,com.aliyun.tair.tests.tairhash.TairHashClusterTest.exhttl,NOD,,,
https://github.com/alibaba/alibabacloud-tairjedis-sdk,f6215930b9e21a5252c95296d9924b3c4524d9f6,.,com.aliyun.tair.tests.tairhash.TairHashClusterTest.exhttlException,NOD,,,
https://github.com/alibaba/alibabacloud-tairjedis-sdk,f6215930b9e21a5252c95296d9924b3c4524d9f6,.,com.aliyun.tair.tests.tairhash.TairHashClusterTest.exhvals,NOD,,,
https://github.com/alibaba/alibabacloud-tairjedis-sdk,f6215930b9e21a5252c95296d9924b3c4524d9f6,.,com.aliyun.tair.tests.tairhash.TairHashClusterTest.exhvalsException,NOD,,,
https://github.com/alibaba/alibabacloud-tairjedis-sdk,f6215930b9e21a5252c95296d9924b3c4524d9f6,.,com.aliyun.tair.tests.tairhash.TairHashClusterTest.exhver,NOD,,,
https://github.com/alibaba/alibabacloud-tairjedis-sdk,f6215930b9e21a5252c95296d9924b3c4524d9f6,.,com.aliyun.tair.tests.tairhash.TairHashClusterTest.exhverException,NOD,,,
https://github.com/alibaba/alibabacloud-tairjedis-sdk,f6215930b9e21a5252c95296d9924b3c4524d9f6,.,com.aliyun.tair.tests.tairhash.TairHashClusterTest.extestBinaryHstrLen,NOD,,,
https://github.com/alibaba/alibabacloud-tairjedis-sdk,f6215930b9e21a5252c95296d9924b3c4524d9f6,.,com.aliyun.tair.tests.tairhash.TairHashPipelineTest.exhexpirewitnoactivePipeline,OD,,,
https://github.com/alibaba/alibabacloud-tairjedis-sdk,f6215930b9e21a5252c95296d9924b3c4524d9f6,.,com.aliyun.tair.tests.tairhash.TairHashPipelineTest.exhincrByFloatWithBoundaryPipeline,NOD,,,
https://github.com/alibaba/alibabacloud-tairjedis-sdk,f6215930b9e21a5252c95296d9924b3c4524d9f6,.,com.aliyun.tair.tests.tairhash.TairHashPipelineTest.exhincrByFloatWithExpirePipeline,OD,,,
https://github.com/alibaba/alibabacloud-tairjedis-sdk,f6215930b9e21a5252c95296d9924b3c4524d9f6,.,com.aliyun.tair.tests.tairhash.TairHashPipelineTest.exhincrByFloatWithVersionPipeline,NOD,,,
https://github.com/alibaba/alibabacloud-tairjedis-sdk,f6215930b9e21a5252c95296d9924b3c4524d9f6,.,com.aliyun.tair.tests.tairhash.TairHashPipelineTest.exhincrByWithBoundaryPipeline,NOD,,,
https://github.com/alibaba/alibabacloud-tairjedis-sdk,f6215930b9e21a5252c95296d9924b3c4524d9f6,.,com.aliyun.tair.tests.tairhash.TairHashPipelineTest.exhincrByWithExpirePipeline,OD,,,
https://github.com/alibaba/alibabacloud-tairjedis-sdk,f6215930b9e21a5252c95296d9924b3c4524d9f6,.,com.aliyun.tair.tests.tairhash.TairHashPipelineTest.exhincrByWithVersionPipeline,OD,,,
https://github.com/alibaba/alibabacloud-tairjedis-sdk,f6215930b9e21a5252c95296d9924b3c4524d9f6,.,com.aliyun.tair.tests.tairhash.TairHashPipelineTest.exhpexpireAtWithNoActivePipeline,NOD,,,
https://github.com/alibaba/alibabacloud-tairjedis-sdk,f6215930b9e21a5252c95296d9924b3c4524d9f6,.,com.aliyun.tair.tests.tairhash.TairHashPipelineTest.exhpexpireWithNoActivePipeline,NOD,,,
https://github.com/alibaba/alibabacloud-tairjedis-sdk,f6215930b9e21a5252c95296d9924b3c4524d9f6,.,com.aliyun.tair.tests.tairhash.TairHashPipelineTest.exhsetwitnoactivePipeline,NOD,,,
https://github.com/alibaba/alibabacloud-tairjedis-sdk,f6215930b9e21a5252c95296d9924b3c4524d9f6,.,com.aliyun.tair.tests.tairhash.TairHashPipelineTest.tairHashPipelineTest,NOD,,,
https://github.com/alibaba/alibabacloud-tairjedis-sdk,f6215930b9e21a5252c95296d9924b3c4524d9f6,.,com.aliyun.tair.tests.tairhash.TairHashTest.exhashBigKey,NOD,,,
https://github.com/alibaba/alibabacloud-tairjedis-sdk,f6215930b9e21a5252c95296d9924b3c4524d9f6,.,com.aliyun.tair.tests.tairhash.TairHashTest.exhdel,NOD,,,
https://github.com/alibaba/alibabacloud-tairjedis-sdk,f6215930b9e21a5252c95296d9924b3c4524d9f6,.,com.aliyun.tair.tests.tairhash.TairHashTest.exhdelException,NOD,,,
https://github.com/alibaba/alibabacloud-tairjedis-sdk,f6215930b9e21a5252c95296d9924b3c4524d9f6,.,com.aliyun.tair.tests.tairhash.TairHashTest.exhexists,OD,,,
https://github.com/alibaba/alibabacloud-tairjedis-sdk,f6215930b9e21a5252c95296d9924b3c4524d9f6,.,com.aliyun.tair.tests.tairhash.TairHashTest.exhexistsException,NOD,,,
https://github.com/alibaba/alibabacloud-tairjedis-sdk,f6215930b9e21a5252c95296d9924b3c4524d9f6,.,com.aliyun.tair.tests.tairhash.TairHashTest.exhexpireAt,NOD,,,
https://github.com/alibaba/alibabacloud-tairjedis-sdk,f6215930b9e21a5252c95296d9924b3c4524d9f6,.,com.aliyun.tair.tests.tairhash.TairHashTest.exhexpireatException,NOD,,,
https://github.com/alibaba/alibabacloud-tairjedis-sdk,f6215930b9e21a5252c95296d9924b3c4524d9f6,.,com.aliyun.tair.tests.tairhash.TairHashTest.exhexpireAtWithNoActive,OD,,,
https://github.com/alibaba/alibabacloud-tairjedis-sdk,f6215930b9e21a5252c95296d9924b3c4524d9f6,.,com.aliyun.tair.tests.tairhash.TairHashTest.exhexpireException,NOD,,,
https://github.com/alibaba/alibabacloud-tairjedis-sdk,f6215930b9e21a5252c95296d9924b3c4524d9f6,.,com.aliyun.tair.tests.tairhash.TairHashTest.exhexpireWithNoActive,NOD,,,
https://github.com/alibaba/alibabacloud-tairjedis-sdk,f6215930b9e21a5252c95296d9924b3c4524d9f6,.,com.aliyun.tair.tests.tairhash.TairHashTest.exhget,NOD,,,
https://github.com/alibaba/alibabacloud-tairjedis-sdk,f6215930b9e21a5252c95296d9924b3c4524d9f6,.,com.aliyun.tair.tests.tairhash.TairHashTest.exhgetAll,NOD,,,
https://github.com/alibaba/alibabacloud-tairjedis-sdk,f6215930b9e21a5252c95296d9924b3c4524d9f6,.,com.aliyun.tair.tests.tairhash.TairHashTest.exhgetAllException,NOD,,,
https://github.com/alibaba/alibabacloud-tairjedis-sdk,f6215930b9e21a5252c95296d9924b3c4524d9f6,.,com.aliyun.tair.tests.tairhash.TairHashTest.exhgetallException,NOD,,,
https://github.com/alibaba/alibabacloud-tairjedis-sdk,f6215930b9e21a5252c95296d9924b3c4524d9f6,.,com.aliyun.tair.tests.tairhash.TairHashTest.exhgetAllPipeline,OD,,,
https://github.com/alibaba/alibabacloud-tairjedis-sdk,f6215930b9e21a5252c95296d9924b3c4524d9f6,.,com.aliyun.tair.tests.tairhash.TairHashTest.exhgetException,NOD,,,
https://github.com/alibaba/alibabacloud-tairjedis-sdk,f6215930b9e21a5252c95296d9924b3c4524d9f6,.,com.aliyun.tair.tests.tairhash.TairHashTest.exhgetwithver,NOD,,,
https://github.com/alibaba/alibabacloud-tairjedis-sdk,f6215930b9e21a5252c95296d9924b3c4524d9f6,.,com.aliyun.tair.tests.tairhash.TairHashTest.exhgetwithverException,NOD,,,
https://github.com/alibaba/alibabacloud-tairjedis-sdk,f6215930b9e21a5252c95296d9924b3c4524d9f6,.,com.aliyun.tair.tests.tairhash.TairHashTest.exhgetwithverPipeline,NOD,,,
https://github.com/alibaba/alibabacloud-tairjedis-sdk,f6215930b9e21a5252c95296d9924b3c4524d9f6,.,com.aliyun.tair.tests.tairhash.TairHashTest.exhincrBy,NOD,,,
https://github.com/alibaba/alibabacloud-tairjedis-sdk,f6215930b9e21a5252c95296d9924b3c4524d9f6,.,com.aliyun.tair.tests.tairhash.TairHashTest.exhincrbyException,NOD,,,
https://github.com/alibaba/alibabacloud-tairjedis-sdk,f6215930b9e21a5252c95296d9924b3c4524d9f6,.,com.aliyun.tair.tests.tairhash.TairHashTest.exhincrByFloat,NOD,,,
https://github.com/alibaba/alibabacloud-tairjedis-sdk,f6215930b9e21a5252c95296d9924b3c4524d9f6,.,com.aliyun.tair.tests.tairhash.TairHashTest.exhincrbyfloatException,NOD,,,
https://github.com/alibaba/alibabacloud-tairjedis-sdk,f6215930b9e21a5252c95296d9924b3c4524d9f6,.,com.aliyun.tair.tests.tairhash.TairHashTest.exhincrByFloatWithBoundary,NOD,,,
https://github.com/alibaba/alibabacloud-tairjedis-sdk,f6215930b9e21a5252c95296d9924b3c4524d9f6,.,com.aliyun.tair.tests.tairhash.TairHashTest.exhincrByFloatWithExpire,NOD,,,
https://github.com/alibaba/alibabacloud-tairjedis-sdk,f6215930b9e21a5252c95296d9924b3c4524d9f6,.,com.aliyun.tair.tests.tairhash.TairHashTest.exhincrByFloatWithVersion,NOD,,,
https://github.com/alibaba/alibabacloud-tairjedis-sdk,f6215930b9e21a5252c95296d9924b3c4524d9f6,.,com.aliyun.tair.tests.tairhash.TairHashTest.exhincrByWithBoundary,NOD,,,
https://github.com/alibaba/alibabacloud-tairjedis-sdk,f6215930b9e21a5252c95296d9924b3c4524d9f6,.,com.aliyun.tair.tests.tairhash.TairHashTest.exhincrByWithExpire,NOD,,,
https://github.com/alibaba/alibabacloud-tairjedis-sdk,f6215930b9e21a5252c95296d9924b3c4524d9f6,.,com.aliyun.tair.tests.tairhash.TairHashTest.exhincrByWithVersion,NOD,,,
https://github.com/alibaba/alibabacloud-tairjedis-sdk,f6215930b9e21a5252c95296d9924b3c4524d9f6,.,com.aliyun.tair.tests.tairhash.TairHashTest.exhkeys,NOD,,,
https://github.com/alibaba/alibabacloud-tairjedis-sdk,f6215930b9e21a5252c95296d9924b3c4524d9f6,.,com.aliyun.tair.tests.tairhash.TairHashTest.exhkeysException,OD,,,
https://github.com/alibaba/alibabacloud-tairjedis-sdk,f6215930b9e21a5252c95296d9924b3c4524d9f6,.,com.aliyun.tair.tests.tairhash.TairHashTest.exhlen,NOD,,,
https://github.com/alibaba/alibabacloud-tairjedis-sdk,f6215930b9e21a5252c95296d9924b3c4524d9f6,.,com.aliyun.tair.tests.tairhash.TairHashTest.exhmget,OD,,,
https://github.com/alibaba/alibabacloud-tairjedis-sdk,f6215930b9e21a5252c95296d9924b3c4524d9f6,.,com.aliyun.tair.tests.tairhash.TairHashTest.exhmgetException,NOD,,,
https://github.com/alibaba/alibabacloud-tairjedis-sdk,f6215930b9e21a5252c95296d9924b3c4524d9f6,.,com.aliyun.tair.tests.tairhash.TairHashTest.exhmgetwithver,OD,,,
https://github.com/alibaba/alibabacloud-tairjedis-sdk,f6215930b9e21a5252c95296d9924b3c4524d9f6,.,com.aliyun.tair.tests.tairhash.TairHashTest.exhmgetwithverPipeline,OD,,,
https://github.com/alibaba/alibabacloud-tairjedis-sdk,f6215930b9e21a5252c95296d9924b3c4524d9f6,.,com.aliyun.tair.tests.tairhash.TairHashTest.exhmset,NOD,,,
https://github.com/alibaba/alibabacloud-tairjedis-sdk,f6215930b9e21a5252c95296d9924b3c4524d9f6,.,com.aliyun.tair.tests.tairhash.TairHashTest.exhmsetException,OD,,,
https://github.com/alibaba/alibabacloud-tairjedis-sdk,f6215930b9e21a5252c95296d9924b3c4524d9f6,.,com.aliyun.tair.tests.tairhash.TairHashTest.exhmsetwithopts,OD,,,
https://github.com/alibaba/alibabacloud-tairjedis-sdk,f6215930b9e21a5252c95296d9924b3c4524d9f6,.,com.aliyun.tair.tests.tairhash.TairHashTest.exhmsetwithoptsException,NOD,,,
https://github.com/alibaba/alibabacloud-tairjedis-sdk,f6215930b9e21a5252c95296d9924b3c4524d9f6,.,com.aliyun.tair.tests.tairhash.TairHashTest.exhpexpireatException,NOD,,,
https://github.com/alibaba/alibabacloud-tairjedis-sdk,f6215930b9e21a5252c95296d9924b3c4524d9f6,.,com.aliyun.tair.tests.tairhash.TairHashTest.exhpexpireAtWithNoActive,OD,,,
https://github.com/alibaba/alibabacloud-tairjedis-sdk,f6215930b9e21a5252c95296d9924b3c4524d9f6,.,com.aliyun.tair.tests.tairhash.TairHashTest.exhpexpireException,NOD,,,
https://github.com/alibaba/alibabacloud-tairjedis-sdk,f6215930b9e21a5252c95296d9924b3c4524d9f6,.,com.aliyun.tair.tests.tairhash.TairHashTest.exhpttlException,OD,,,
https://github.com/alibaba/alibabacloud-tairjedis-sdk,f6215930b9e21a5252c95296d9924b3c4524d9f6,.,com.aliyun.tair.tests.tairhash.TairHashTest.exhscanException,NOD,,,
https://github.com/alibaba/alibabacloud-tairjedis-sdk,f6215930b9e21a5252c95296d9924b3c4524d9f6,.,com.aliyun.tair.tests.tairhash.TairHashTest.exhscanTest,OD,,,
https://github.com/alibaba/alibabacloud-tairjedis-sdk,f6215930b9e21a5252c95296d9924b3c4524d9f6,.,com.aliyun.tair.tests.tairhash.TairHashTest.exhscanunorderTest,NOD,,,
https://github.com/alibaba/alibabacloud-tairjedis-sdk,f6215930b9e21a5252c95296d9924b3c4524d9f6,.,com.aliyun.tair.tests.tairhash.TairHashTest.exhscanunorderWithParamsTest,NOD,,,
https://github.com/alibaba/alibabacloud-tairjedis-sdk,f6215930b9e21a5252c95296d9924b3c4524d9f6,.,com.aliyun.tair.tests.tairhash.TairHashTest.exhset,NOD,,,
https://github.com/alibaba/alibabacloud-tairjedis-sdk,f6215930b9e21a5252c95296d9924b3c4524d9f6,.,com.aliyun.tair.tests.tairhash.TairHashTest.exhsetException,NOD,,,
https://github.com/alibaba/alibabacloud-tairjedis-sdk,f6215930b9e21a5252c95296d9924b3c4524d9f6,.,com.aliyun.tair.tests.tairhash.TairHashTest.exhsetnx,NOD,,,
https://github.com/alibaba/alibabacloud-tairjedis-sdk,f6215930b9e21a5252c95296d9924b3c4524d9f6,.,com.aliyun.tair.tests.tairhash.TairHashTest.exhsetnxException,OD,,,
https://github.com/alibaba/alibabacloud-tairjedis-sdk,f6215930b9e21a5252c95296d9924b3c4524d9f6,.,com.aliyun.tair.tests.tairhash.TairHashTest.exhsetparams,OD,,,
https://github.com/alibaba/alibabacloud-tairjedis-sdk,f6215930b9e21a5252c95296d9924b3c4524d9f6,.,com.aliyun.tair.tests.tairhash.TairHashTest.exhsetverException,OD,,,
https://github.com/alibaba/alibabacloud-tairjedis-sdk,f6215930b9e21a5252c95296d9924b3c4524d9f6,.,com.aliyun.tair.tests.tairhash.TairHashTest.exhsetwitnoactive,OD,,,
https://github.com/alibaba/alibabacloud-tairjedis-sdk,f6215930b9e21a5252c95296d9924b3c4524d9f6,.,com.aliyun.tair.tests.tairhash.TairHashTest.exhstrlenException,NOD,,,
https://github.com/alibaba/alibabacloud-tairjedis-sdk,f6215930b9e21a5252c95296d9924b3c4524d9f6,.,com.aliyun.tair.tests.tairhash.TairHashTest.exhttl,NOD,,,
https://github.com/alibaba/alibabacloud-tairjedis-sdk,f6215930b9e21a5252c95296d9924b3c4524d9f6,.,com.aliyun.tair.tests.tairhash.TairHashTest.exhttlException,NOD,,,
https://github.com/alibaba/alibabacloud-tairjedis-sdk,f6215930b9e21a5252c95296d9924b3c4524d9f6,.,com.aliyun.tair.tests.tairhash.TairHashTest.exhvals,NOD,,,
https://github.com/alibaba/alibabacloud-tairjedis-sdk,f6215930b9e21a5252c95296d9924b3c4524d9f6,.,com.aliyun.tair.tests.tairhash.TairHashTest.exhvalsException,NOD,,,
https://github.com/alibaba/alibabacloud-tairjedis-sdk,f6215930b9e21a5252c95296d9924b3c4524d9f6,.,com.aliyun.tair.tests.tairhash.TairHashTest.exhverException,OD,,,
https://github.com/alibaba/alibabacloud-tairjedis-sdk,f6215930b9e21a5252c95296d9924b3c4524d9f6,.,com.aliyun.tair.tests.tairroaring.TairRoaringClusterTest.trbitrangeingtest,NOD,,,
https://github.com/alibaba/alibabacloud-tairjedis-sdk,f6215930b9e21a5252c95296d9924b3c4524d9f6,.,com.aliyun.tair.tests.tairroaring.TairRoaringClusterTest.trbitstests,NOD,,,
https://github.com/alibaba/alibabacloud-tairjedis-sdk,f6215930b9e21a5252c95296d9924b3c4524d9f6,.,com.aliyun.tair.tests.tairroaring.TairRoaringClusterTest.trmultikeytest,OD,,,
https://github.com/alibaba/alibabacloud-tairjedis-sdk,f6215930b9e21a5252c95296d9924b3c4524d9f6,.,com.aliyun.tair.tests.tairroaring.TairRoaringPipelineTest.tairroaringtest,NOD,,,
https://github.com/alibaba/alibabacloud-tairjedis-sdk,f6215930b9e21a5252c95296d9924b3c4524d9f6,.,com.aliyun.tair.tests.tairroaring.TairRoaringPipelineTest.trbitoptest,NOD,,,
https://github.com/alibaba/alibabacloud-tairjedis-sdk,f6215930b9e21a5252c95296d9924b3c4524d9f6,.,com.aliyun.tair.tests.tairroaring.TairRoaringPipelineTest.trbitsrange_mixedtest,NOD,,,
https://github.com/alibaba/alibabacloud-tairjedis-sdk,f6215930b9e21a5252c95296d9924b3c4524d9f6,.,com.aliyun.tair.tests.tairroaring.TairRoaringTest.trappendbitarryatest,OD,,,
https://github.com/alibaba/alibabacloud-tairjedis-sdk,f6215930b9e21a5252c95296d9924b3c4524d9f6,.,com.aliyun.tair.tests.tairroaring.TairRoaringTest.trbitoptest,NOD,,,
https://github.com/alibaba/alibabacloud-tairjedis-sdk,f6215930b9e21a5252c95296d9924b3c4524d9f6,.,com.aliyun.tair.tests.tairroaring.TairRoaringTest.trbitrangeing_mixed_test,NOD,,,
https://github.com/alibaba/alibabacloud-tairjedis-sdk,f6215930b9e21a5252c95296d9924b3c4524d9f6,.,com.aliyun.tair.tests.tairroaring.TairRoaringTest.trbits_mixed_test,NOD,,,
https://github.com/alibaba/alibabacloud-tairjedis-sdk,f6215930b9e21a5252c95296d9924b3c4524d9f6,.,com.aliyun.tair.tests.tairroaring.TairRoaringTest.trbit_mixed_test,NOD,,,
https://github.com/alibaba/alibabacloud-tairjedis-sdk,f6215930b9e21a5252c95296d9924b3c4524d9f6,.,com.aliyun.tair.tests.tairroaring.TairRoaringTest.tremptytest,OD,,,
https://github.com/alibaba/alibabacloud-tairjedis-sdk,f6215930b9e21a5252c95296d9924b3c4524d9f6,.,com.aliyun.tair.tests.tairroaring.TairRoaringTest.trloadstringtest,NOD,,,
https://github.com/alibaba/alibabacloud-tairjedis-sdk,f6215930b9e21a5252c95296d9924b3c4524d9f6,.,com.aliyun.tair.tests.tairroaring.TairRoaringTest.trmultikeytest,OD,,,
https://github.com/alibaba/alibabacloud-tairjedis-sdk,f6215930b9e21a5252c95296d9924b3c4524d9f6,.,com.aliyun.tair.tests.tairroaring.TairRoaringTest.trscantest,NOD,,,
https://github.com/alibaba/alibabacloud-tairjedis-sdk,f6215930b9e21a5252c95296d9924b3c4524d9f6,.,com.aliyun.tair.tests.tairroaring.TairRoaringTest.trstatus_mixed_test,NOD,,,
https://github.com/alibaba/alibabacloud-tairjedis-sdk,f6215930b9e21a5252c95296d9924b3c4524d9f6,.,com.aliyun.tair.tests.tairsearch.TairSearchClusterTest.searchcachetest,NOD,,,
https://github.com/alibaba/alibabacloud-tairjedis-sdk,f6215930b9e21a5252c95296d9924b3c4524d9f6,.,com.aliyun.tair.tests.tairsearch.TairSearchClusterTest.tfdelall,OD,,,
https://github.com/alibaba/alibabacloud-tairjedis-sdk,f6215930b9e21a5252c95296d9924b3c4524d9f6,.,com.aliyun.tair.tests.tairsearch.TairSearchClusterTest.tfdeldoc,NOD,,,
https://github.com/alibaba/alibabacloud-tairjedis-sdk,f6215930b9e21a5252c95296d9924b3c4524d9f6,.,com.aliyun.tair.tests.tairsearch.TairSearchClusterTest.tfincrfloatdocfield,NOD,,,
https://github.com/alibaba/alibabacloud-tairjedis-sdk,f6215930b9e21a5252c95296d9924b3c4524d9f6,.,com.aliyun.tair.tests.tairsearch.TairSearchClusterTest.tfincrlongdocfield,NOD,,,
https://github.com/alibaba/alibabacloud-tairjedis-sdk,f6215930b9e21a5252c95296d9924b3c4524d9f6,.,com.aliyun.tair.tests.tairsearch.TairSearchClusterTest.tfscandocid,NOD,,,
https://github.com/alibaba/alibabacloud-tairjedis-sdk,f6215930b9e21a5252c95296d9924b3c4524d9f6,.,com.aliyun.tair.tests.tairsearch.TairSearchClusterTest.tfscandocidwithcount,OD,,,
https://github.com/alibaba/alibabacloud-tairjedis-sdk,f6215930b9e21a5252c95296d9924b3c4524d9f6,.,com.aliyun.tair.tests.tairsearch.TairSearchClusterTest.tfscandocidwithmatch,NOD,,,
https://github.com/alibaba/alibabacloud-tairjedis-sdk,f6215930b9e21a5252c95296d9924b3c4524d9f6,.,com.aliyun.tair.tests.tairsearch.TairSearchClusterTest.tftadddoc,OD,,,
https://github.com/alibaba/alibabacloud-tairjedis-sdk,f6215930b9e21a5252c95296d9924b3c4524d9f6,.,com.aliyun.tair.tests.tairsearch.TairSearchClusterTest.tftcreateindex,NOD,,,
https://github.com/alibaba/alibabacloud-tairjedis-sdk,f6215930b9e21a5252c95296d9924b3c4524d9f6,.,com.aliyun.tair.tests.tairsearch.TairSearchClusterTest.tftdeldocfield,NOD,,,
https://github.com/alibaba/alibabacloud-tairjedis-sdk,f6215930b9e21a5252c95296d9924b3c4524d9f6,.,com.aliyun.tair.tests.tairsearch.TairSearchClusterTest.tftmaddtestbyte,OD,,,
https://github.com/alibaba/alibabacloud-tairjedis-sdk,f6215930b9e21a5252c95296d9924b3c4524d9f6,.,com.aliyun.tair.tests.tairsearch.TairSearchClusterTest.tftmaddteststring,NOD,,,
https://github.com/alibaba/alibabacloud-tairjedis-sdk,f6215930b9e21a5252c95296d9924b3c4524d9f6,.,com.aliyun.tair.tests.tairsearch.TairSearchClusterTest.tfupdatedocfield,NOD,,,
https://github.com/alibaba/alibabacloud-tairjedis-sdk,f6215930b9e21a5252c95296d9924b3c4524d9f6,.,com.aliyun.tair.tests.tairsearch.TairSearchClusterTest.unicodetest,OD,,,
https://github.com/alibaba/alibabacloud-tairjedis-sdk,f6215930b9e21a5252c95296d9924b3c4524d9f6,.,com.aliyun.tair.tests.tairsearch.TairSearchPipelineTest.tftmaddtest,NOD,,,
https://github.com/alibaba/alibabacloud-tairjedis-sdk,f6215930b9e21a5252c95296d9924b3c4524d9f6,.,com.aliyun.tair.tests.tairsearch.TairSearchPipelineTest.tfttest,NOD,,,
https://github.com/alibaba/alibabacloud-tairjedis-sdk,f6215930b9e21a5252c95296d9924b3c4524d9f6,.,com.aliyun.tair.tests.tairsearch.TairSearchTest.searchcachetest,NOD,,,
https://github.com/alibaba/alibabacloud-tairjedis-sdk,f6215930b9e21a5252c95296d9924b3c4524d9f6,.,com.aliyun.tair.tests.tairsearch.TairSearchTest.tfdelall,NOD,,,
https://github.com/alibaba/alibabacloud-tairjedis-sdk,f6215930b9e21a5252c95296d9924b3c4524d9f6,.,com.aliyun.tair.tests.tairsearch.TairSearchTest.tfdeldoc,NOD,,,
https://github.com/alibaba/alibabacloud-tairjedis-sdk,f6215930b9e21a5252c95296d9924b3c4524d9f6,.,com.aliyun.tair.tests.tairsearch.TairSearchTest.tfincrfloatdocfield,OD,,,
https://github.com/alibaba/alibabacloud-tairjedis-sdk,f6215930b9e21a5252c95296d9924b3c4524d9f6,.,com.aliyun.tair.tests.tairsearch.TairSearchTest.tfincrlongdocfield,NOD,,,
https://github.com/alibaba/alibabacloud-tairjedis-sdk,f6215930b9e21a5252c95296d9924b3c4524d9f6,.,com.aliyun.tair.tests.tairsearch.TairSearchTest.tfscandocid,NOD,,,
https://github.com/alibaba/alibabacloud-tairjedis-sdk,f6215930b9e21a5252c95296d9924b3c4524d9f6,.,com.aliyun.tair.tests.tairsearch.TairSearchTest.tfscandocidwithcount,NOD,,,
https://github.com/alibaba/alibabacloud-tairjedis-sdk,f6215930b9e21a5252c95296d9924b3c4524d9f6,.,com.aliyun.tair.tests.tairsearch.TairSearchTest.tfscandocidwithmatch,OD,,,
https://github.com/alibaba/alibabacloud-tairjedis-sdk,f6215930b9e21a5252c95296d9924b3c4524d9f6,.,com.aliyun.tair.tests.tairsearch.TairSearchTest.tftadddoc,OD,,,
https://github.com/alibaba/alibabacloud-tairjedis-sdk,f6215930b9e21a5252c95296d9924b3c4524d9f6,.,com.aliyun.tair.tests.tairsearch.TairSearchTest.tftcreateindex,NOD,,,
https://github.com/alibaba/alibabacloud-tairjedis-sdk,f6215930b9e21a5252c95296d9924b3c4524d9f6,.,com.aliyun.tair.tests.tairsearch.TairSearchTest.tftdeldocfield,NOD,,,
https://github.com/alibaba/alibabacloud-tairjedis-sdk,f6215930b9e21a5252c95296d9924b3c4524d9f6,.,com.aliyun.tair.tests.tairsearch.TairSearchTest.tftmaddtestbyte,NOD,,,
https://github.com/alibaba/alibabacloud-tairjedis-sdk,f6215930b9e21a5252c95296d9924b3c4524d9f6,.,com.aliyun.tair.tests.tairsearch.TairSearchTest.tftmaddteststring,NOD,,,
https://github.com/alibaba/alibabacloud-tairjedis-sdk,f6215930b9e21a5252c95296d9924b3c4524d9f6,.,com.aliyun.tair.tests.tairsearch.TairSearchTest.tftupdateindex,NOD,,,
https://github.com/alibaba/alibabacloud-tairjedis-sdk,f6215930b9e21a5252c95296d9924b3c4524d9f6,.,com.aliyun.tair.tests.tairsearch.TairSearchTest.tfupdatedocfield,OD,,,
https://github.com/alibaba/alibabacloud-tairjedis-sdk,f6215930b9e21a5252c95296d9924b3c4524d9f6,.,com.aliyun.tair.tests.tairsearch.TairSearchTest.unicodetest,NOD,,,
https://github.com/alibaba/alibabacloud-tairjedis-sdk,f6215930b9e21a5252c95296d9924b3c4524d9f6,.,com.aliyun.tair.tests.tairstring.TairStringClusterTest.excadTest,NOD,,,
https://github.com/alibaba/alibabacloud-tairjedis-sdk,f6215930b9e21a5252c95296d9924b3c4524d9f6,.,com.aliyun.tair.tests.tairstring.TairStringClusterTest.excasTest,NOD,,,
https://github.com/alibaba/alibabacloud-tairjedis-sdk,f6215930b9e21a5252c95296d9924b3c4524d9f6,.,com.aliyun.tair.tests.tairstring.TairStringClusterTest.exincrbyfloatParamsTest,NOD,,,
https://github.com/alibaba/alibabacloud-tairjedis-sdk,f6215930b9e21a5252c95296d9924b3c4524d9f6,.,com.aliyun.tair.tests.tairstring.TairStringClusterTest.exincrbyfloatTest,NOD,,,
https://github.com/alibaba/alibabacloud-tairjedis-sdk,f6215930b9e21a5252c95296d9924b3c4524d9f6,.,com.aliyun.tair.tests.tairstring.TairStringClusterTest.exincrbyParamsTest,OD,,,
https://github.com/alibaba/alibabacloud-tairjedis-sdk,f6215930b9e21a5252c95296d9924b3c4524d9f6,.,com.aliyun.tair.tests.tairstring.TairStringClusterTest.exincrbyTest,NOD,,,
https://github.com/alibaba/alibabacloud-tairjedis-sdk,f6215930b9e21a5252c95296d9924b3c4524d9f6,.,com.aliyun.tair.tests.tairstring.TairStringClusterTest.exsetClusterTest,NOD,,,
https://github.com/alibaba/alibabacloud-tairjedis-sdk,f6215930b9e21a5252c95296d9924b3c4524d9f6,.,com.aliyun.tair.tests.tairstring.TairStringClusterTest.exsetParamsTest,NOD,,,
https://github.com/alibaba/alibabacloud-tairjedis-sdk,f6215930b9e21a5252c95296d9924b3c4524d9f6,.,com.aliyun.tair.tests.tairstring.TairStringClusterTest.exsetverTest,OD,,,
https://github.com/alibaba/alibabacloud-tairjedis-sdk,f6215930b9e21a5252c95296d9924b3c4524d9f6,.,com.aliyun.tair.tests.tairstring.TairStringPipelineTest.excadPipelineTest,NOD,,,
https://github.com/alibaba/alibabacloud-tairjedis-sdk,f6215930b9e21a5252c95296d9924b3c4524d9f6,.,com.aliyun.tair.tests.tairstring.TairStringPipelineTest.excasPipelineTest,NOD,,,
https://github.com/alibaba/alibabacloud-tairjedis-sdk,f6215930b9e21a5252c95296d9924b3c4524d9f6,.,com.aliyun.tair.tests.tairstring.TairStringPipelineTest.exincrbyfloatParamsPipelineTest,NOD,,,
https://github.com/alibaba/alibabacloud-tairjedis-sdk,f6215930b9e21a5252c95296d9924b3c4524d9f6,.,com.aliyun.tair.tests.tairstring.TairStringPipelineTest.exincrbyfloatPipelineTest,NOD,,,
https://github.com/alibaba/alibabacloud-tairjedis-sdk,f6215930b9e21a5252c95296d9924b3c4524d9f6,.,com.aliyun.tair.tests.tairstring.TairStringPipelineTest.exincrbyPipelineTest,OD,,,
https://github.com/alibaba/alibabacloud-tairjedis-sdk,f6215930b9e21a5252c95296d9924b3c4524d9f6,.,com.aliyun.tair.tests.tairstring.TairStringPipelineTest.exsetParamsPipelineTest,NOD,,,
https://github.com/alibaba/alibabacloud-tairjedis-sdk,f6215930b9e21a5252c95296d9924b3c4524d9f6,.,com.aliyun.tair.tests.tairstring.TairStringPipelineTest.exsetPipelineTest,NOD,,,
https://github.com/alibaba/alibabacloud-tairjedis-sdk,f6215930b9e21a5252c95296d9924b3c4524d9f6,.,com.aliyun.tair.tests.tairstring.TairStringPipelineTest.exsetverPipelineTest,NOD,,,
https://github.com/alibaba/alibabacloud-tairjedis-sdk,f6215930b9e21a5252c95296d9924b3c4524d9f6,.,com.aliyun.tair.tests.tairstring.TairStringTest.excadTest,NOD,,,
https://github.com/alibaba/alibabacloud-tairjedis-sdk,f6215930b9e21a5252c95296d9924b3c4524d9f6,.,com.aliyun.tair.tests.tairstring.TairStringTest.excasTest,NOD,,,
https://github.com/alibaba/alibabacloud-tairjedis-sdk,f6215930b9e21a5252c95296d9924b3c4524d9f6,.,com.aliyun.tair.tests.tairstring.TairStringTest.exincrbyfloatParamsTest,NOD,,,
https://github.com/alibaba/alibabacloud-tairjedis-sdk,f6215930b9e21a5252c95296d9924b3c4524d9f6,.,com.aliyun.tair.tests.tairstring.TairStringTest.exincrbyfloatTest,OD,,,
https://github.com/alibaba/alibabacloud-tairjedis-sdk,f6215930b9e21a5252c95296d9924b3c4524d9f6,.,com.aliyun.tair.tests.tairstring.TairStringTest.exincrbyTest,NOD,,,
https://github.com/alibaba/alibabacloud-tairjedis-sdk,f6215930b9e21a5252c95296d9924b3c4524d9f6,.,com.aliyun.tair.tests.tairstring.TairStringTest.exsetParamsTest,OD,,,
https://github.com/alibaba/alibabacloud-tairjedis-sdk,f6215930b9e21a5252c95296d9924b3c4524d9f6,.,com.aliyun.tair.tests.tairstring.TairStringTest.exsetTest,NOD,,,
https://github.com/alibaba/alibabacloud-tairjedis-sdk,f6215930b9e21a5252c95296d9924b3c4524d9f6,.,com.aliyun.tair.tests.tairstring.TairStringTest.exsetverTest,OD,,,
https://github.com/alibaba/alibabacloud-tairjedis-sdk,f6215930b9e21a5252c95296d9924b3c4524d9f6,.,com.aliyun.tair.tests.tairts.TairTsClusterTest.extsaddTest,OD,,,
https://github.com/alibaba/alibabacloud-tairjedis-sdk,f6215930b9e21a5252c95296d9924b3c4524d9f6,.,com.aliyun.tair.tests.tairts.TairTsPipelineTest.extsaddTest,NOD,,,
https://github.com/alibaba/alibabacloud-tairjedis-sdk,f6215930b9e21a5252c95296d9924b3c4524d9f6,.,com.aliyun.tair.tests.tairts.TairTsStringClusterTest.extsStringAddTest,NOD,,,
https://github.com/alibaba/alibabacloud-tairjedis-sdk,f6215930b9e21a5252c95296d9924b3c4524d9f6,.,com.aliyun.tair.tests.tairts.TairTsStringClusterTest.extsStringRangeTest,NOD,,,
https://github.com/alibaba/alibabacloud-tairjedis-sdk,f6215930b9e21a5252c95296d9924b3c4524d9f6,.,com.aliyun.tair.tests.tairts.TairTsStringTest.extsaddAlterTest,NOD,,,
https://github.com/alibaba/alibabacloud-tairjedis-sdk,f6215930b9e21a5252c95296d9924b3c4524d9f6,.,com.aliyun.tair.tests.tairts.TairTsStringTest.extsaddTest,OD,,,
https://github.com/alibaba/alibabacloud-tairjedis-sdk,f6215930b9e21a5252c95296d9924b3c4524d9f6,.,com.aliyun.tair.tests.tairts.TairTsStringTest.extsgetTest,OD,,,
https://github.com/alibaba/alibabacloud-tairjedis-sdk,f6215930b9e21a5252c95296d9924b3c4524d9f6,.,com.aliyun.tair.tests.tairts.TairTsStringTest.extsmaddTest,NOD,,,
https://github.com/alibaba/alibabacloud-tairjedis-sdk,f6215930b9e21a5252c95296d9924b3c4524d9f6,.,com.aliyun.tair.tests.tairts.TairTsStringTest.extsmrangeByteTest,NOD,,,
https://github.com/alibaba/alibabacloud-tairjedis-sdk,f6215930b9e21a5252c95296d9924b3c4524d9f6,.,com.aliyun.tair.tests.tairts.TairTsStringTest.extsmrangeLabelsByteTest,NOD,,,
https://github.com/alibaba/alibabacloud-tairjedis-sdk,f6215930b9e21a5252c95296d9924b3c4524d9f6,.,com.aliyun.tair.tests.tairts.TairTsStringTest.extsmrangeLabelsTest,NOD,,,
https://github.com/alibaba/alibabacloud-tairjedis-sdk,f6215930b9e21a5252c95296d9924b3c4524d9f6,.,com.aliyun.tair.tests.tairts.TairTsStringTest.extsmrangeTest,NOD,,,
https://github.com/alibaba/alibabacloud-tairjedis-sdk,f6215930b9e21a5252c95296d9924b3c4524d9f6,.,com.aliyun.tair.tests.tairts.TairTsStringTest.extsqueryTest,NOD,,,
https://github.com/alibaba/alibabacloud-tairjedis-sdk,f6215930b9e21a5252c95296d9924b3c4524d9f6,.,com.aliyun.tair.tests.tairts.TairTsStringTest.extsrangeTest,NOD,,,
https://github.com/alibaba/alibabacloud-tairjedis-sdk,f6215930b9e21a5252c95296d9924b3c4524d9f6,.,com.aliyun.tair.tests.tairts.TairTsTest.extsaddTest,NOD,,,
https://github.com/alibaba/alibabacloud-tairjedis-sdk,f6215930b9e21a5252c95296d9924b3c4524d9f6,.,com.aliyun.tair.tests.tairts.TairTsTest.extsAlterTest,NOD,,,
https://github.com/alibaba/alibabacloud-tairjedis-sdk,f6215930b9e21a5252c95296d9924b3c4524d9f6,.,com.aliyun.tair.tests.tairts.TairTsTest.extsmaddTest,NOD,,,
https://github.com/alibaba/alibabacloud-tairjedis-sdk,f6215930b9e21a5252c95296d9924b3c4524d9f6,.,com.aliyun.tair.tests.tairts.TairTsTest.extsmrangeByteTest,NOD,,,
https://github.com/alibaba/alibabacloud-tairjedis-sdk,f6215930b9e21a5252c95296d9924b3c4524d9f6,.,com.aliyun.tair.tests.tairts.TairTsTest.extsmrangeKeysByteTest,NOD,,,
https://github.com/alibaba/alibabacloud-tairjedis-sdk,f6215930b9e21a5252c95296d9924b3c4524d9f6,.,com.aliyun.tair.tests.tairts.TairTsTest.extsmrangeKeysLabelsTest,OD,,,
https://github.com/alibaba/alibabacloud-tairjedis-sdk,f6215930b9e21a5252c95296d9924b3c4524d9f6,.,com.aliyun.tair.tests.tairts.TairTsTest.extsmrangeKeysTest,NOD,,,
https://github.com/alibaba/alibabacloud-tairjedis-sdk,f6215930b9e21a5252c95296d9924b3c4524d9f6,.,com.aliyun.tair.tests.tairts.TairTsTest.extsmrangeLabelsByteTest,NOD,,,
https://github.com/alibaba/alibabacloud-tairjedis-sdk,f6215930b9e21a5252c95296d9924b3c4524d9f6,.,com.aliyun.tair.tests.tairts.TairTsTest.extsmrangeLabelsTest,NOD,,,
https://github.com/alibaba/alibabacloud-tairjedis-sdk,f6215930b9e21a5252c95296d9924b3c4524d9f6,.,com.aliyun.tair.tests.tairts.TairTsTest.extsmrangeSkeysLabelsByteTest,NOD,,,
https://github.com/alibaba/alibabacloud-tairjedis-sdk,f6215930b9e21a5252c95296d9924b3c4524d9f6,.,com.aliyun.tair.tests.tairts.TairTsTest.extsmrangeTest,OD,,,
https://github.com/alibaba/alibabacloud-tairjedis-sdk,f6215930b9e21a5252c95296d9924b3c4524d9f6,.,com.aliyun.tair.tests.tairts.TairTsTest.extsprangeAggregationSkeyByteTest,OD,,,
https://github.com/alibaba/alibabacloud-tairjedis-sdk,f6215930b9e21a5252c95296d9924b3c4524d9f6,.,com.aliyun.tair.tests.tairts.TairTsTest.extsprangeAggregationSkeyRevTest,OD,,,
https://github.com/alibaba/alibabacloud-tairjedis-sdk,f6215930b9e21a5252c95296d9924b3c4524d9f6,.,com.aliyun.tair.tests.tairts.TairTsTest.extsprangeAggregationSkeyTest,NOD,,,
https://github.com/alibaba/alibabacloud-tairjedis-sdk,f6215930b9e21a5252c95296d9924b3c4524d9f6,.,com.aliyun.tair.tests.tairts.TairTsTest.extsprangeByteTest,OD,,,
https://github.com/alibaba/alibabacloud-tairjedis-sdk,f6215930b9e21a5252c95296d9924b3c4524d9f6,.,com.aliyun.tair.tests.tairts.TairTsTest.extsprangeTest,NOD,,,
https://github.com/alibaba/alibabacloud-tairjedis-sdk,f6215930b9e21a5252c95296d9924b3c4524d9f6,.,com.aliyun.tair.tests.tairts.TairTsTest.extsqueryTest,NOD,,,
https://github.com/alibaba/alibabacloud-tairjedis-sdk,f6215930b9e21a5252c95296d9924b3c4524d9f6,.,com.aliyun.tair.tests.tairts.TairTsTest.extsrangeTest,OD,,,
https://github.com/alibaba/alibabacloud-tairjedis-sdk,f6215930b9e21a5252c95296d9924b3c4524d9f6,.,com.aliyun.tair.tests.tairts.TairTsTest.extsRawMIncrTest,NOD,,,
https://github.com/alibaba/alibabacloud-tairjedis-sdk,f6215930b9e21a5252c95296d9924b3c4524d9f6,.,com.aliyun.tair.tests.tairts.TairTsTest.extsRawMModifyTest,OD,,,
https://github.com/alibaba/alibabacloud-tairjedis-sdk,f6215930b9e21a5252c95296d9924b3c4524d9f6,.,com.aliyun.tair.tests.tairts.TairTsTest.extsRawModifyTest,OD,,,
https://github.com/alibaba/alibabacloud-tairjedis-sdk,f6215930b9e21a5252c95296d9924b3c4524d9f6,.,com.aliyun.tair.tests.tairvector.TairVectorClusterTest.tvs_create_index_test,NOD,,,
https://github.com/alibaba/alibabacloud-tairjedis-sdk,f6215930b9e21a5252c95296d9924b3c4524d9f6,.,com.aliyun.tair.tests.tairvector.TairVectorClusterTest.tvs_del,NOD,,,
https://github.com/alibaba/alibabacloud-tairjedis-sdk,f6215930b9e21a5252c95296d9924b3c4524d9f6,.,com.aliyun.tair.tests.tairvector.TairVectorClusterTest.tvs_del_index,NOD,,,
https://github.com/alibaba/alibabacloud-tairjedis-sdk,f6215930b9e21a5252c95296d9924b3c4524d9f6,.,com.aliyun.tair.tests.tairvector.TairVectorClusterTest.tvs_get_index,NOD,,,
https://github.com/alibaba/alibabacloud-tairjedis-sdk,f6215930b9e21a5252c95296d9924b3c4524d9f6,.,com.aliyun.tair.tests.tairvector.TairVectorClusterTest.tvs_hdel,NOD,,,
https://github.com/alibaba/alibabacloud-tairjedis-sdk,f6215930b9e21a5252c95296d9924b3c4524d9f6,.,com.aliyun.tair.tests.tairvector.TairVectorClusterTest.tvs_hgetall,NOD,,,
https://github.com/alibaba/alibabacloud-tairjedis-sdk,f6215930b9e21a5252c95296d9924b3c4524d9f6,.,com.aliyun.tair.tests.tairvector.TairVectorClusterTest.tvs_hmgetall,NOD,,,
https://github.com/alibaba/alibabacloud-tairjedis-sdk,f6215930b9e21a5252c95296d9924b3c4524d9f6,.,com.aliyun.tair.tests.tairvector.TairVectorClusterTest.tvs_hset,NOD,,,
https://github.com/alibaba/alibabacloud-tairjedis-sdk,f6215930b9e21a5252c95296d9924b3c4524d9f6,.,com.aliyun.tair.tests.tairvector.TairVectorClusterTest.tvs_knnsearch,NOD,,,
https://github.com/alibaba/alibabacloud-tairjedis-sdk,f6215930b9e21a5252c95296d9924b3c4524d9f6,.,com.aliyun.tair.tests.tairvector.TairVectorClusterTest.tvs_knnsearch_filter,OD,,,
https://github.com/alibaba/alibabacloud-tairjedis-sdk,f6215930b9e21a5252c95296d9924b3c4524d9f6,.,com.aliyun.tair.tests.tairvector.TairVectorClusterTest.tvs_knnsearch_with_params,OD,,,
https://github.com/alibaba/alibabacloud-tairjedis-sdk,f6215930b9e21a5252c95296d9924b3c4524d9f6,.,com.aliyun.tair.tests.tairvector.TairVectorClusterTest.tvs_mknnsearch_filter,OD,,,
https://github.com/alibaba/alibabacloud-tairjedis-sdk,f6215930b9e21a5252c95296d9924b3c4524d9f6,.,com.aliyun.tair.tests.tairvector.TairVectorClusterTest.tvs_mknnsearch_with_params,NOD,,,
https://github.com/alibaba/alibabacloud-tairjedis-sdk,f6215930b9e21a5252c95296d9924b3c4524d9f6,.,com.aliyun.tair.tests.tairvector.TairVectorClusterTest.tvs_scan,NOD,,,
https://github.com/alibaba/alibabacloud-tairjedis-sdk,f6215930b9e21a5252c95296d9924b3c4524d9f6,.,com.aliyun.tair.tests.tairvector.TairVectorClusterTest.tvs_scan_index,NOD,,,
https://github.com/alibaba/alibabacloud-tairjedis-sdk,f6215930b9e21a5252c95296d9924b3c4524d9f6,.,com.aliyun.tair.tests.tairvector.TairVectorPipelineTest.tvs_create_index_test,NOD,,,
https://github.com/alibaba/alibabacloud-tairjedis-sdk,f6215930b9e21a5252c95296d9924b3c4524d9f6,.,com.aliyun.tair.tests.tairvector.TairVectorPipelineTest.tvs_del,NOD,,,
https://github.com/alibaba/alibabacloud-tairjedis-sdk,f6215930b9e21a5252c95296d9924b3c4524d9f6,.,com.aliyun.tair.tests.tairvector.TairVectorPipelineTest.tvs_del_index,NOD,,,
https://github.com/alibaba/alibabacloud-tairjedis-sdk,f6215930b9e21a5252c95296d9924b3c4524d9f6,.,com.aliyun.tair.tests.tairvector.TairVectorPipelineTest.tvs_hdel,NOD,,,
https://github.com/alibaba/alibabacloud-tairjedis-sdk,f6215930b9e21a5252c95296d9924b3c4524d9f6,.,com.aliyun.tair.tests.tairvector.TairVectorPipelineTest.tvs_hmgetall,NOD,,,
https://github.com/alibaba/alibabacloud-tairjedis-sdk,f6215930b9e21a5252c95296d9924b3c4524d9f6,.,com.aliyun.tair.tests.tairvector.TairVectorPipelineTest.tvs_hset,OD,,,
https://github.com/alibaba/alibabacloud-tairjedis-sdk,f6215930b9e21a5252c95296d9924b3c4524d9f6,.,com.aliyun.tair.tests.tairvector.TairVectorPipelineTest.tvs_knnsearch,NOD,,,
https://github.com/alibaba/alibabacloud-tairjedis-sdk,f6215930b9e21a5252c95296d9924b3c4524d9f6,.,com.aliyun.tair.tests.tairvector.TairVectorPipelineTest.tvs_knnsearch_filter,NOD,,,
https://github.com/alibaba/alibabacloud-tairjedis-sdk,f6215930b9e21a5252c95296d9924b3c4524d9f6,.,com.aliyun.tair.tests.tairvector.TairVectorPipelineTest.tvs_knnsearch_with_params,OD,,,
https://github.com/alibaba/alibabacloud-tairjedis-sdk,f6215930b9e21a5252c95296d9924b3c4524d9f6,.,com.aliyun.tair.tests.tairvector.TairVectorPipelineTest.tvs_mknnsearch,NOD,,,
https://github.com/alibaba/alibabacloud-tairjedis-sdk,f6215930b9e21a5252c95296d9924b3c4524d9f6,.,com.aliyun.tair.tests.tairvector.TairVectorPipelineTest.tvs_mknnsearch_filter,NOD,,,
https://github.com/alibaba/alibabacloud-tairjedis-sdk,f6215930b9e21a5252c95296d9924b3c4524d9f6,.,com.aliyun.tair.tests.tairvector.TairVectorPipelineTest.tvs_mknnsearch_with_params,NOD,,,
https://github.com/alibaba/alibabacloud-tairjedis-sdk,f6215930b9e21a5252c95296d9924b3c4524d9f6,.,com.aliyun.tair.tests.tairvector.TairVectorPipelineTest.tvs_scan_index,NOD,,,
https://github.com/alibaba/alibabacloud-tairjedis-sdk,f6215930b9e21a5252c95296d9924b3c4524d9f6,.,com.aliyun.tair.tests.tairvector.TairVectorTest.tvs_create_index,OD,,,
https://github.com/alibaba/alibabacloud-tairjedis-sdk,f6215930b9e21a5252c95296d9924b3c4524d9f6,.,com.aliyun.tair.tests.tairvector.TairVectorTest.tvs_create_index_withoption_args,OD,,,
https://github.com/alibaba/alibabacloud-tairjedis-sdk,f6215930b9e21a5252c95296d9924b3c4524d9f6,.,com.aliyun.tair.tests.tairvector.TairVectorTest.tvs_create_index_with_datatype,OD,,,
https://github.com/alibaba/alibabacloud-tairjedis-sdk,f6215930b9e21a5252c95296d9924b3c4524d9f6,.,com.aliyun.tair.tests.tairvector.TairVectorTest.tvs_del,NOD,,,
https://github.com/alibaba/alibabacloud-tairjedis-sdk,f6215930b9e21a5252c95296d9924b3c4524d9f6,.,com.aliyun.tair.tests.tairvector.TairVectorTest.tvs_del_index,OD,,,
https://github.com/alibaba/alibabacloud-tairjedis-sdk,f6215930b9e21a5252c95296d9924b3c4524d9f6,.,com.aliyun.tair.tests.tairvector.TairVectorTest.tvs_get_index,NOD,,,
https://github.com/alibaba/alibabacloud-tairjedis-sdk,f6215930b9e21a5252c95296d9924b3c4524d9f6,.,com.aliyun.tair.tests.tairvector.TairVectorTest.tvs_hdel,NOD,,,
https://github.com/alibaba/alibabacloud-tairjedis-sdk,f6215930b9e21a5252c95296d9924b3c4524d9f6,.,com.aliyun.tair.tests.tairvector.TairVectorTest.tvs_hgetall,OD,,,
https://github.com/alibaba/alibabacloud-tairjedis-sdk,f6215930b9e21a5252c95296d9924b3c4524d9f6,.,com.aliyun.tair.tests.tairvector.TairVectorTest.tvs_hgetall_data_bin,OD,,,
https://github.com/alibaba/alibabacloud-tairjedis-sdk,f6215930b9e21a5252c95296d9924b3c4524d9f6,.,com.aliyun.tair.tests.tairvector.TairVectorTest.tvs_hmgetall,NOD,,,
https://github.com/alibaba/alibabacloud-tairjedis-sdk,f6215930b9e21a5252c95296d9924b3c4524d9f6,.,com.aliyun.tair.tests.tairvector.TairVectorTest.tvs_hset,NOD,,,
https://github.com/alibaba/alibabacloud-tairjedis-sdk,f6215930b9e21a5252c95296d9924b3c4524d9f6,.,com.aliyun.tair.tests.tairvector.TairVectorTest.tvs_hset_data_bin,NOD,,,
https://github.com/alibaba/alibabacloud-tairjedis-sdk,f6215930b9e21a5252c95296d9924b3c4524d9f6,.,com.aliyun.tair.tests.tairvector.TairVectorTest.tvs_knnsearch,NOD,,,
https://github.com/alibaba/alibabacloud-tairjedis-sdk,f6215930b9e21a5252c95296d9924b3c4524d9f6,.,com.aliyun.tair.tests.tairvector.TairVectorTest.tvs_knnsearch_with_databin,OD,,,
https://github.com/alibaba/alibabacloud-tairjedis-sdk,f6215930b9e21a5252c95296d9924b3c4524d9f6,.,com.aliyun.tair.tests.tairvector.TairVectorTest.tvs_knnsearch_with_filter,NOD,,,
https://github.com/alibaba/alibabacloud-tairjedis-sdk,f6215930b9e21a5252c95296d9924b3c4524d9f6,.,com.aliyun.tair.tests.tairvector.TairVectorTest.tvs_knnsearch_with_params,OD,,,
https://github.com/alibaba/alibabacloud-tairjedis-sdk,f6215930b9e21a5252c95296d9924b3c4524d9f6,.,com.aliyun.tair.tests.tairvector.TairVectorTest.tvs_mknnsearch,OD,,,
https://github.com/alibaba/alibabacloud-tairjedis-sdk,f6215930b9e21a5252c95296d9924b3c4524d9f6,.,com.aliyun.tair.tests.tairvector.TairVectorTest.tvs_mknnsearch_with_params,NOD,,,
https://github.com/alibaba/alibabacloud-tairjedis-sdk,f6215930b9e21a5252c95296d9924b3c4524d9f6,.,com.aliyun.tair.tests.tairvector.TairVectorTest.tvs_scan,NOD,,,
https://github.com/alibaba/alibabacloud-tairjedis-sdk,f6215930b9e21a5252c95296d9924b3c4524d9f6,.,com.aliyun.tair.tests.tairvector.TairVectorTest.tvs_scan_index,NOD,,,
https://github.com/alibaba/alibabacloud-tairjedis-sdk,f6215930b9e21a5252c95296d9924b3c4524d9f6,.,com.aliyun.tair.tests.tairzset.TairZsetPipelineTest.exzbasic,NOD,,,
https://github.com/alibaba/alibabacloud-tairjedis-sdk,f6215930b9e21a5252c95296d9924b3c4524d9f6,.,com.aliyun.tair.tests.tairzset.TairZsetTest.zadd,NOD,,,
https://github.com/alibaba/alibabacloud-tairjedis-sdk,f6215930b9e21a5252c95296d9924b3c4524d9f6,.,com.aliyun.tair.tests.tairzset.TairZsetTest.zaddWithParams,NOD,,,
https://github.com/alibaba/alibabacloud-tairjedis-sdk,f6215930b9e21a5252c95296d9924b3c4524d9f6,.,com.aliyun.tair.tests.tairzset.TairZsetTest.zcard,NOD,,,
https://github.com/alibaba/alibabacloud-tairjedis-sdk,f6215930b9e21a5252c95296d9924b3c4524d9f6,.,com.aliyun.tair.tests.tairzset.TairZsetTest.zcount,NOD,,,
https://github.com/alibaba/alibabacloud-tairjedis-sdk,f6215930b9e21a5252c95296d9924b3c4524d9f6,.,com.aliyun.tair.tests.tairzset.TairZsetTest.zincrby,OD,,,
https://github.com/alibaba/alibabacloud-tairjedis-sdk,f6215930b9e21a5252c95296d9924b3c4524d9f6,.,com.aliyun.tair.tests.tairzset.TairZsetTest.zlexcount,NOD,,,
https://github.com/alibaba/alibabacloud-tairjedis-sdk,f6215930b9e21a5252c95296d9924b3c4524d9f6,.,com.aliyun.tair.tests.tairzset.TairZsetTest.zrange,NOD,,,
https://github.com/alibaba/alibabacloud-tairjedis-sdk,f6215930b9e21a5252c95296d9924b3c4524d9f6,.,com.aliyun.tair.tests.tairzset.TairZsetTest.zrangeByLex,NOD,,,
https://github.com/alibaba/alibabacloud-tairjedis-sdk,f6215930b9e21a5252c95296d9924b3c4524d9f6,.,com.aliyun.tair.tests.tairzset.TairZsetTest.zrangeByLexBinary,NOD,,,
https://github.com/alibaba/alibabacloud-tairjedis-sdk,f6215930b9e21a5252c95296d9924b3c4524d9f6,.,com.aliyun.tair.tests.tairzset.TairZsetTest.zrangebyscore,NOD,,,
https://github.com/alibaba/alibabacloud-tairjedis-sdk,f6215930b9e21a5252c95296d9924b3c4524d9f6,.,com.aliyun.tair.tests.tairzset.TairZsetTest.zrangeWithScores,NOD,,,
https://github.com/alibaba/alibabacloud-tairjedis-sdk,f6215930b9e21a5252c95296d9924b3c4524d9f6,.,com.aliyun.tair.tests.tairzset.TairZsetTest.zrank,OD,,,
https://github.com/alibaba/alibabacloud-tairjedis-sdk,f6215930b9e21a5252c95296d9924b3c4524d9f6,.,com.aliyun.tair.tests.tairzset.TairZsetTest.zrem,OD,,,
https://github.com/alibaba/alibabacloud-tairjedis-sdk,f6215930b9e21a5252c95296d9924b3c4524d9f6,.,com.aliyun.tair.tests.tairzset.TairZsetTest.zremrangeByLex,NOD,,,
https://github.com/alibaba/alibabacloud-tairjedis-sdk,f6215930b9e21a5252c95296d9924b3c4524d9f6,.,com.aliyun.tair.tests.tairzset.TairZsetTest.zremrangeByRank,NOD,,,
https://github.com/alibaba/alibabacloud-tairjedis-sdk,f6215930b9e21a5252c95296d9924b3c4524d9f6,.,com.aliyun.tair.tests.tairzset.TairZsetTest.zremrangeByScore,NOD,,,
https://github.com/alibaba/alibabacloud-tairjedis-sdk,f6215930b9e21a5252c95296d9924b3c4524d9f6,.,com.aliyun.tair.tests.tairzset.TairZsetTest.zrevrange,NOD,,,
https://github.com/alibaba/alibabacloud-tairjedis-sdk,f6215930b9e21a5252c95296d9924b3c4524d9f6,.,com.aliyun.tair.tests.tairzset.TairZsetTest.zrevrank,NOD,,,
https://github.com/alibaba/alibabacloud-tairjedis-sdk,f6215930b9e21a5252c95296d9924b3c4524d9f6,.,com.aliyun.tair.tests.tairzset.TairZsetTest.zscore,NOD,,,
https://github.com/alibaba/nacos,f136dde8fae27797156f0ecb9abbe80774beaea4,config,com.alibaba.nacos.config.server.controller.ConfigControllerTest.testDeleteConfig,OD-Vic,,,
https://github.com/alibaba/nacos,f136dde8fae27797156f0ecb9abbe80774beaea4,config,com.alibaba.nacos.config.server.controller.ConfigControllerTest.testDetailConfigInfo,OD-Vic,,,
https://github.com/alibaba/nacos,f136dde8fae27797156f0ecb9abbe80774beaea4,config,com.alibaba.nacos.config.server.controller.ConfigControllerTest.testGetConfig,OD-Vic,,,
https://github.com/alibaba/nacos,f136dde8fae27797156f0ecb9abbe80774beaea4,config,com.alibaba.nacos.config.server.controller.ConfigControllerTest.testPublishConfig,OD-Vic,,,
https://github.com/alibaba/nacos,f136dde8fae27797156f0ecb9abbe80774beaea4,config,com.alibaba.nacos.config.server.controller.ConfigOpsControllerTest.testDerbyOps,OD-Vic,,,
https://github.com/alibaba/nacos,f136dde8fae27797156f0ecb9abbe80774beaea4,config,com.alibaba.nacos.config.server.controller.ConfigOpsControllerTest.testImportDerby,OD-Vic,,,
https://github.com/alibaba/nacos,f136dde8fae27797156f0ecb9abbe80774beaea4,config,com.alibaba.nacos.config.server.controller.ConfigServletInnerTest.testDoGetConfigV1,OD-Vic,,,
https://github.com/alibaba/nacos,f136dde8fae27797156f0ecb9abbe80774beaea4,config,com.alibaba.nacos.config.server.controller.ConfigServletInnerTest.testDoGetConfigV2,OD-Vic,,,
https://github.com/alibaba/nacos,f136dde8fae27797156f0ecb9abbe80774beaea4,config,com.alibaba.nacos.config.server.controller.ConfigServletInnerTest.testDoGetConfigV3,OD-Vic,,,
https://github.com/alibaba/nacos,f136dde8fae27797156f0ecb9abbe80774beaea4,config,com.alibaba.nacos.config.server.model.ConfigInfoTest.testPrecisionIssue,OD-Vic,,,
https://github.com/alibaba/nacos,f136dde8fae27797156f0ecb9abbe80774beaea4,config,com.alibaba.nacos.config.server.remote.ConfigPublishRequestHandlerTest.testHandle,OD-Vic,,,
https://github.com/alibaba/nacos,f136dde8fae27797156f0ecb9abbe80774beaea4,config,com.alibaba.nacos.config.server.remote.ConfigQueryRequestHandlerTest.testHandle,OD-Vic,,,
https://github.com/alibaba/nacos,f136dde8fae27797156f0ecb9abbe80774beaea4,config,com.alibaba.nacos.config.server.service.ClientTrackServiceTest.testTrackClientMd5,OD-Vic,,,
https://github.com/alibaba/nacos,f136dde8fae27797156f0ecb9abbe80774beaea4,config,com.alibaba.nacos.config.server.service.ConfigChangePublisherTest.testConfigChangeNotify,OD-Vic,,,
https://github.com/alibaba/nacos,f136dde8fae27797156f0ecb9abbe80774beaea4,config,com.alibaba.nacos.config.server.service.DiskServiceUnitTest.testCreateConfig,OD-Vic,,,
https://github.com/alibaba/nacos,f136dde8fae27797156f0ecb9abbe80774beaea4,config,com.alibaba.nacos.config.server.utils.DiskUtilsTest.testTargetBetaFile,OD-Vic,,,
https://github.com/alibaba/nacos,f136dde8fae27797156f0ecb9abbe80774beaea4,config,com.alibaba.nacos.config.server.utils.MD5UtilTest.testCompareMd5,OD-Vic,,,
https://github.com/alibaba/nacos,f136dde8fae27797156f0ecb9abbe80774beaea4,config,com.alibaba.nacos.config.server.utils.PropertyUtilTest.testGetPropertyV1,OD-Vic,,,
https://github.com/alibaba/nacos,f136dde8fae27797156f0ecb9abbe80774beaea4,config,com.alibaba.nacos.config.server.utils.PropertyUtilTest.testGetPropertyV2,OD-Vic,,,
https://github.com/alibaba/Sentinel,051d583fd89a8ecd509d182a1883335119f1a8bf,sentinel-adapter/sentinel-reactor-adapter,com.alibaba.csp.sentinel.adapter.reactor.MonoSentinelOperatorIntegrationTest.testEmitSingleLongTimeRt,OD-Brit,,,
https://github.com/alibaba/Sentinel,051d583fd89a8ecd509d182a1883335119f1a8bf,sentinel-adapter/sentinel-reactor-adapter,com.alibaba.csp.sentinel.adapter.reactor.MonoSentinelOperatorIntegrationTest.testTransformMonoWithSentinelContextEnter,OD-Vic,,,
https://github.com/alibaba/spring-cloud-alibaba,add08b6822cb7cf6b2a429dd30b0ed0e49a7db49,spring-cloud-alibaba-starters/spring-cloud-starter-alibaba-sentinel,com.alibaba.cloud.sentinel.SentinelAutoConfigurationTests.contextLoads,OD,,,
https://github.com/alibaba/spring-cloud-alibaba,add08b6822cb7cf6b2a429dd30b0ed0e49a7db49,spring-cloud-alibaba-starters/spring-cloud-starter-alibaba-sentinel,com.alibaba.cloud.sentinel.SentinelAutoConfigurationTests.testSentinelSystemProperties,OD,,,
https://github.com/alibaba/wasp,b2593d8e4b31ca6da0cd2f3e18356338d9b6dace,.,com.alibaba.wasp.executor.TestExecutorService.testExecutorService,TD,,,
https://github.com/Alluxio/alluxio,78c063ae181279d81cbc0808a684864a8c8b311c,.,tachyon.client.FileOutStreamTest.writeTest2,TD,,,
https://github.com/Alluxio/alluxio,78c063ae181279d81cbc0808a684864a8c8b311c,.,tachyon.client.RemoteBlockInStreamTest.readTest5,TD,,,
https://github.com/Alluxio/alluxio,78c063ae181279d81cbc0808a684864a8c8b311c,.,tachyon.client.RemoteBlockInStreamTest.readTest6,TD,,,
https://github.com/Alluxio/alluxio,78c063ae181279d81cbc0808a684864a8c8b311c,.,tachyon.client.table.RawTableTest.rawtablePerfTest,TD,,,
https://github.com/Alluxio/alluxio,78c063ae181279d81cbc0808a684864a8c8b311c,.,tachyon.client.TachyonFileTest.isInMemoryTest,TD,,,
https://github.com/Alluxio/alluxio,78c063ae181279d81cbc0808a684864a8c8b311c,.,tachyon.client.TachyonFileTest.writeEmptyFileTest,TD,,,
https://github.com/Alluxio/alluxio,78c063ae181279d81cbc0808a684864a8c8b311c,.,tachyon.client.TachyonFSTest.createFileWithCheckpointFileTest,TD,,,
https://github.com/Alluxio/alluxio,78c063ae181279d81cbc0808a684864a8c8b311c,.,tachyon.client.TachyonFSTest.deleteFileTest,TD,,,
https://github.com/Alluxio/alluxio,78c063ae181279d81cbc0808a684864a8c8b311c,.,tachyon.client.TachyonFSTest.lockBlockTest1,TD,,,
https://github.com/Alluxio/alluxio,78c063ae181279d81cbc0808a684864a8c8b311c,.,tachyon.client.TachyonFSTest.lockBlockTest3,TD,,,
https://github.com/Alluxio/alluxio,78c063ae181279d81cbc0808a684864a8c8b311c,.,tachyon.client.TachyonFSTest.lockBlockTest4,TD,,,
https://github.com/Alluxio/alluxio,78c063ae181279d81cbc0808a684864a8c8b311c,.,tachyon.client.TachyonFSTest.unlockBlockTest1,TD,,,
https://github.com/Alluxio/alluxio,78c063ae181279d81cbc0808a684864a8c8b311c,.,tachyon.client.TachyonFSTest.unlockBlockTest2,TD,,,
https://github.com/Alluxio/alluxio,78c063ae181279d81cbc0808a684864a8c8b311c,.,tachyon.client.TachyonFSTest.unlockBlockTest3,TD,,,
https://github.com/Alluxio/alluxio,78c063ae181279d81cbc0808a684864a8c8b311c,.,tachyon.command.TFsShellTest.fileinfoTest,TD,,,
https://github.com/Alluxio/alluxio,78c063ae181279d81cbc0808a684864a8c8b311c,.,tachyon.DataServerTest.readTest,TD,,,
https://github.com/Alluxio/alluxio,78c063ae181279d81cbc0808a684864a8c8b311c,.,tachyon.WorkerServiceHandlerTest.evictionTest,TD,,,
https://github.com/apache/activemq,5cd12a83823e79d4500b1e4158790da01a8bd368,activemq-jaas,org.apache.activemq.jaas.LDAPLoginModuleTest.testAESEncryptedLogin,ID,,,The flakiness depends on concurrency but not just `ID`. It fails non-deterministically with same nondex seed.
https://github.com/apache/activemq,5cd12a83823e79d4500b1e4158790da01a8bd368,activemq-jaas,org.apache.activemq.jaas.LDAPLoginModuleTest.testAuthenticatedOkViaBindOnAnonConnection,ID,,,The flakiness depends on concurrency but not just `ID`. It fails non-deterministically with same nondex seed.
https://github.com/apache/activemq,5cd12a83823e79d4500b1e4158790da01a8bd368,activemq-jaas,org.apache.activemq.jaas.LDAPLoginModuleTest.testEncryptedLogin,ID,,,The flakiness depends on concurrency but not just `ID`. It fails non-deterministically with same nondex seed.
https://github.com/apache/activemq,5cd12a83823e79d4500b1e4158790da01a8bd368,activemq-jaas,org.apache.activemq.jaas.LDAPLoginModuleTest.testLogin,ID,,,The flakiness depends on concurrency but not just `ID`. It fails non-deterministically with same nondex seed.
https://github.com/apache/activemq,5cd12a83823e79d4500b1e4158790da01a8bd368,activemq-jaas,org.apache.activemq.jaas.LDAPModuleRoleExpansionTest.testRoleExpansion,ID,,,The flakiness depends on concurrency but not just `ID`. It fails non-deterministically with same nondex seed.
https://github.com/apache/avro,efe9aa7fbe457805dc894a9186e1267603d82dd2,lang/java/ipc-jetty,org.apache.avro.ipc.jetty.TestProtocolHttp.testAdd,OD,,,
https://github.com/apache/avro,efe9aa7fbe457805dc894a9186e1267603d82dd2,lang/java/ipc-jetty,org.apache.avro.ipc.jetty.TestProtocolHttp.testClassLoader,OD,,,
https://github.com/apache/avro,efe9aa7fbe457805dc894a9186e1267603d82dd2,lang/java/ipc-jetty,org.apache.avro.ipc.jetty.TestProtocolHttp.testConnectionRefusedOneWay,OD,,,
https://github.com/apache/avro,efe9aa7fbe457805dc894a9186e1267603d82dd2,lang/java/ipc-jetty,org.apache.avro.ipc.jetty.TestProtocolHttp.testEcho,OD,,,
https://github.com/apache/avro,efe9aa7fbe457805dc894a9186e1267603d82dd2,lang/java/ipc-jetty,org.apache.avro.ipc.jetty.TestProtocolHttp.testEchoBytes,OD,,,
https://github.com/apache/avro,efe9aa7fbe457805dc894a9186e1267603d82dd2,lang/java/ipc-jetty,org.apache.avro.ipc.jetty.TestProtocolHttp.testEmptyEchoBytes,OD,,,
https://github.com/apache/avro,efe9aa7fbe457805dc894a9186e1267603d82dd2,lang/java/ipc-jetty,org.apache.avro.ipc.jetty.TestProtocolHttp.testError,OD,,,
https://github.com/apache/avro,efe9aa7fbe457805dc894a9186e1267603d82dd2,lang/java/ipc-jetty,org.apache.avro.ipc.jetty.TestProtocolHttp.testGetRemote,OD,,,
https://github.com/apache/avro,efe9aa7fbe457805dc894a9186e1267603d82dd2,lang/java/ipc-jetty,org.apache.avro.ipc.jetty.TestProtocolHttp.testHashCode,OD,,,
https://github.com/apache/avro,efe9aa7fbe457805dc894a9186e1267603d82dd2,lang/java/ipc-jetty,org.apache.avro.ipc.jetty.TestProtocolHttp.testHello,OD,,,
https://github.com/apache/avro,efe9aa7fbe457805dc894a9186e1267603d82dd2,lang/java/ipc-jetty,org.apache.avro.ipc.jetty.TestProtocolHttp.testOneWay,OD,,,
https://github.com/apache/avro,efe9aa7fbe457805dc894a9186e1267603d82dd2,lang/java/ipc-jetty,org.apache.avro.ipc.jetty.TestProtocolHttp.testParamVariation,OD,,,
https://github.com/apache/avro,efe9aa7fbe457805dc894a9186e1267603d82dd2,lang/java/ipc-jetty,org.apache.avro.ipc.jetty.TestProtocolHttp.testRepeatedAccess,OD,,,
https://github.com/apache/avro,efe9aa7fbe457805dc894a9186e1267603d82dd2,lang/java/ipc-jetty,org.apache.avro.ipc.jetty.TestProtocolHttp.testStatelessOneway,OD,,,
https://github.com/apache/avro,efe9aa7fbe457805dc894a9186e1267603d82dd2,lang/java/ipc-jetty,org.apache.avro.ipc.jetty.TestProtocolHttp.testTimeout,OD,,,
https://github.com/apache/avro,efe9aa7fbe457805dc894a9186e1267603d82dd2,lang/java/ipc-jetty,org.apache.avro.ipc.jetty.TestProtocolHttp.testUndeclaredError,OD,,,
https://github.com/apache/avro,efe9aa7fbe457805dc894a9186e1267603d82dd2,lang/java/ipc-jetty,org.apache.avro.ipc.jetty.TestProtocolHttps.testClassLoader,OD,,,
https://github.com/apache/avro,efe9aa7fbe457805dc894a9186e1267603d82dd2,lang/java/ipc-jetty,org.apache.avro.ipc.jetty.TestProtocolHttps.testConnectionRefusedOneWay,OD,,,
https://github.com/apache/avro,efe9aa7fbe457805dc894a9186e1267603d82dd2,lang/java/ipc-jetty,org.apache.avro.ipc.jetty.TestProtocolHttps.testGetRemote,OD,,,
https://github.com/apache/avro,efe9aa7fbe457805dc894a9186e1267603d82dd2,lang/java/ipc-jetty,org.apache.avro.ipc.jetty.TestProtocolHttps.testHashCode,OD,,,
https://github.com/apache/avro,efe9aa7fbe457805dc894a9186e1267603d82dd2,lang/java/avro,org.apache.avro.reflect.TestNonStringMapKeys.testNonStringMapKeys,ID,,,
https://github.com/apache/cayenne,5209b9f533ab5f2ac97d31eeb3d1dd2c4dbd64d8,cayenne-client,org.apache.cayenne.CayenneContextClientChannelEventsIT.testSyncToOneRelationship,OD,,,https://github.com/TestingResearchIllinois/flaky-test-dataset/issues/77
https://github.com/apache/cxf,69925893ed0e8a8fdfe1164b4e097a5cf5524027,core,org.apache.cxf.feature.transform.XSLTInterceptorsTest.outWriterStreamTest,OD,,,
https://github.com/apache/cxf,649520354501295859b692ddf1b42adb919affbb,axrs/client/spec,org.apache.cxf.jaxrs.client.spec.ClientResponseFilterTest.testExceptionInClientResponseFilterWhenNotFound,ID,,,
https://github.com/apache/cxf,d849512da6499d00e3e84eb60733a0343a473b44,rt/rs/extensions/search,org.apache.cxf.jaxrs.ext.search.BeanspectorTest.testMismatchedOverriddenBeans,ID,,,
https://github.com/apache/cxf,649520354501295859b692ddf1b42adb919affbb,rt/transports/jms,org.apache.cxf.transport.jms.RequestResponseTest.testRequestTopicResponseStaticQueue,ID,,,
https://github.com/apache/druid,ad32f8458670339808a3136a9578a10a52b8394f,extensions-contrib/moving-average-query,org.apache.druid.query.movingaverage.MovingAverageIterableTest.testMissingDataAtMiddle,ID,,,https://github.com/apache/druid/issues/18651
https://github.com/apache/dubbo,737f7a7ea67832d7f17517326fb2491d0a086dd7,dubbo-common,org.apache.dubbo.common.io.UnsafeByteArrayOutputStreamTest.testExtendLengthForBuffer,OD,,,https://github.com/TestingResearchIllinois/idoft/issues/5
https://github.com/apache/dubbo,737f7a7ea67832d7f17517326fb2491d0a086dd7,dubbo-common,org.apache.dubbo.common.logger.support.FailsafeLoggerTest.testFailSafeForLoggingMethod,OD,,,https://github.com/TestingResearchIllinois/idoft/issues/5
https://github.com/apache/dubbo,737f7a7ea67832d7f17517326fb2491d0a086dd7,dubbo-common,org.apache.dubbo.common.logger.support.FailsafeLoggerTest.testSuccessLogger,UD,,,
https://github.com/apache/dubbo,737f7a7ea67832d7f17517326fb2491d0a086dd7,dubbo-common,org.apache.dubbo.common.threadpool.support.eager.TaskQueueTest.testRetryOffer1,OD,,,https://github.com/TestingResearchIllinois/idoft/issues/5
https://github.com/apache/dubbo,737f7a7ea67832d7f17517326fb2491d0a086dd7,dubbo-common,org.apache.dubbo.common.utils.ExecutorUtilTest.testGracefulShutdown1,UD,,,
https://github.com/apache/dubbo,737f7a7ea67832d7f17517326fb2491d0a086dd7,dubbo-common,org.apache.dubbo.common.utils.ExecutorUtilTest.testGracefulShutdown2,OD,,,https://github.com/TestingResearchIllinois/idoft/issues/5
https://github.com/apache/dubbo,737f7a7ea67832d7f17517326fb2491d0a086dd7,dubbo-common,org.apache.dubbo.common.utils.ExecutorUtilTest.testIsTerminated,UD,,,
https://github.com/apache/dubbo,737f7a7ea67832d7f17517326fb2491d0a086dd7,dubbo-common,org.apache.dubbo.common.utils.LogHelperTest.testError,OD,,,https://github.com/TestingResearchIllinois/idoft/issues/5
https://github.com/apache/dubbo,737f7a7ea67832d7f17517326fb2491d0a086dd7,dubbo-common,org.apache.dubbo.common.utils.LogHelperTest.testWarn,OD,,,https://github.com/TestingResearchIllinois/idoft/issues/5
https://github.com/apache/dubbo,737f7a7ea67832d7f17517326fb2491d0a086dd7,dubbo-common,org.apache.dubbo.common.utils.LogUtilTest.testFindLevel,OD,,,https://github.com/TestingResearchIllinois/idoft/issues/5
https://github.com/apache/dubbo,737f7a7ea67832d7f17517326fb2491d0a086dd7,dubbo-common,org.apache.dubbo.common.utils.LogUtilTest.testFindLevelWithThreadName,OD,,,https://github.com/TestingResearchIllinois/idoft/issues/5
https://github.com/apache/dubbo,737f7a7ea67832d7f17517326fb2491d0a086dd7,dubbo-common,org.apache.dubbo.common.utils.NamedThreadFactoryTest.testPrefixAndDaemon,UD,,,
https://github.com/apache/dubbo,737f7a7ea67832d7f17517326fb2491d0a086dd7,dubbo-common,org.apache.dubbo.common.utils.NetUtilsTest.testIsValidAddress,UD,,,
https://github.com/apache/dubbo,737f7a7ea67832d7f17517326fb2491d0a086dd7,dubbo-config/dubbo-config-api,org.apache.dubbo.config.cache.CacheTest.testCache,OD-Vic,,,
https://github.com/apache/dubbo,737f7a7ea67832d7f17517326fb2491d0a086dd7,dubbo-config/dubbo-config-api,org.apache.dubbo.config.ReferenceConfigTest.testInjvm,OD-Vic,,,
https://github.com/apache/dubbo,737f7a7ea67832d7f17517326fb2491d0a086dd7,dubbo-compatible,org.apache.dubbo.echo.EchoServiceTest.testEcho,OD-Vic,,,
https://github.com/apache/dubbo,737f7a7ea67832d7f17517326fb2491d0a086dd7,dubbo-config/dubbo-config-api,org.apache.dubbo.generic.GenericServiceTest.testGeneric,UD,,,
https://github.com/apache/dubbo,737f7a7ea67832d7f17517326fb2491d0a086dd7,dubbo-compatible,org.apache.dubbo.generic.GenericServiceTest.testGeneric2,UD,,,
https://github.com/apache/dubbo,737f7a7ea67832d7f17517326fb2491d0a086dd7,dubbo-remoting/dubbo-remoting-netty,org.apache.dubbo.remoting.exchange.support.header.HeartbeatHandlerTest.testHeartbeat,UD;TD,,,
https://github.com/apache/dubbo,737f7a7ea67832d7f17517326fb2491d0a086dd7,dubbo-remoting/dubbo-remoting-netty,org.apache.dubbo.remoting.transport.netty.NettyClientTest.testServerClose,UD,,,
https://github.com/apache/dubbo,737f7a7ea67832d7f17517326fb2491d0a086dd7,dubbo-remoting/dubbo-remoting-netty,org.apache.dubbo.remoting.transport.netty.NettyStringTest.testHandler,UD,,,
https://github.com/apache/dubbo,737f7a7ea67832d7f17517326fb2491d0a086dd7,dubbo-remoting/dubbo-remoting-netty,org.apache.dubbo.remoting.transport.netty.ThreadNameTest.testThreadName,NDOD,,,
https://github.com/apache/dubbo,737f7a7ea67832d7f17517326fb2491d0a086dd7,dubbo-remoting/dubbo-remoting-netty4,org.apache.dubbo.remoting.transport.netty4.NettyClientToServerTest.testFuture,UD,,,
https://github.com/apache/dubbo,737f7a7ea67832d7f17517326fb2491d0a086dd7,dubbo-rpc/dubbo-rpc-dubbo,org.apache.dubbo.rpc.protocol.dubbo.DubboLazyConnectTest.testSticky1,NOD,,,
https://github.com/apache/dubbo,737f7a7ea67832d7f17517326fb2491d0a086dd7,dubbo-rpc/dubbo-rpc-dubbo,org.apache.dubbo.rpc.protocol.dubbo.DubboProtocolTest.testDemoProtocol,TD,,,
https://github.com/apache/dubbo,737f7a7ea67832d7f17517326fb2491d0a086dd7,dubbo-rpc/dubbo-rpc-dubbo,org.apache.dubbo.rpc.protocol.dubbo.DubboProtocolTest.testDubboProtocol,OD-Vic,,,
https://github.com/apache/dubbo,737f7a7ea67832d7f17517326fb2491d0a086dd7,dubbo-rpc/dubbo-rpc-dubbo,org.apache.dubbo.rpc.protocol.dubbo.DubboProtocolTest.testNonSerializedParameter,TD,,,
https://github.com/apache/dubbo,737f7a7ea67832d7f17517326fb2491d0a086dd7,dubbo-rpc/dubbo-rpc-dubbo,org.apache.dubbo.rpc.protocol.dubbo.DubboProtocolTest.testPerm,TD,,,
https://github.com/apache/dubbo,737f7a7ea67832d7f17517326fb2491d0a086dd7,dubbo-rpc/dubbo-rpc-dubbo,org.apache.dubbo.rpc.protocol.dubbo.DubboProtocolTest.testReturnNonSerialized,OD-Vic;TD,,,
https://github.com/apache/dubbo,737f7a7ea67832d7f17517326fb2491d0a086dd7,dubbo-rpc/dubbo-rpc-dubbo,org.apache.dubbo.rpc.protocol.dubbo.MultiThreadTest.testDubboMultiThreadInvoke,NOD,,,
https://github.com/apache/dubbo,737f7a7ea67832d7f17517326fb2491d0a086dd7,dubbo-rpc/dubbo-rpc-dubbo,org.apache.dubbo.rpc.protocol.dubbo.ReferenceCountExchangeClientTest.test_multi_destory,OD-Vic,,,
https://github.com/apache/dubbo,737f7a7ea67832d7f17517326fb2491d0a086dd7,dubbo-rpc/dubbo-rpc-dubbo,org.apache.dubbo.rpc.protocol.dubbo.ReferenceCountExchangeClientTest.test_not_share_connect,OD-Vic,,,
https://github.com/apache/dubbo,737f7a7ea67832d7f17517326fb2491d0a086dd7,dubbo-rpc/dubbo-rpc-dubbo,org.apache.dubbo.rpc.protocol.dubbo.ReferenceCountExchangeClientTest.test_share_connect,OD-Vic,,,
https://github.com/apache/dubbo,737f7a7ea67832d7f17517326fb2491d0a086dd7,dubbo-rpc/dubbo-rpc-dubbo,org.apache.dubbo.rpc.protocol.dubbo.RpcFilterTest.testRpcFilter,OD-Vic,,,
https://github.com/apache/flink,23c9b5ac50d04d28a34a87c78eb2d3331c06b74b,flink-libraries/flink-cep,org.apache.flink.cep.operator.CEPOperatorTest.testCEPOperatorComparatorEventTime,ID,,,
https://github.com/apache/flink,23c9b5ac50d04d28a34a87c78eb2d3331c06b74b,flink-table/flink-table-planner,org.apache.flink.table.expressions.SqlExpressionTest.testValueConstructorFunctions,ID,,,
https://github.com/apache/flink,eaffd227d853e0cdef03f1af5016e00f950930a9,flink-table/flink-table-planner,org.apache.flink.table.planner.codegen.runtimefilter.RuntimeFilterCodeGeneratorTest.testNormalFilter,ID,,,
https://github.com/apache/flink,eaffd227d853e0cdef03f1af5016e00f950930a9,flink-table/flink-table-planner,org.apache.flink.table.planner.expressions.ScalarOperatorsTest.testMoreEqualAndNonEqual,ID,,,
https://github.com/apache/flink,eaffd227d853e0cdef03f1af5016e00f950930a9,flink-table/flink-table-planner,org.apache.flink.table.planner.functions.casting.CastRulesTest.castTests,ID,,,
https://github.com/apache/flink,eaffd227d853e0cdef03f1af5016e00f950930a9,flink-table/flink-table-planner,org.apache.flink.table.planner.hint.ClearLookupJoinHintsWithInvalidPropagationShuttleTest.testNoNeedToClearLookupHint,ID,,,
https://github.com/apache/flink,eaffd227d853e0cdef03f1af5016e00f950930a9,flink-table/flink-table-planner,org.apache.flink.table.planner.hint.ClearStateTtlHintsWithInvalidPropagationShuttleTest.testNoNeedToClearStateTtlHintOnJoin,ID,,,
https://github.com/apache/flink,eaffd227d853e0cdef03f1af5016e00f950930a9,flink-table/flink-table-planner,org.apache.flink.table.planner.operations.SqlDmlToOperationConverterTest.testSqlInsertWithDynamicTableOptions,ID,,,
https://github.com/apache/flink,eaffd227d853e0cdef03f1af5016e00f950930a9,flink-table/flink-table-planner,org.apache.flink.table.planner.plan.batch.sql.PartitionableSourceTest.testPartialPartitionFieldPredicatePushDown,ID,,,
https://github.com/apache/flink,eaffd227d853e0cdef03f1af5016e00f950930a9,flink-table/flink-table-planner,org.apache.flink.table.planner.plan.batch.sql.PartitionableSourceTest.testPushDownPartitionAndFiltersContainPartitionKeysWithSingleProjection,ID,,,
https://github.com/apache/flink,eaffd227d853e0cdef03f1af5016e00f950930a9,flink-table/flink-table-planner,org.apache.flink.table.planner.plan.batch.sql.PartitionableSourceTest.testSimplePartitionFieldPredicate1,ID,,,
https://github.com/apache/flink,eaffd227d853e0cdef03f1af5016e00f950930a9,flink-table/flink-table-planner,org.apache.flink.table.planner.plan.batch.sql.PartitionableSourceTest.testWithUdfAndVirtualColumn,ID,,,
https://github.com/apache/flink,eaffd227d853e0cdef03f1af5016e00f950930a9,flink-table/flink-table-planner,org.apache.flink.table.planner.plan.hint.OptionsHintTest.testAppendOptions,ID,,,
https://github.com/apache/flink,eaffd227d853e0cdef03f1af5016e00f950930a9,flink-table/flink-table-planner,org.apache.flink.table.planner.plan.hint.OptionsHintTest.testInsertWithDynamicOptions,ID,,,
https://github.com/apache/flink,eaffd227d853e0cdef03f1af5016e00f950930a9,flink-table/flink-table-planner,org.apache.flink.table.planner.plan.hint.OptionsHintTest.testJoinWithAppendedOptions,ID,,,
https://github.com/apache/flink,eaffd227d853e0cdef03f1af5016e00f950930a9,flink-table/flink-table-planner,org.apache.flink.table.planner.plan.hint.OptionsHintTest.testOptionsHintInsideView,ID,,,
https://github.com/apache/flink,eaffd227d853e0cdef03f1af5016e00f950930a9,flink-table/flink-table-planner,org.apache.flink.table.planner.plan.hint.OptionsHintTest.testOverrideOptions,ID,,,
https://github.com/apache/flink,eaffd227d853e0cdef03f1af5016e00f950930a9,flink-table/flink-table-planner,org.apache.flink.table.planner.plan.hints.stream.StateTtlHintTest.testDuplicateJoinStateTtlHint,ID,,,
https://github.com/apache/flink,eaffd227d853e0cdef03f1af5016e00f950930a9,flink-table/flink-table-planner,org.apache.flink.table.planner.plan.hints.stream.StateTtlHintTest.testJoinStateTtlHintWithAgg,ID,,,
https://github.com/apache/flink,eaffd227d853e0cdef03f1af5016e00f950930a9,flink-table/flink-table-planner,org.apache.flink.table.planner.plan.hints.stream.StateTtlHintTest.testJoinStateTtlHintWithCascadeJoin,ID,,,
https://github.com/apache/flink,eaffd227d853e0cdef03f1af5016e00f950930a9,flink-table/flink-table-planner,org.apache.flink.table.planner.plan.hints.stream.StateTtlHintTest.testJoinStateTtlHintWithView,ID,,,
https://github.com/apache/flink,eaffd227d853e0cdef03f1af5016e00f950930a9,flink-table/flink-table-planner,org.apache.flink.table.planner.plan.hints.stream.StateTtlHintTest.testSimpleJoinStateTtlHintWithEachSide,ID,,,
https://github.com/apache/flink,eaffd227d853e0cdef03f1af5016e00f950930a9,flink-table/flink-table-planner,org.apache.flink.table.planner.plan.rules.logical.PushPartitionIntoTableSourceScanRuleTest.testOnlyPartitionFieldPredicate1,ID,,,
https://github.com/apache/flink,eaffd227d853e0cdef03f1af5016e00f950930a9,flink-table/flink-table-planner,org.apache.flink.table.planner.plan.rules.logical.PushPartitionIntoTableSourceScanRuleTest.testOnlyPartitionFieldPredicate1WithVirtualColumn,ID,,,
https://github.com/apache/flink,eaffd227d853e0cdef03f1af5016e00f950930a9,flink-table/flink-table-planner,org.apache.flink.table.planner.plan.rules.logical.PushPartitionIntoTableSourceScanRuleTest.testOnlyPartitionFieldPredicate2,ID,,,
https://github.com/apache/flink,eaffd227d853e0cdef03f1af5016e00f950930a9,flink-table/flink-table-planner,org.apache.flink.table.planner.plan.rules.logical.PushPartitionIntoTableSourceScanRuleTest.testOnlyPartitionFieldPredicate2WithVirtualColumn,ID,,,
https://github.com/apache/flink,eaffd227d853e0cdef03f1af5016e00f950930a9,flink-table/flink-table-planner,org.apache.flink.table.planner.plan.rules.logical.PushPartitionIntoTableSourceScanRuleTest.testOnlyPartitionFieldPredicate3WithVirtualColumn,ID,,,
https://github.com/apache/flink,eaffd227d853e0cdef03f1af5016e00f950930a9,flink-table/flink-table-planner,org.apache.flink.table.planner.plan.rules.logical.PushPartitionIntoTableSourceScanRuleTest.testOnlyPartitionFieldPredicate4,ID,,,
https://github.com/apache/flink,eaffd227d853e0cdef03f1af5016e00f950930a9,flink-table/flink-table-planner,org.apache.flink.table.planner.plan.rules.logical.PushPartitionIntoTableSourceScanRuleTest.testOnlyPartitionFieldPredicate4WithVirtualColumn,ID,,,
https://github.com/apache/flink,eaffd227d853e0cdef03f1af5016e00f950930a9,flink-table/flink-table-planner,org.apache.flink.table.planner.plan.rules.logical.PushPartitionIntoTableSourceScanRuleTest.testPartialPartitionFieldPredicatePushDown,ID,,,
https://github.com/apache/flink,eaffd227d853e0cdef03f1af5016e00f950930a9,flink-table/flink-table-planner,org.apache.flink.table.planner.plan.rules.logical.PushPartitionIntoTableSourceScanRuleTest.testPartialPartitionFieldPredicatePushDownWithVirtualColumn,ID,,,
https://github.com/apache/flink,eaffd227d853e0cdef03f1af5016e00f950930a9,flink-table/flink-table-planner,org.apache.flink.table.planner.plan.rules.logical.PushPartitionIntoTableSourceScanRuleTest.testPartitionFieldPredicateAndOtherPredicate,ID,,,
https://github.com/apache/flink,eaffd227d853e0cdef03f1af5016e00f950930a9,flink-table/flink-table-planner,org.apache.flink.table.planner.plan.rules.logical.PushPartitionIntoTableSourceScanRuleTest.testUnconvertedExpression,ID,,,
https://github.com/apache/flink,eaffd227d853e0cdef03f1af5016e00f950930a9,flink-table/flink-table-planner,org.apache.flink.table.planner.plan.rules.logical.PushPartitionIntoTableSourceScanRuleTest.testWithUdf,ID,,,
https://github.com/apache/flink,eaffd227d853e0cdef03f1af5016e00f950930a9,flink-table/flink-table-planner,org.apache.flink.table.planner.plan.rules.logical.PushPartitionIntoTableSourceScanRuleTest.testWithUdfAndVirtualColumn,ID,,,
https://github.com/apache/flink,eaffd227d853e0cdef03f1af5016e00f950930a9,flink-table/flink-table-planner,org.apache.flink.table.planner.plan.rules.logical.PushWatermarkIntoTableSourceScanRuleTest.testWatermarkAlignmentWithHint,ID,,,
https://github.com/apache/flink,eaffd227d853e0cdef03f1af5016e00f950930a9,flink-table/flink-table-planner,org.apache.flink.table.planner.plan.stream.sql.join.LookupJoinTest.testJoinAsyncTableWithAsyncHint,ID,,,
https://github.com/apache/flink,eaffd227d853e0cdef03f1af5016e00f950930a9,flink-table/flink-table-planner,org.apache.flink.table.planner.plan.stream.sql.join.LookupJoinTest.testJoinAsyncTableWithSyncHint,ID,,,
https://github.com/apache/flink,eaffd227d853e0cdef03f1af5016e00f950930a9,flink-table/flink-table-planner,org.apache.flink.table.planner.plan.stream.sql.join.LookupJoinTest.testJoinHintWithNoPropagatingToSubQuery,ID,,,
https://github.com/apache/flink,eaffd227d853e0cdef03f1af5016e00f950930a9,flink-table/flink-table-planner,org.apache.flink.table.planner.plan.stream.sql.join.LookupJoinTest.testJoinHintWithTableAlias,ID,,,
https://github.com/apache/flink,eaffd227d853e0cdef03f1af5016e00f950930a9,flink-table/flink-table-planner,org.apache.flink.table.planner.plan.stream.sql.join.LookupJoinTest.testJoinSyncTableWithAsyncHint,ID,,,
https://github.com/apache/flink,eaffd227d853e0cdef03f1af5016e00f950930a9,flink-table/flink-table-planner,org.apache.flink.table.planner.plan.stream.sql.join.LookupJoinTest.testJoinWithAsyncAndRetryHint,ID,,,
https://github.com/apache/flink,eaffd227d853e0cdef03f1af5016e00f950930a9,flink-table/flink-table-planner,org.apache.flink.table.planner.plan.stream.sql.join.LookupJoinTest.testJoinWithAsyncHint,ID,,,
https://github.com/apache/flink,eaffd227d853e0cdef03f1af5016e00f950930a9,flink-table/flink-table-planner,org.apache.flink.table.planner.plan.stream.sql.join.LookupJoinTest.testJoinWithMixedCaseJoinHint,ID,,,
https://github.com/apache/flink,eaffd227d853e0cdef03f1af5016e00f950930a9,flink-table/flink-table-planner,org.apache.flink.table.planner.plan.stream.sql.join.LookupJoinTest.testJoinWithRetryHint,ID,,,
https://github.com/apache/flink,eaffd227d853e0cdef03f1af5016e00f950930a9,flink-table/flink-table-planner,org.apache.flink.table.planner.plan.stream.sql.join.LookupJoinTest.testMultipleJoinHintsWithDifferentTableAlias,ID,,,
https://github.com/apache/flink,eaffd227d853e0cdef03f1af5016e00f950930a9,flink-table/flink-table-planner,org.apache.flink.table.planner.plan.stream.sql.join.LookupJoinTest.testMultipleJoinHintsWithDifferentTableName,ID,,,
https://github.com/apache/flink,eaffd227d853e0cdef03f1af5016e00f950930a9,flink-table/flink-table-planner,org.apache.flink.table.planner.plan.stream.sql.join.LookupJoinTest.testMultipleJoinHintsWithSameTableAlias,ID,,,
https://github.com/apache/flink,eaffd227d853e0cdef03f1af5016e00f950930a9,flink-table/flink-table-planner,org.apache.flink.table.planner.plan.stream.sql.join.LookupJoinTest.testMultipleJoinHintsWithSameTableName,ID,,,
https://github.com/apache/flink,eaffd227d853e0cdef03f1af5016e00f950930a9,flink-table/flink-table-planner,org.apache.flink.table.planner.plan.stream.sql.PartitionableSourceTest.testPushDownPartitionAndFiltersContainPartitionKeys,ID,,,
https://github.com/apache/flink,eaffd227d853e0cdef03f1af5016e00f950930a9,flink-table/flink-table-planner,org.apache.flink.table.planner.plan.stream.sql.PartitionableSourceTest.testSimplePartitionFieldPredicate1,ID,,,
https://github.com/apache/flink,eaffd227d853e0cdef03f1af5016e00f950930a9,flink-table/flink-table-planner,org.apache.flink.table.planner.plan.stream.sql.PartitionableSourceTest.testUnconvertedExpression,ID,,,
https://github.com/apache/flink,eaffd227d853e0cdef03f1af5016e00f950930a9,flink-table/flink-table-planner,org.apache.flink.table.planner.plan.stream.sql.RankTest.testNestedTopN,ID,,,
https://github.com/apache/flink,eaffd227d853e0cdef03f1af5016e00f950930a9,flink-table/flink-table-planner,org.apache.flink.table.planner.plan.stream.sql.UnnestTest.testUnnestWithInvalidLookupJoinHint,ID,,,
https://github.com/apache/flink,eaffd227d853e0cdef03f1af5016e00f950930a9,flink-table/flink-table-planner,org.apache.flink.table.planner.utils.InternalConfigOptionsTest.testTranslateExecNodeGraphWithInternalTemporalConf,ID,,,
https://github.com/apache/flink,23c9b5ac50d04d28a34a87c78eb2d3331c06b74b,flink-table/flink-table-planner,org.apache.flink.table.runtime.harness.AggFunctionHarnessTest.testCollectAggregate,ID,,,
https://github.com/apache/flink,23c9b5ac50d04d28a34a87c78eb2d3331c06b74b,flink-table/flink-table-runtime-blink,org.apache.flink.table.runtime.operators.join.RowTimeBoundedStreamJoinTest.testRowTimeLeftOuterJoin,ID,,,https://github.com/TestingResearchIllinois/idoft/issues/20
https://github.com/apache/flink,23c9b5ac50d04d28a34a87c78eb2d3331c06b74b,flink-tests,org.apache.flink.test.misc.GenericTypeInfoTest.testSerializerTree,ID,,,
https://github.com/apache/hadoop,a585a73c3e02ac62350c136643a5e7f6095a3dbb,hadoop-common-project/hadoop-kms,org.apache.hadoop.crypto.key.kms.server.TestKMS.testStartStopHttpPseudo,OD,,,
https://github.com/apache/hadoop,a585a73c3e02ac62350c136643a5e7f6095a3dbb,hadoop-common-project/hadoop-kms,org.apache.hadoop.crypto.key.kms.server.TestKMSAudit.testAggregationUnauth,OD,,,
https://github.com/apache/hadoop,a585a73c3e02ac62350c136643a5e7f6095a3dbb,hadoop-hdfs-project/hadoop-hdfs-httpfs,org.apache.hadoop.fs.http.server.TestHttpFSAccessControlled.testAcessControlledFS,OD,,,
https://github.com/apache/hadoop,cc2babc1f75c93bf89a8f10da525f944c15d02ea,hadoop-hdfs-project/hadoop-hdfs-httpfs,org.apache.hadoop.fs.http.server.TestHttpFSServer.instrumentation,OD,,,
https://github.com/apache/hadoop,a585a73c3e02ac62350c136643a5e7f6095a3dbb,hadoop-hdfs-project/hadoop-hdfs-httpfs,org.apache.hadoop.fs.http.server.TestHttpFSServer.testAccess,OD,,,
https://github.com/apache/hadoop,cc2babc1f75c93bf89a8f10da525f944c15d02ea,hadoop-hdfs-project/hadoop-hdfs-httpfs,org.apache.hadoop.fs.http.server.TestHttpFSServer.testAllowSnapshot,NOD,,,
https://github.com/apache/hadoop,a585a73c3e02ac62350c136643a5e7f6095a3dbb,hadoop-hdfs-project/hadoop-hdfs-httpfs,org.apache.hadoop.fs.http.server.TestHttpFSServer.testContentType,OD,,,
https://github.com/apache/hadoop,cc2babc1f75c93bf89a8f10da525f944c15d02ea,hadoop-hdfs-project/hadoop-hdfs-httpfs,org.apache.hadoop.fs.http.server.TestHttpFSServer.testCreateFileWithUnmaskedPermissions,OD,,,
https://github.com/apache/hadoop,cc2babc1f75c93bf89a8f10da525f944c15d02ea,hadoop-hdfs-project/hadoop-hdfs-httpfs,org.apache.hadoop.fs.http.server.TestHttpFSServer.testCreateSnapshot,NIO;NOD,,,https://github.com/TestingResearchIllinois/idoft/issues/407
https://github.com/apache/hadoop,cc2babc1f75c93bf89a8f10da525f944c15d02ea,hadoop-hdfs-project/hadoop-hdfs-httpfs,org.apache.hadoop.fs.http.server.TestHttpFSServer.testCreateSnapshotNoSnapshotName,OD,,,
https://github.com/apache/hadoop,a585a73c3e02ac62350c136643a5e7f6095a3dbb,hadoop-hdfs-project/hadoop-hdfs-httpfs,org.apache.hadoop.fs.http.server.TestHttpFSServer.testCustomizedUserAndGroupNames,OD,,,
https://github.com/apache/hadoop,cc2babc1f75c93bf89a8f10da525f944c15d02ea,hadoop-hdfs-project/hadoop-hdfs-httpfs,org.apache.hadoop.fs.http.server.TestHttpFSServer.testDelegationTokenOperations,OD,,,
https://github.com/apache/hadoop,cc2babc1f75c93bf89a8f10da525f944c15d02ea,hadoop-hdfs-project/hadoop-hdfs-httpfs,org.apache.hadoop.fs.http.server.TestHttpFSServer.testDelegationTokenOperationsSsl,NOD,,,
https://github.com/apache/hadoop,cc2babc1f75c93bf89a8f10da525f944c15d02ea,hadoop-hdfs-project/hadoop-hdfs-httpfs,org.apache.hadoop.fs.http.server.TestHttpFSServer.testDeleteSnapshot,OD,,,
https://github.com/apache/hadoop,cc2babc1f75c93bf89a8f10da525f944c15d02ea,hadoop-hdfs-project/hadoop-hdfs-httpfs,org.apache.hadoop.fs.http.server.TestHttpFSServer.testDirAcls,NOD,,,
https://github.com/apache/hadoop,cc2babc1f75c93bf89a8f10da525f944c15d02ea,hadoop-hdfs-project/hadoop-hdfs-httpfs,org.apache.hadoop.fs.http.server.TestHttpFSServer.testDisallowSnapshot,NOD,,,
https://github.com/apache/hadoop,cc2babc1f75c93bf89a8f10da525f944c15d02ea,hadoop-hdfs-project/hadoop-hdfs-httpfs,org.apache.hadoop.fs.http.server.TestHttpFSServer.testDisallowSnapshotException,NOD,,,
https://github.com/apache/hadoop,a585a73c3e02ac62350c136643a5e7f6095a3dbb,hadoop-hdfs-project/hadoop-hdfs-httpfs,org.apache.hadoop.fs.http.server.TestHttpFSServer.testECPolicy,OD,,,
https://github.com/apache/hadoop,a585a73c3e02ac62350c136643a5e7f6095a3dbb,hadoop-hdfs-project/hadoop-hdfs-httpfs,org.apache.hadoop.fs.http.server.TestHttpFSServer.testErasureCodingPolicy,OD,,,
https://github.com/apache/hadoop,cc2babc1f75c93bf89a8f10da525f944c15d02ea,hadoop-hdfs-project/hadoop-hdfs-httpfs,org.apache.hadoop.fs.http.server.TestHttpFSServer.testFileAcls,OD,,,
https://github.com/apache/hadoop,a585a73c3e02ac62350c136643a5e7f6095a3dbb,hadoop-hdfs-project/hadoop-hdfs-httpfs,org.apache.hadoop.fs.http.server.TestHttpFSServer.testGetServerDefaults,OD,,,
https://github.com/apache/hadoop,cc2babc1f75c93bf89a8f10da525f944c15d02ea,hadoop-hdfs-project/hadoop-hdfs-httpfs,org.apache.hadoop.fs.http.server.TestHttpFSServer.testGetSnapshotDiff,OD,,,
https://github.com/apache/hadoop,cc2babc1f75c93bf89a8f10da525f944c15d02ea,hadoop-hdfs-project/hadoop-hdfs-httpfs,org.apache.hadoop.fs.http.server.TestHttpFSServer.testGetSnapshotDiffIllegalParam,NOD,,,
https://github.com/apache/hadoop,a585a73c3e02ac62350c136643a5e7f6095a3dbb,hadoop-hdfs-project/hadoop-hdfs-httpfs,org.apache.hadoop.fs.http.server.TestHttpFSServer.testGetSnapshottableDirectoryList,OD,,,
https://github.com/apache/hadoop,cc2babc1f75c93bf89a8f10da525f944c15d02ea,hadoop-hdfs-project/hadoop-hdfs-httpfs,org.apache.hadoop.fs.http.server.TestHttpFSServer.testGetTrashRoot,OD,,,
https://github.com/apache/hadoop,a585a73c3e02ac62350c136643a5e7f6095a3dbb,hadoop-hdfs-project/hadoop-hdfs-httpfs,org.apache.hadoop.fs.http.server.TestHttpFSServer.testGlobFilter,OD,,,
https://github.com/apache/hadoop,a585a73c3e02ac62350c136643a5e7f6095a3dbb,hadoop-hdfs-project/hadoop-hdfs-httpfs,org.apache.hadoop.fs.http.server.TestHttpFSServer.testHdfsAccess,OD,,,
https://github.com/apache/hadoop,a585a73c3e02ac62350c136643a5e7f6095a3dbb,hadoop-hdfs-project/hadoop-hdfs-httpfs,org.apache.hadoop.fs.http.server.TestHttpFSServer.testMkdirs,OD,,,
https://github.com/apache/hadoop,cc2babc1f75c93bf89a8f10da525f944c15d02ea,hadoop-hdfs-project/hadoop-hdfs-httpfs,org.apache.hadoop.fs.http.server.TestHttpFSServer.testMkdirWithUnmaskedPermissions,OD,,,
https://github.com/apache/hadoop,a585a73c3e02ac62350c136643a5e7f6095a3dbb,hadoop-hdfs-project/hadoop-hdfs-httpfs,org.apache.hadoop.fs.http.server.TestHttpFSServer.testNoRedirect,OD,,,
https://github.com/apache/hadoop,a585a73c3e02ac62350c136643a5e7f6095a3dbb,hadoop-hdfs-project/hadoop-hdfs-httpfs,org.apache.hadoop.fs.http.server.TestHttpFSServer.testNoRedirectWithData,OD,,,
https://github.com/apache/hadoop,cc2babc1f75c93bf89a8f10da525f944c15d02ea,hadoop-hdfs-project/hadoop-hdfs-httpfs,org.apache.hadoop.fs.http.server.TestHttpFSServer.testOpenOffsetLength,OD,,,
https://github.com/apache/hadoop,cc2babc1f75c93bf89a8f10da525f944c15d02ea,hadoop-hdfs-project/hadoop-hdfs-httpfs,org.apache.hadoop.fs.http.server.TestHttpFSServer.testPerms,OD,,,
https://github.com/apache/hadoop,a585a73c3e02ac62350c136643a5e7f6095a3dbb,hadoop-hdfs-project/hadoop-hdfs-httpfs,org.apache.hadoop.fs.http.server.TestHttpFSServer.testPutNoOperation,OD,,,
https://github.com/apache/hadoop,cc2babc1f75c93bf89a8f10da525f944c15d02ea,hadoop-hdfs-project/hadoop-hdfs-httpfs,org.apache.hadoop.fs.http.server.TestHttpFSServer.testRenameSnapshot,NIO;OD,,,https://github.com/TestingResearchIllinois/idoft/issues/408
https://github.com/apache/hadoop,a585a73c3e02ac62350c136643a5e7f6095a3dbb,hadoop-hdfs-project/hadoop-hdfs-httpfs,org.apache.hadoop.fs.http.server.TestHttpFSServer.testStoragePolicySatisfier,OD,,,
https://github.com/apache/hadoop,cc2babc1f75c93bf89a8f10da525f944c15d02ea,hadoop-hdfs-project/hadoop-hdfs-httpfs,org.apache.hadoop.fs.http.server.TestHttpFSServer.testXAttrs,OD,,,
https://github.com/apache/hadoop,cc2babc1f75c93bf89a8f10da525f944c15d02ea,hadoop-hdfs-project/hadoop-hdfs-httpfs,org.apache.hadoop.fs.http.server.TestHttpFSServerNoACLs.testWithNoAcls,OD,,,
https://github.com/apache/hadoop,cc2babc1f75c93bf89a8f10da525f944c15d02ea,hadoop-hdfs-project/hadoop-hdfs-httpfs,org.apache.hadoop.fs.http.server.TestHttpFSServerNoXAttrs.testWithXAttrs,OD,,,
https://github.com/apache/hadoop,a585a73c3e02ac62350c136643a5e7f6095a3dbb,hadoop-hdfs-project/hadoop-hdfs-client,org.apache.hadoop.hdfs.client.impl.TestLeaseRenewer.testDaemonThreadLeak,OD,,,
https://github.com/apache/hadoop,a585a73c3e02ac62350c136643a5e7f6095a3dbb,hadoop-hdfs-project/hadoop-hdfs-nfs,org.apache.hadoop.hdfs.nfs.nfs3.TestReaddir.testReaddirBasic,OD,,,
https://github.com/apache/hadoop,a585a73c3e02ac62350c136643a5e7f6095a3dbb,hadoop-hdfs-project/hadoop-hdfs-nfs,org.apache.hadoop.hdfs.nfs.nfs3.TestReaddir.testReaddirPlus,OD,,,
https://github.com/apache/hadoop,cc2babc1f75c93bf89a8f10da525f944c15d02ea,hadoop-hdfs-project/hadoop-hdfs-nfs,org.apache.hadoop.hdfs.nfs.nfs3.TestViewfsWithNfs3.testNfsAccessNN1,OD-Vic,,,
https://github.com/apache/hadoop,cc2babc1f75c93bf89a8f10da525f944c15d02ea,hadoop-hdfs-project/hadoop-hdfs-nfs,org.apache.hadoop.hdfs.nfs.nfs3.TestViewfsWithNfs3.testNfsAccessNN2,OD-Vic,,,
https://github.com/apache/hadoop,cc2babc1f75c93bf89a8f10da525f944c15d02ea,hadoop-hdfs-project/hadoop-hdfs-nfs,org.apache.hadoop.hdfs.nfs.nfs3.TestViewfsWithNfs3.testNfsWriteNN1,OD-Vic,,,
https://github.com/apache/hadoop,cc2babc1f75c93bf89a8f10da525f944c15d02ea,hadoop-hdfs-project/hadoop-hdfs-nfs,org.apache.hadoop.hdfs.nfs.nfs3.TestViewfsWithNfs3.testNfsWriteNN2,OD-Vic,,,
https://github.com/apache/hadoop,cc2babc1f75c93bf89a8f10da525f944c15d02ea,hadoop-hdfs-project/hadoop-hdfs-nfs,org.apache.hadoop.hdfs.nfs.nfs3.TestViewfsWithNfs3.testWrongNfsAccess,OD-Vic,,,
https://github.com/apache/hadoop,cc2babc1f75c93bf89a8f10da525f944c15d02ea,hadoop-hdfs-project/hadoop-hdfs-nfs,org.apache.hadoop.hdfs.nfs.nfs3.TestWrites.testOOOWrites,OD-Vic,,,
https://github.com/apache/hadoop,cc2babc1f75c93bf89a8f10da525f944c15d02ea,hadoop-hdfs-project/hadoop-hdfs-nfs,org.apache.hadoop.hdfs.nfs.nfs3.TestWrites.testOverlappingWrites,OD-Vic,,,
https://github.com/apache/hadoop,cc2babc1f75c93bf89a8f10da525f944c15d02ea,hadoop-hdfs-project/hadoop-hdfs-nfs,org.apache.hadoop.hdfs.nfs.nfs3.TestWrites.testWriteStableHow,OD-Vic,,,
https://github.com/apache/hadoop,a585a73c3e02ac62350c136643a5e7f6095a3dbb,hadoop-hdfs-project/hadoop-hdfs-client,org.apache.hadoop.hdfs.web.TestURLConnectionFactory.testSSLFactoryCleanup,OD,,,
https://github.com/apache/hadoop,cc2babc1f75c93bf89a8f10da525f944c15d02ea,hadoop-hdfs-project/hadoop-hdfs-httpfs,org.apache.hadoop.lib.service.hadoop.TestFileSystemAccessService.createFileSystem,OD,,,
https://github.com/apache/hadoop,cc2babc1f75c93bf89a8f10da525f944c15d02ea,hadoop-hdfs-project/hadoop-hdfs-httpfs,org.apache.hadoop.lib.service.hadoop.TestFileSystemAccessService.fileSystemCache,NOD,,,
https://github.com/apache/hadoop,cc2babc1f75c93bf89a8f10da525f944c15d02ea,hadoop-hdfs-project/hadoop-hdfs-httpfs,org.apache.hadoop.lib.service.hadoop.TestFileSystemAccessService.fileSystemExecutor,NOD,,,
https://github.com/apache/hadoop,a585a73c3e02ac62350c136643a5e7f6095a3dbb,hadoop-hdfs-project/hadoop-hdfs-httpfs,org.apache.hadoop.lib.service.hadoop.TestFileSystemAccessService.fileSystemExecutorException,OD,,,
https://github.com/apache/hadoop,a585a73c3e02ac62350c136643a5e7f6095a3dbb,hadoop-hdfs-project/hadoop-hdfs-httpfs,org.apache.hadoop.lib.service.hadoop.TestFileSystemAccessService.fileSystemExecutorNoNameNode,OD,,,
https://github.com/apache/hadoop,cc2babc1f75c93bf89a8f10da525f944c15d02ea,hadoop-hdfs-project/hadoop-hdfs-httpfs,org.apache.hadoop.lib.servlet.TestServerWebApp.getHomeDirNotDef,NOD,,,
https://github.com/apache/hadoop,a585a73c3e02ac62350c136643a5e7f6095a3dbb,hadoop-tools/hadoop-gridmix,org.apache.hadoop.mapred.gridmix.TestGridMixClasses.testLoadJobLoadRecordReader,OD,,,
https://github.com/apache/hadoop,a585a73c3e02ac62350c136643a5e7f6095a3dbb,hadoop-mapreduce-project/hadoop-mapreduce-client/hadoop-mapreduce-client-nativetask,org.apache.hadoop.mapred.nativetask.buffer.TestBufferPushPull.testPull,OD,,,
https://github.com/apache/hadoop,a585a73c3e02ac62350c136643a5e7f6095a3dbb,hadoop-mapreduce-project/hadoop-mapreduce-client/hadoop-mapreduce-client-nativetask,org.apache.hadoop.mapred.nativetask.serde.TestKVSerializer.testDeserializer,OD,,,
https://github.com/apache/hadoop,a585a73c3e02ac62350c136643a5e7f6095a3dbb,hadoop-mapreduce-project/hadoop-mapreduce-client/hadoop-mapreduce-client-nativetask,org.apache.hadoop.mapred.nativetask.serde.TestKVSerializer.testSerializeKV,OD,,,
https://github.com/apache/hadoop,a585a73c3e02ac62350c136643a5e7f6095a3dbb,hadoop-mapreduce-project/hadoop-mapreduce-client/hadoop-mapreduce-client-nativetask,org.apache.hadoop.mapred.nativetask.serde.TestKVSerializer.testSerializeNoFlush,OD,,,
https://github.com/apache/hadoop,a585a73c3e02ac62350c136643a5e7f6095a3dbb,hadoop-mapreduce-project/hadoop-mapreduce-client/hadoop-mapreduce-client-nativetask,org.apache.hadoop.mapred.nativetask.serde.TestKVSerializer.testSerializePartitionKV,OD,,,
https://github.com/apache/hadoop,a585a73c3e02ac62350c136643a5e7f6095a3dbb,hadoop-mapreduce-project/hadoop-mapreduce-client/hadoop-mapreduce-client-nativetask,org.apache.hadoop.mapred.nativetask.serde.TestKVSerializer.testUpdateLength,OD,,,
https://github.com/apache/hadoop,cc2babc1f75c93bf89a8f10da525f944c15d02ea,hadoop-mapreduce-project/hadoop-mapreduce-client/hadoop-mapreduce-client-jobclient,org.apache.hadoop.mapred.TestClusterMRNotification.testMR,NIO,,,https://github.com/TestingResearchIllinois/idoft/issues/409
https://github.com/apache/hadoop,a585a73c3e02ac62350c136643a5e7f6095a3dbb,hadoop-mapreduce-project/hadoop-mapreduce-client/hadoop-mapreduce-client-core,org.apache.hadoop.mapred.TestIndexCache.testBadIndex,OD,,,
https://github.com/apache/hadoop,a585a73c3e02ac62350c136643a5e7f6095a3dbb,hadoop-mapreduce-project/hadoop-mapreduce-client/hadoop-mapreduce-client-core,org.apache.hadoop.mapred.TestIndexCache.testCreateRace,OD,,,
https://github.com/apache/hadoop,a585a73c3e02ac62350c136643a5e7f6095a3dbb,hadoop-mapreduce-project/hadoop-mapreduce-client/hadoop-mapreduce-client-core,org.apache.hadoop.mapred.TestIndexCache.testInvalidReduceNumberOrLength,OD,,,
https://github.com/apache/hadoop,a585a73c3e02ac62350c136643a5e7f6095a3dbb,hadoop-mapreduce-project/hadoop-mapreduce-client/hadoop-mapreduce-client-core,org.apache.hadoop.mapred.TestIndexCache.testLRCPolicy,OD,,,
https://github.com/apache/hadoop,a585a73c3e02ac62350c136643a5e7f6095a3dbb,hadoop-mapreduce-project/hadoop-mapreduce-client/hadoop-mapreduce-client-core,org.apache.hadoop.mapred.TestIndexCache.testRemoveMap,OD,,,
https://github.com/apache/hadoop,cc2babc1f75c93bf89a8f10da525f944c15d02ea,hadoop-mapreduce-project/hadoop-mapreduce-client/hadoop-mapreduce-client-core,org.apache.hadoop.mapred.TestJobEndNotifier.testNotificationTimeout,NOD,,,
https://github.com/apache/hadoop,a585a73c3e02ac62350c136643a5e7f6095a3dbb,hadoop-mapreduce-project/hadoop-mapreduce-client/hadoop-mapreduce-client-core,org.apache.hadoop.mapred.TestLineRecordReader.testUncompressedInput,OD,,,
https://github.com/apache/hadoop,a585a73c3e02ac62350c136643a5e7f6095a3dbb,hadoop-mapreduce-project/hadoop-mapreduce-client/hadoop-mapreduce-client-core,org.apache.hadoop.mapred.TestLineRecordReader.testUncompressedInputContainingCRLF,OD,,,
https://github.com/apache/hadoop,a585a73c3e02ac62350c136643a5e7f6095a3dbb,hadoop-mapreduce-project/hadoop-mapreduce-client/hadoop-mapreduce-client-core,org.apache.hadoop.mapred.TestLineRecordReader.testUncompressedInputCustomDelimiterPosValue,OD,,,
https://github.com/apache/hadoop,a585a73c3e02ac62350c136643a5e7f6095a3dbb,hadoop-mapreduce-project/hadoop-mapreduce-client/hadoop-mapreduce-client-core,org.apache.hadoop.mapred.TestLineRecordReader.testUncompressedInputDefaultDelimiterPosValue,OD,,,
https://github.com/apache/hadoop,a585a73c3e02ac62350c136643a5e7f6095a3dbb,hadoop-mapreduce-project/hadoop-mapreduce-client/hadoop-mapreduce-client-core,org.apache.hadoop.mapred.TestLineRecordReader.testUncompressedInputWithLargeSplitSize,OD,,,
https://github.com/apache/hadoop,4c04a6768c0cb3d5081cfa5d84ffb389d92f5805,hadoop-mapreduce-project/hadoop-mapreduce-client/hadoop-mapreduce-client-jobclient,org.apache.hadoop.mapred.TestLocalMRNotification.testMR,NOD,,,
https://github.com/apache/hadoop,a585a73c3e02ac62350c136643a5e7f6095a3dbb,hadoop-mapreduce-project/hadoop-mapreduce-client/hadoop-mapreduce-client-core,org.apache.hadoop.mapred.TestLocatedFileStatusFetcher.testExecutorsShutDown,OD,,,
https://github.com/apache/hadoop,cc2babc1f75c93bf89a8f10da525f944c15d02ea,hadoop-mapreduce-project/hadoop-mapreduce-client/hadoop-mapreduce-client-core,org.apache.hadoop.mapred.TestMapTask.testShufflePermissions,NIO,,,https://github.com/TestingResearchIllinois/idoft/issues/411
https://github.com/apache/hadoop,cc2babc1f75c93bf89a8f10da525f944c15d02ea,hadoop-mapreduce-project/hadoop-mapreduce-client/hadoop-mapreduce-client-jobclient,org.apache.hadoop.mapred.TestOldCombinerGrouping.testCombiner,NIO,,,https://github.com/TestingResearchIllinois/idoft/issues/411
https://github.com/apache/hadoop,a585a73c3e02ac62350c136643a5e7f6095a3dbb,hadoop-mapreduce-project/hadoop-mapreduce-client/hadoop-mapreduce-client-shuffle,org.apache.hadoop.mapred.TestShuffleHandler.testSendMapCount,OD,,,
https://github.com/apache/hadoop,a585a73c3e02ac62350c136643a5e7f6095a3dbb,hadoop-mapreduce-project/hadoop-mapreduce-client/hadoop-mapreduce-client-core,org.apache.hadoop.mapred.TestTaskLog.testTaskLog,OD,,,
https://github.com/apache/hadoop,a585a73c3e02ac62350c136643a5e7f6095a3dbb,hadoop-mapreduce-project/hadoop-mapreduce-client/hadoop-mapreduce-client-core,org.apache.hadoop.mapred.TestTaskProgressReporter.testBytesWrittenExceedingLimit,OD,,,
https://github.com/apache/hadoop,a585a73c3e02ac62350c136643a5e7f6095a3dbb,hadoop-mapreduce-project/hadoop-mapreduce-client/hadoop-mapreduce-client-core,org.apache.hadoop.mapred.TestTaskProgressReporter.testScratchDirSize,OD,,,
https://github.com/apache/hadoop,a585a73c3e02ac62350c136643a5e7f6095a3dbb,hadoop-mapreduce-project/hadoop-mapreduce-client/hadoop-mapreduce-client-app,org.apache.hadoop.mapreduce.jobhistory.TestJobHistoryEventHandler.testAMStartedEvent,OD,,,
https://github.com/apache/hadoop,a585a73c3e02ac62350c136643a5e7f6095a3dbb,hadoop-mapreduce-project/hadoop-mapreduce-client/hadoop-mapreduce-client-app,org.apache.hadoop.mapreduce.jobhistory.TestJobHistoryEventHandler.testBatchedFlushJobEndMultiplier,OD,,,
https://github.com/apache/hadoop,a585a73c3e02ac62350c136643a5e7f6095a3dbb,hadoop-mapreduce-project/hadoop-mapreduce-client/hadoop-mapreduce-client-app,org.apache.hadoop.mapreduce.jobhistory.TestJobHistoryEventHandler.testCountersToJSON,OD,,,
https://github.com/apache/hadoop,a585a73c3e02ac62350c136643a5e7f6095a3dbb,hadoop-mapreduce-project/hadoop-mapreduce-client/hadoop-mapreduce-client-app,org.apache.hadoop.mapreduce.jobhistory.TestJobHistoryEventHandler.testCountersToJSONEmpty,OD,,,
https://github.com/apache/hadoop,a585a73c3e02ac62350c136643a5e7f6095a3dbb,hadoop-mapreduce-project/hadoop-mapreduce-client/hadoop-mapreduce-client-app,org.apache.hadoop.mapreduce.jobhistory.TestJobHistoryEventHandler.testDontSetTrackingURLIfHistoryWriteFailed,OD,,,
https://github.com/apache/hadoop,a585a73c3e02ac62350c136643a5e7f6095a3dbb,hadoop-mapreduce-project/hadoop-mapreduce-client/hadoop-mapreduce-client-app,org.apache.hadoop.mapreduce.jobhistory.TestJobHistoryEventHandler.testDontSetTrackingURLIfHistoryWriteThrows,OD,,,
https://github.com/apache/hadoop,a585a73c3e02ac62350c136643a5e7f6095a3dbb,hadoop-mapreduce-project/hadoop-mapreduce-client/hadoop-mapreduce-client-app,org.apache.hadoop.mapreduce.jobhistory.TestJobHistoryEventHandler.testFirstFlushOnCompletionEvent,OD,,,
https://github.com/apache/hadoop,a585a73c3e02ac62350c136643a5e7f6095a3dbb,hadoop-mapreduce-project/hadoop-mapreduce-client/hadoop-mapreduce-client-app,org.apache.hadoop.mapreduce.jobhistory.TestJobHistoryEventHandler.testMaxUnflushedCompletionEvents,OD,,,
https://github.com/apache/hadoop,a585a73c3e02ac62350c136643a5e7f6095a3dbb,hadoop-mapreduce-project/hadoop-mapreduce-client/hadoop-mapreduce-client-app,org.apache.hadoop.mapreduce.jobhistory.TestJobHistoryEventHandler.testProcessDoneFilesNotLastAMRetry,OD,,,
https://github.com/apache/hadoop,a585a73c3e02ac62350c136643a5e7f6095a3dbb,hadoop-mapreduce-project/hadoop-mapreduce-client/hadoop-mapreduce-client-app,org.apache.hadoop.mapreduce.jobhistory.TestJobHistoryEventHandler.testProcessDoneFilesOnLastAMRetry,OD,,,
https://github.com/apache/hadoop,a585a73c3e02ac62350c136643a5e7f6095a3dbb,hadoop-mapreduce-project/hadoop-mapreduce-client/hadoop-mapreduce-client-app,org.apache.hadoop.mapreduce.jobhistory.TestJobHistoryEventHandler.testPropertyRedactionForJHS,OD,,,
https://github.com/apache/hadoop,a585a73c3e02ac62350c136643a5e7f6095a3dbb,hadoop-mapreduce-project/hadoop-mapreduce-client/hadoop-mapreduce-client-app,org.apache.hadoop.mapreduce.jobhistory.TestJobHistoryEventHandler.testSetTrackingURLAfterHistoryIsWritten,OD,,,
https://github.com/apache/hadoop,a585a73c3e02ac62350c136643a5e7f6095a3dbb,hadoop-mapreduce-project/hadoop-mapreduce-client/hadoop-mapreduce-client-app,org.apache.hadoop.mapreduce.jobhistory.TestJobHistoryEventHandler.testUnflushedTimer,OD,,,
https://github.com/apache/hadoop,a585a73c3e02ac62350c136643a5e7f6095a3dbb,hadoop-mapreduce-project/hadoop-mapreduce-client/hadoop-mapreduce-client-core,org.apache.hadoop.mapreduce.lib.db.TestSplitters.testBooleanSplitter,OD,,,
https://github.com/apache/hadoop,cc2babc1f75c93bf89a8f10da525f944c15d02ea,hadoop-mapreduce-project/hadoop-mapreduce-client/hadoop-mapreduce-client-core,org.apache.hadoop.mapreduce.lib.input.TestLineRecordReader.testUncompressedInput,OD-Vic,,,
https://github.com/apache/hadoop,cc2babc1f75c93bf89a8f10da525f944c15d02ea,hadoop-mapreduce-project/hadoop-mapreduce-client/hadoop-mapreduce-client-core,org.apache.hadoop.mapreduce.lib.input.TestLineRecordReader.testUncompressedInputContainingCRLF,OD-Vic,,,
https://github.com/apache/hadoop,cc2babc1f75c93bf89a8f10da525f944c15d02ea,hadoop-mapreduce-project/hadoop-mapreduce-client/hadoop-mapreduce-client-core,org.apache.hadoop.mapreduce.lib.input.TestLineRecordReader.testUncompressedInputCustomDelimiterPosValue,OD-Vic,,,
https://github.com/apache/hadoop,cc2babc1f75c93bf89a8f10da525f944c15d02ea,hadoop-mapreduce-project/hadoop-mapreduce-client/hadoop-mapreduce-client-core,org.apache.hadoop.mapreduce.lib.input.TestLineRecordReader.testUncompressedInputDefaultDelimiterPosValue,OD-Vic,,,
https://github.com/apache/hadoop,cc2babc1f75c93bf89a8f10da525f944c15d02ea,hadoop-mapreduce-project/hadoop-mapreduce-client/hadoop-mapreduce-client-jobclient,org.apache.hadoop.mapreduce.lib.jobcontrol.TestMapReduceJobControl.testControlledJob,NOD,,,
https://github.com/apache/hadoop,a585a73c3e02ac62350c136643a5e7f6095a3dbb,hadoop-mapreduce-project/hadoop-mapreduce-client/hadoop-mapreduce-client-core,org.apache.hadoop.mapreduce.security.TestTokenCache.testBinaryCredentialsWithoutScheme,OD,,,
https://github.com/apache/hadoop,a585a73c3e02ac62350c136643a5e7f6095a3dbb,hadoop-mapreduce-project/hadoop-mapreduce-client/hadoop-mapreduce-client-core,org.apache.hadoop.mapreduce.security.TestTokenCache.testBinaryCredentialsWithScheme,OD,,,
https://github.com/apache/hadoop,a585a73c3e02ac62350c136643a5e7f6095a3dbb,hadoop-mapreduce-project/hadoop-mapreduce-client/hadoop-mapreduce-client-core,org.apache.hadoop.mapreduce.security.TestTokenCache.testGetTokensForNamenodes,OD,,,
https://github.com/apache/hadoop,a585a73c3e02ac62350c136643a5e7f6095a3dbb,hadoop-mapreduce-project/hadoop-mapreduce-client/hadoop-mapreduce-client-core,org.apache.hadoop.mapreduce.split.TestJobSplitWriter.testMaxBlockLocationsNewSplits,OD,,,
https://github.com/apache/hadoop,a585a73c3e02ac62350c136643a5e7f6095a3dbb,hadoop-mapreduce-project/hadoop-mapreduce-client/hadoop-mapreduce-client-core,org.apache.hadoop.mapreduce.split.TestJobSplitWriter.testMaxBlockLocationsOldSplits,OD,,,
https://github.com/apache/hadoop,a585a73c3e02ac62350c136643a5e7f6095a3dbb,hadoop-mapreduce-project/hadoop-mapreduce-client/hadoop-mapreduce-client-core,org.apache.hadoop.mapreduce.split.TestJobSplitWriterWithEC.testMaxBlockLocationsNewSplitsWithErasureCoding,OD,,,
https://github.com/apache/hadoop,a585a73c3e02ac62350c136643a5e7f6095a3dbb,hadoop-mapreduce-project/hadoop-mapreduce-client/hadoop-mapreduce-client-core,org.apache.hadoop.mapreduce.split.TestJobSplitWriterWithEC.testMaxBlockLocationsOldSplitsWithErasureCoding,OD,,,
https://github.com/apache/hadoop,a585a73c3e02ac62350c136643a5e7f6095a3dbb,hadoop-mapreduce-project/hadoop-mapreduce-client/hadoop-mapreduce-client-core,org.apache.hadoop.mapreduce.task.reduce.TestFetcher.testCorruptedIFile,OD,,,
https://github.com/apache/hadoop,a585a73c3e02ac62350c136643a5e7f6095a3dbb,hadoop-mapreduce-project/hadoop-mapreduce-client/hadoop-mapreduce-client-core,org.apache.hadoop.mapreduce.task.reduce.TestMergeManager.testLargeMemoryLimits,OD,,,
https://github.com/apache/hadoop,a585a73c3e02ac62350c136643a5e7f6095a3dbb,hadoop-mapreduce-project/hadoop-mapreduce-client/hadoop-mapreduce-client-core,org.apache.hadoop.mapreduce.task.reduce.TestMergeManager.testOnDiskMerger,OD,,,
https://github.com/apache/hadoop,a585a73c3e02ac62350c136643a5e7f6095a3dbb,hadoop-mapreduce-project/hadoop-mapreduce-client/hadoop-mapreduce-client-core,org.apache.hadoop.mapreduce.task.reduce.TestMergeManager.testZeroShuffleMemoryLimitPercent,OD,,,
https://github.com/apache/hadoop,a585a73c3e02ac62350c136643a5e7f6095a3dbb,hadoop-mapreduce-project/hadoop-mapreduce-client/hadoop-mapreduce-client-core,org.apache.hadoop.mapreduce.task.reduce.TestMerger.testCompressed,OD,,,
https://github.com/apache/hadoop,a585a73c3e02ac62350c136643a5e7f6095a3dbb,hadoop-mapreduce-project/hadoop-mapreduce-client/hadoop-mapreduce-client-core,org.apache.hadoop.mapreduce.task.reduce.TestMerger.testEncryptedMerger,OD,,,
https://github.com/apache/hadoop,a585a73c3e02ac62350c136643a5e7f6095a3dbb,hadoop-mapreduce-project/hadoop-mapreduce-client/hadoop-mapreduce-client-core,org.apache.hadoop.mapreduce.task.reduce.TestMerger.testInMemoryAndOnDiskMerger,OD,,,
https://github.com/apache/hadoop,a585a73c3e02ac62350c136643a5e7f6095a3dbb,hadoop-mapreduce-project/hadoop-mapreduce-client/hadoop-mapreduce-client-core,org.apache.hadoop.mapreduce.task.reduce.TestMerger.testUncompressed,OD,,,
https://github.com/apache/hadoop,a585a73c3e02ac62350c136643a5e7f6095a3dbb,hadoop-mapreduce-project/hadoop-mapreduce-client/hadoop-mapreduce-client-core,org.apache.hadoop.mapreduce.TestJobResourceUploader.testAllDefaults,OD,,,
https://github.com/apache/hadoop,a585a73c3e02ac62350c136643a5e7f6095a3dbb,hadoop-mapreduce-project/hadoop-mapreduce-client/hadoop-mapreduce-client-core,org.apache.hadoop.mapreduce.TestJobResourceUploader.testAtResourceLimit,OD,,,
https://github.com/apache/hadoop,a585a73c3e02ac62350c136643a5e7f6095a3dbb,hadoop-mapreduce-project/hadoop-mapreduce-client/hadoop-mapreduce-client-core,org.apache.hadoop.mapreduce.TestJobResourceUploader.testAtResourcesMBLimit,OD,,,
https://github.com/apache/hadoop,a585a73c3e02ac62350c136643a5e7f6095a3dbb,hadoop-mapreduce-project/hadoop-mapreduce-client/hadoop-mapreduce-client-core,org.apache.hadoop.mapreduce.TestJobResourceUploader.testAtSingleResourceMBLimit,OD,,,
https://github.com/apache/hadoop,a585a73c3e02ac62350c136643a5e7f6095a3dbb,hadoop-mapreduce-project/hadoop-mapreduce-client/hadoop-mapreduce-client-core,org.apache.hadoop.mapreduce.TestJobResourceUploader.testNoLimitsWithResources,OD,,,
https://github.com/apache/hadoop,a585a73c3e02ac62350c136643a5e7f6095a3dbb,hadoop-mapreduce-project/hadoop-mapreduce-client/hadoop-mapreduce-client-core,org.apache.hadoop.mapreduce.TestJobResourceUploader.testOverResourceLimit,OD,,,
https://github.com/apache/hadoop,a585a73c3e02ac62350c136643a5e7f6095a3dbb,hadoop-mapreduce-project/hadoop-mapreduce-client/hadoop-mapreduce-client-core,org.apache.hadoop.mapreduce.TestJobResourceUploader.testOverResourcesMBLimit,OD,,,
https://github.com/apache/hadoop,a585a73c3e02ac62350c136643a5e7f6095a3dbb,hadoop-mapreduce-project/hadoop-mapreduce-client/hadoop-mapreduce-client-core,org.apache.hadoop.mapreduce.TestJobResourceUploader.testOverSingleResourceMBLimit,OD,,,
https://github.com/apache/hadoop,a585a73c3e02ac62350c136643a5e7f6095a3dbb,hadoop-mapreduce-project/hadoop-mapreduce-client/hadoop-mapreduce-client-core,org.apache.hadoop.mapreduce.TestJobResourceUploader.testPathsWithFragNoSchemeAbsolute,OD,,,
https://github.com/apache/hadoop,a585a73c3e02ac62350c136643a5e7f6095a3dbb,hadoop-mapreduce-project/hadoop-mapreduce-client/hadoop-mapreduce-client-core,org.apache.hadoop.mapreduce.TestJobResourceUploader.testPathsWithFragNoSchemeRelative,OD,,,
https://github.com/apache/hadoop,a585a73c3e02ac62350c136643a5e7f6095a3dbb,hadoop-mapreduce-project/hadoop-mapreduce-client/hadoop-mapreduce-client-core,org.apache.hadoop.mapreduce.TestJobResourceUploader.testPathsWithFragsAndWildCard,OD,,,
https://github.com/apache/hadoop,a585a73c3e02ac62350c136643a5e7f6095a3dbb,hadoop-mapreduce-project/hadoop-mapreduce-client/hadoop-mapreduce-client-core,org.apache.hadoop.mapreduce.TestJobResourceUploader.testPathsWithFragSchemeAbsolute,OD,,,
https://github.com/apache/hadoop,a585a73c3e02ac62350c136643a5e7f6095a3dbb,hadoop-mapreduce-project/hadoop-mapreduce-client/hadoop-mapreduce-client-core,org.apache.hadoop.mapreduce.TestJobResourceUploader.testPathsWithNoFragAndWildCard,OD,,,
https://github.com/apache/hadoop,a585a73c3e02ac62350c136643a5e7f6095a3dbb,hadoop-mapreduce-project/hadoop-mapreduce-client/hadoop-mapreduce-client-core,org.apache.hadoop.mapreduce.TestJobResourceUploader.testPathsWithNoFragNoSchemeAbsolute,OD,,,
https://github.com/apache/hadoop,a585a73c3e02ac62350c136643a5e7f6095a3dbb,hadoop-mapreduce-project/hadoop-mapreduce-client/hadoop-mapreduce-client-core,org.apache.hadoop.mapreduce.TestJobResourceUploader.testPathsWithNoFragNoSchemeRelative,OD,,,
https://github.com/apache/hadoop,a585a73c3e02ac62350c136643a5e7f6095a3dbb,hadoop-mapreduce-project/hadoop-mapreduce-client/hadoop-mapreduce-client-core,org.apache.hadoop.mapreduce.TestJobResourceUploader.testPathsWithNoFragWithSchemeAbsolute,OD,,,
https://github.com/apache/hadoop,a585a73c3e02ac62350c136643a5e7f6095a3dbb,hadoop-mapreduce-project/hadoop-mapreduce-client/hadoop-mapreduce-client-core,org.apache.hadoop.mapreduce.TestJobResourceUploader.testStringToPath,OD,,,
https://github.com/apache/hadoop,a585a73c3e02ac62350c136643a5e7f6095a3dbb,hadoop-mapreduce-project/hadoop-mapreduce-client/hadoop-mapreduce-client-core,org.apache.hadoop.mapreduce.TestJobResourceUploaderWithSharedCache.testSharedCacheArchivesAndLibjarsEnabled,OD,,,
https://github.com/apache/hadoop,a585a73c3e02ac62350c136643a5e7f6095a3dbb,hadoop-mapreduce-project/hadoop-mapreduce-client/hadoop-mapreduce-client-core,org.apache.hadoop.mapreduce.TestJobResourceUploaderWithSharedCache.testSharedCacheDisabled,OD,,,
https://github.com/apache/hadoop,a585a73c3e02ac62350c136643a5e7f6095a3dbb,hadoop-mapreduce-project/hadoop-mapreduce-client/hadoop-mapreduce-client-core,org.apache.hadoop.mapreduce.TestJobResourceUploaderWithSharedCache.testSharedCacheEnabled,OD,,,
https://github.com/apache/hadoop,a585a73c3e02ac62350c136643a5e7f6095a3dbb,hadoop-mapreduce-project/hadoop-mapreduce-client/hadoop-mapreduce-client-core,org.apache.hadoop.mapreduce.TestJobResourceUploaderWithSharedCache.testSharedCacheEnabledWithJobJarInSharedCache,OD,,,
https://github.com/apache/hadoop,cc2babc1f75c93bf89a8f10da525f944c15d02ea,hadoop-mapreduce-project/hadoop-mapreduce-client/hadoop-mapreduce-client-jobclient,org.apache.hadoop.mapreduce.TestNewCombinerGrouping.testCombiner,NIO,,,https://github.com/TestingResearchIllinois/idoft/issues/411
https://github.com/apache/hadoop,a585a73c3e02ac62350c136643a5e7f6095a3dbb,hadoop-mapreduce-project/hadoop-mapreduce-client/hadoop-mapreduce-client-app,org.apache.hadoop.mapreduce.v2.app.metrics.TestMRAppMetrics.testNames,OD,,,
https://github.com/apache/hadoop,a585a73c3e02ac62350c136643a5e7f6095a3dbb,hadoop-mapreduce-project/hadoop-mapreduce-client/hadoop-mapreduce-client-app,org.apache.hadoop.mapreduce.v2.app.rm.TestRMContainerAllocator.testReportedAppProgress,OD,,,
https://github.com/apache/hadoop,a585a73c3e02ac62350c136643a5e7f6095a3dbb,hadoop-mapreduce-project/hadoop-mapreduce-client/hadoop-mapreduce-client-app,org.apache.hadoop.mapreduce.v2.app.TestAMInfos.testAMInfosWithoutRecoveryEnabled,OD,,,
https://github.com/apache/hadoop,a585a73c3e02ac62350c136643a5e7f6095a3dbb,hadoop-mapreduce-project/hadoop-mapreduce-client/hadoop-mapreduce-client-app,org.apache.hadoop.mapreduce.v2.app.TestFetchFailure.testFetchFailureWithRecovery,OD,,,
https://github.com/apache/hadoop,a585a73c3e02ac62350c136643a5e7f6095a3dbb,hadoop-mapreduce-project/hadoop-mapreduce-client/hadoop-mapreduce-client-app,org.apache.hadoop.mapreduce.v2.app.TestMRAppComponentDependencies.testComponentStopOrder,OD,,,
https://github.com/apache/hadoop,cc2babc1f75c93bf89a8f10da525f944c15d02ea,hadoop-mapreduce-project/hadoop-mapreduce-client/hadoop-mapreduce-client-app,org.apache.hadoop.mapreduce.v2.app.TestMRAppMaster.testMRAppMasterFailLock,OD-Vic,,,
https://github.com/apache/hadoop,cc2babc1f75c93bf89a8f10da525f944c15d02ea,hadoop-mapreduce-project/hadoop-mapreduce-client/hadoop-mapreduce-client-app,org.apache.hadoop.mapreduce.v2.app.TestMRAppMaster.testMRAppMasterMidLock,OD-Vic,,,
https://github.com/apache/hadoop,cc2babc1f75c93bf89a8f10da525f944c15d02ea,hadoop-mapreduce-project/hadoop-mapreduce-client/hadoop-mapreduce-client-app,org.apache.hadoop.mapreduce.v2.app.TestMRAppMaster.testMRAppMasterSuccessLock,OD-Vic,,,
https://github.com/apache/hadoop,a585a73c3e02ac62350c136643a5e7f6095a3dbb,hadoop-mapreduce-project/hadoop-mapreduce-client/hadoop-mapreduce-client-app,org.apache.hadoop.mapreduce.v2.app.TestTaskHeartbeatHandler.testTaskStuck,OD,,,
https://github.com/apache/hadoop,a585a73c3e02ac62350c136643a5e7f6095a3dbb,hadoop-mapreduce-project/hadoop-mapreduce-client/hadoop-mapreduce-client-app,org.apache.hadoop.mapreduce.v2.app.webapp.TestAMWebServicesJobConf.testJobConfXML,OD,,,
https://github.com/apache/hadoop,cc2babc1f75c93bf89a8f10da525f944c15d02ea,hadoop-mapreduce-project/hadoop-mapreduce-client/hadoop-mapreduce-client-app,org.apache.hadoop.mapreduce.v2.app.webapp.TestAppController.testAttempts,NIO,,,https://github.com/TestingResearchIllinois/idoft/issues/411
https://github.com/apache/hadoop,a585a73c3e02ac62350c136643a5e7f6095a3dbb,hadoop-mapreduce-project/hadoop-mapreduce-client/hadoop-mapreduce-client-hs,org.apache.hadoop.mapreduce.v2.hs.TestHistoryFileManager.testCreateDirsWithFileSystem,OD,,,
https://github.com/apache/hadoop,a585a73c3e02ac62350c136643a5e7f6095a3dbb,hadoop-mapreduce-project/hadoop-mapreduce-client/hadoop-mapreduce-client-hs,org.apache.hadoop.mapreduce.v2.hs.TestHistoryFileManager.testCreateDirsWithFileSystemBecomingAvailBeforeTimeout,OD,,,
https://github.com/apache/hadoop,a585a73c3e02ac62350c136643a5e7f6095a3dbb,hadoop-mapreduce-project/hadoop-mapreduce-client/hadoop-mapreduce-client-hs,org.apache.hadoop.mapreduce.v2.hs.TestHistoryFileManager.testCreateDirsWithFileSystemInSafeMode,OD,,,
https://github.com/apache/hadoop,a585a73c3e02ac62350c136643a5e7f6095a3dbb,hadoop-mapreduce-project/hadoop-mapreduce-client/hadoop-mapreduce-client-hs,org.apache.hadoop.mapreduce.v2.hs.TestHistoryFileManager.testCreateDirsWithFileSystemNotBecomingAvailBeforeTimeout,OD,,,
https://github.com/apache/hadoop,a585a73c3e02ac62350c136643a5e7f6095a3dbb,hadoop-mapreduce-project/hadoop-mapreduce-client/hadoop-mapreduce-client-hs,org.apache.hadoop.mapreduce.v2.hs.TestHistoryFileManager.testCreateDirsWithoutFileSystem,OD,,,
https://github.com/apache/hadoop,a585a73c3e02ac62350c136643a5e7f6095a3dbb,hadoop-mapreduce-project/hadoop-mapreduce-client/hadoop-mapreduce-client-hs,org.apache.hadoop.mapreduce.v2.hs.TestHistoryFileManager.testHistoryFileInfoLoadNormalSizedJobShouldReturnCompletedJob,OD,,,
https://github.com/apache/hadoop,a585a73c3e02ac62350c136643a5e7f6095a3dbb,hadoop-mapreduce-project/hadoop-mapreduce-client/hadoop-mapreduce-client-hs,org.apache.hadoop.mapreduce.v2.hs.TestHistoryFileManager.testHistoryFileInfoLoadOversizedJobShouldReturnUnParsedJob,OD,,,
https://github.com/apache/hadoop,a585a73c3e02ac62350c136643a5e7f6095a3dbb,hadoop-mapreduce-project/hadoop-mapreduce-client/hadoop-mapreduce-client-hs,org.apache.hadoop.mapreduce.v2.hs.TestHistoryFileManager.testHistoryFileInfoShouldReturnCompletedJobIfMaxNotConfiged,OD,,,
https://github.com/apache/hadoop,a585a73c3e02ac62350c136643a5e7f6095a3dbb,hadoop-mapreduce-project/hadoop-mapreduce-client/hadoop-mapreduce-client-hs,org.apache.hadoop.mapreduce.v2.hs.TestHistoryFileManager.testHistoryFileInfoSummaryFileNotExist,OD,,,
https://github.com/apache/hadoop,a585a73c3e02ac62350c136643a5e7f6095a3dbb,hadoop-mapreduce-project/hadoop-mapreduce-client/hadoop-mapreduce-client-hs,org.apache.hadoop.mapreduce.v2.hs.TestHistoryFileManager.testMoveToDoneAlreadyMovedSucceeds,OD,,,
https://github.com/apache/hadoop,a585a73c3e02ac62350c136643a5e7f6095a3dbb,hadoop-mapreduce-project/hadoop-mapreduce-client/hadoop-mapreduce-client-hs,org.apache.hadoop.mapreduce.v2.hs.TestHistoryFileManager.testScanDirectory,OD,,,
https://github.com/apache/hadoop,cc2babc1f75c93bf89a8f10da525f944c15d02ea,hadoop-mapreduce-project/hadoop-mapreduce-client/hadoop-mapreduce-client-hs,org.apache.hadoop.mapreduce.v2.hs.TestJobHistoryParsing.testHistoryParsing,OD-Vic,,,
https://github.com/apache/hadoop,cc2babc1f75c93bf89a8f10da525f944c15d02ea,hadoop-mapreduce-project/hadoop-mapreduce-client/hadoop-mapreduce-client-hs,org.apache.hadoop.mapreduce.v2.hs.TestJobHistoryParsing.testHistoryParsingForFailedAttempts,OD-Vic,,,
https://github.com/apache/hadoop,cc2babc1f75c93bf89a8f10da525f944c15d02ea,hadoop-mapreduce-project/hadoop-mapreduce-client/hadoop-mapreduce-client-jobclient,org.apache.hadoop.mapreduce.v2.TestMRJobsWithHistoryService.testJobHistoryData,NIO,,,https://github.com/TestingResearchIllinois/idoft/issues/411
https://github.com/apache/hadoop,a585a73c3e02ac62350c136643a5e7f6095a3dbb,hadoop-common-project/hadoop-minikdc,org.apache.hadoop.minikdc.TestChangeOrgNameAndDomain.testKerberosLogin,OD,,,
https://github.com/apache/hadoop,a585a73c3e02ac62350c136643a5e7f6095a3dbb,hadoop-common-project/hadoop-minikdc,org.apache.hadoop.minikdc.TestMiniKdc.testKerberosLogin,OD,,,
https://github.com/apache/hadoop,a585a73c3e02ac62350c136643a5e7f6095a3dbb,hadoop-common-project/hadoop-registry,org.apache.hadoop.registry.cli.TestRegistryCli.testBadPath,OD,,,
https://github.com/apache/hadoop,a585a73c3e02ac62350c136643a5e7f6095a3dbb,hadoop-common-project/hadoop-registry,org.apache.hadoop.registry.cli.TestRegistryCli.testNotExistingPaths,OD,,,
https://github.com/apache/hadoop,a585a73c3e02ac62350c136643a5e7f6095a3dbb,hadoop-common-project/hadoop-registry,org.apache.hadoop.registry.cli.TestRegistryCli.testValidCommands,OD,,,
https://github.com/apache/hadoop,cc2babc1f75c93bf89a8f10da525f944c15d02ea,hadoop-yarn-project/hadoop-yarn/hadoop-yarn-registry,org.apache.hadoop.registry.client.impl.TestCuratorService.testRM,NOD,,,
https://github.com/apache/hadoop,a585a73c3e02ac62350c136643a5e7f6095a3dbb,hadoop-common-project/hadoop-registry,org.apache.hadoop.registry.operations.TestRegistryOperations.testComplexUsernames,OD,,,
https://github.com/apache/hadoop,a585a73c3e02ac62350c136643a5e7f6095a3dbb,hadoop-common-project/hadoop-registry,org.apache.hadoop.registry.operations.TestRegistryOperations.testDeleteNonEmpty,OD,,,
https://github.com/apache/hadoop,a585a73c3e02ac62350c136643a5e7f6095a3dbb,hadoop-common-project/hadoop-registry,org.apache.hadoop.registry.operations.TestRegistryOperations.testDeleteNonexistentEntry,OD,,,
https://github.com/apache/hadoop,a585a73c3e02ac62350c136643a5e7f6095a3dbb,hadoop-common-project/hadoop-registry,org.apache.hadoop.registry.operations.TestRegistryOperations.testDeleteServiceEntry,OD,,,
https://github.com/apache/hadoop,a585a73c3e02ac62350c136643a5e7f6095a3dbb,hadoop-common-project/hadoop-registry,org.apache.hadoop.registry.operations.TestRegistryOperations.testDoubleMkdir,OD,,,
https://github.com/apache/hadoop,a585a73c3e02ac62350c136643a5e7f6095a3dbb,hadoop-common-project/hadoop-registry,org.apache.hadoop.registry.operations.TestRegistryOperations.testLsEmptyPath,OD,,,
https://github.com/apache/hadoop,a585a73c3e02ac62350c136643a5e7f6095a3dbb,hadoop-common-project/hadoop-registry,org.apache.hadoop.registry.operations.TestRegistryOperations.testLsParent,OD,,,
https://github.com/apache/hadoop,a585a73c3e02ac62350c136643a5e7f6095a3dbb,hadoop-common-project/hadoop-registry,org.apache.hadoop.registry.operations.TestRegistryOperations.testMkdirNoParent,OD,,,
https://github.com/apache/hadoop,a585a73c3e02ac62350c136643a5e7f6095a3dbb,hadoop-common-project/hadoop-registry,org.apache.hadoop.registry.operations.TestRegistryOperations.testOverwrite,OD,,,
https://github.com/apache/hadoop,a585a73c3e02ac62350c136643a5e7f6095a3dbb,hadoop-common-project/hadoop-registry,org.apache.hadoop.registry.operations.TestRegistryOperations.testPutMinimalRecord,OD,,,
https://github.com/apache/hadoop,a585a73c3e02ac62350c136643a5e7f6095a3dbb,hadoop-common-project/hadoop-registry,org.apache.hadoop.registry.operations.TestRegistryOperations.testStat,OD,,,
https://github.com/apache/hadoop,a585a73c3e02ac62350c136643a5e7f6095a3dbb,hadoop-common-project/hadoop-registry,org.apache.hadoop.registry.operations.TestRegistryOperations.testStatOneLevelDown,OD,,,
https://github.com/apache/hadoop,a585a73c3e02ac62350c136643a5e7f6095a3dbb,hadoop-common-project/hadoop-registry,org.apache.hadoop.registry.operations.TestRegistryOperations.testStatRootPath,OD,,,
https://github.com/apache/hadoop,a585a73c3e02ac62350c136643a5e7f6095a3dbb,hadoop-common-project/hadoop-registry,org.apache.hadoop.registry.secure.TestSecureLogins.testClientLogin,OD,,,
https://github.com/apache/hadoop,cc2babc1f75c93bf89a8f10da525f944c15d02ea,hadoop-yarn-project/hadoop-yarn/hadoop-yarn-registry,org.apache.hadoop.registry.secure.TestSecureLogins.testDefaultRealmValid,NOD,,,
https://github.com/apache/hadoop,a585a73c3e02ac62350c136643a5e7f6095a3dbb,hadoop-common-project/hadoop-registry,org.apache.hadoop.registry.secure.TestSecureLogins.testHasRealm,OD,,,
https://github.com/apache/hadoop,a585a73c3e02ac62350c136643a5e7f6095a3dbb,hadoop-common-project/hadoop-registry,org.apache.hadoop.registry.secure.TestSecureLogins.testJaasFileBinding,OD,,,
https://github.com/apache/hadoop,a585a73c3e02ac62350c136643a5e7f6095a3dbb,hadoop-common-project/hadoop-registry,org.apache.hadoop.registry.secure.TestSecureLogins.testJaasFileSetup,OD,,,
https://github.com/apache/hadoop,a585a73c3e02ac62350c136643a5e7f6095a3dbb,hadoop-common-project/hadoop-registry,org.apache.hadoop.registry.secure.TestSecureLogins.testKerberosAuth,OD,,,
https://github.com/apache/hadoop,cc2babc1f75c93bf89a8f10da525f944c15d02ea,hadoop-yarn-project/hadoop-yarn/hadoop-yarn-registry,org.apache.hadoop.registry.secure.TestSecureLogins.testKerberosRulesValid,OD,,,
https://github.com/apache/hadoop,a585a73c3e02ac62350c136643a5e7f6095a3dbb,hadoop-common-project/hadoop-registry,org.apache.hadoop.registry.secure.TestSecureLogins.testServerLogin,OD,,,
https://github.com/apache/hadoop,cc2babc1f75c93bf89a8f10da525f944c15d02ea,hadoop-yarn-project/hadoop-yarn/hadoop-yarn-registry,org.apache.hadoop.registry.secure.TestSecureLogins.testUGILogin,NOD,,,
https://github.com/apache/hadoop,a585a73c3e02ac62350c136643a5e7f6095a3dbb,hadoop-common-project/hadoop-registry,org.apache.hadoop.registry.secure.TestSecureLogins.testValidKerberosName,OD,,,
https://github.com/apache/hadoop,a585a73c3e02ac62350c136643a5e7f6095a3dbb,hadoop-common-project/hadoop-registry,org.apache.hadoop.registry.secure.TestSecureLogins.testZKServerContextLogin,OD,,,
https://github.com/apache/hadoop,a585a73c3e02ac62350c136643a5e7f6095a3dbb,hadoop-common-project/hadoop-registry,org.apache.hadoop.registry.secure.TestSecureRegistry.testCreateSecureZK,OD,,,
https://github.com/apache/hadoop,a585a73c3e02ac62350c136643a5e7f6095a3dbb,hadoop-common-project/hadoop-registry,org.apache.hadoop.registry.secure.TestSecureRegistry.testInsecureClientToZK,OD,,,
https://github.com/apache/hadoop,a585a73c3e02ac62350c136643a5e7f6095a3dbb,hadoop-common-project/hadoop-registry,org.apache.hadoop.registry.secure.TestSecureRegistry.testSystemPropertyOverwrite,OD,,,
https://github.com/apache/hadoop,a585a73c3e02ac62350c136643a5e7f6095a3dbb,hadoop-common-project/hadoop-registry,org.apache.hadoop.registry.secure.TestSecureRegistry.testZookeeperCanWrite,OD,,,
https://github.com/apache/hadoop,cc2babc1f75c93bf89a8f10da525f944c15d02ea,hadoop-common-project/hadoop-auth,org.apache.hadoop.security.authentication.util.TestKerberosName.testRules,OD-Vic,,,
https://github.com/apache/hadoop,cc2babc1f75c93bf89a8f10da525f944c15d02ea,hadoop-hdfs-project/hadoop-hdfs-httpfs,org.apache.hadoop.test.TestHFSTestCase.testHadoopFileSystem,OD,,,
https://github.com/apache/hadoop,cc2babc1f75c93bf89a8f10da525f944c15d02ea,hadoop-tools/hadoop-distcp,org.apache.hadoop.tools.TestDistCpSystem.testChunkCopyOneFile,NOD,,,
https://github.com/apache/hadoop,cc2babc1f75c93bf89a8f10da525f944c15d02ea,hadoop-tools/hadoop-distcp,org.apache.hadoop.tools.TestDistCpSystem.testDistcpLargeFile,NOD,,,
https://github.com/apache/hadoop,cc2babc1f75c93bf89a8f10da525f944c15d02ea,hadoop-tools/hadoop-distcp,org.apache.hadoop.tools.TestDistCpSystem.testPreserveUseNonEmptyDir,NOD,,,
https://github.com/apache/hadoop,cc2babc1f75c93bf89a8f10da525f944c15d02ea,hadoop-tools/hadoop-distcp,org.apache.hadoop.tools.TestDistCpSystem.testPreserveUserSingleFile,NOD,,,
https://github.com/apache/hadoop,cc2babc1f75c93bf89a8f10da525f944c15d02ea,hadoop-tools/hadoop-distcp,org.apache.hadoop.tools.TestDistCpSystem.testRecursiveChunkCopy,NOD,,,
https://github.com/apache/hadoop,a585a73c3e02ac62350c136643a5e7f6095a3dbb,hadoop-yarn-project/hadoop-yarn/hadoop-yarn-client,org.apache.hadoop.yarn.client.api.impl.TestAMRMClientContainerRequest.testDisableLocalityRelaxation,OD,,,
https://github.com/apache/hadoop,a585a73c3e02ac62350c136643a5e7f6095a3dbb,hadoop-yarn-project/hadoop-yarn/hadoop-yarn-client,org.apache.hadoop.yarn.client.api.impl.TestAMRMClientContainerRequest.testFillInRacks,OD,,,
https://github.com/apache/hadoop,a585a73c3e02ac62350c136643a5e7f6095a3dbb,hadoop-yarn-project/hadoop-yarn/hadoop-yarn-client,org.apache.hadoop.yarn.client.api.impl.TestAMRMClientContainerRequest.testOpportunisticAndGuaranteedRequests,OD,,,
https://github.com/apache/hadoop,a585a73c3e02ac62350c136643a5e7f6095a3dbb,hadoop-yarn-project/hadoop-yarn/hadoop-yarn-client,org.apache.hadoop.yarn.client.api.impl.TestAMRMClientOnRMRestart.testAMRMClientResendsRequestsOnRMRestart,OD,,,
https://github.com/apache/hadoop,a585a73c3e02ac62350c136643a5e7f6095a3dbb,hadoop-yarn-project/hadoop-yarn/hadoop-yarn-client,org.apache.hadoop.yarn.client.api.impl.TestOpportunisticContainerAllocationE2E.testDemotionFromAcquired,OD,,,
https://github.com/apache/hadoop,a585a73c3e02ac62350c136643a5e7f6095a3dbb,hadoop-yarn-project/hadoop-yarn/hadoop-yarn-client,org.apache.hadoop.yarn.client.api.impl.TestOpportunisticContainerAllocationE2E.testMixedAllocationAndRelease,OD,,,
https://github.com/apache/hadoop,a585a73c3e02ac62350c136643a5e7f6095a3dbb,hadoop-yarn-project/hadoop-yarn/hadoop-yarn-client,org.apache.hadoop.yarn.client.api.impl.TestOpportunisticContainerAllocationE2E.testOpportunisticAllocation,OD,,,
https://github.com/apache/hadoop,a585a73c3e02ac62350c136643a5e7f6095a3dbb,hadoop-yarn-project/hadoop-yarn/hadoop-yarn-client,org.apache.hadoop.yarn.client.api.impl.TestOpportunisticContainerAllocationE2E.testPromotionFromAcquired,OD,,,
https://github.com/apache/hadoop,a585a73c3e02ac62350c136643a5e7f6095a3dbb,hadoop-yarn-project/hadoop-yarn/hadoop-yarn-client,org.apache.hadoop.yarn.client.TestGetGroups.testExistingInterleavedWithNonExistentUsers,OD,,,
https://github.com/apache/hadoop,a585a73c3e02ac62350c136643a5e7f6095a3dbb,hadoop-yarn-project/hadoop-yarn/hadoop-yarn-client,org.apache.hadoop.yarn.client.TestGetGroups.testExistingUser,OD,,,
https://github.com/apache/hadoop,a585a73c3e02ac62350c136643a5e7f6095a3dbb,hadoop-yarn-project/hadoop-yarn/hadoop-yarn-client,org.apache.hadoop.yarn.client.TestGetGroups.testMultipleExistingUsers,OD,,,
https://github.com/apache/hadoop,a585a73c3e02ac62350c136643a5e7f6095a3dbb,hadoop-yarn-project/hadoop-yarn/hadoop-yarn-client,org.apache.hadoop.yarn.client.TestGetGroups.testMultipleNonExistingUsers,OD,,,
https://github.com/apache/hadoop,a585a73c3e02ac62350c136643a5e7f6095a3dbb,hadoop-yarn-project/hadoop-yarn/hadoop-yarn-client,org.apache.hadoop.yarn.client.TestGetGroups.testNonExistentUser,OD,,,
https://github.com/apache/hadoop,a585a73c3e02ac62350c136643a5e7f6095a3dbb,hadoop-yarn-project/hadoop-yarn/hadoop-yarn-client,org.apache.hadoop.yarn.client.TestGetGroups.testNoUserGiven,OD,,,
https://github.com/apache/hadoop,a585a73c3e02ac62350c136643a5e7f6095a3dbb,hadoop-yarn-project/hadoop-yarn/hadoop-yarn-client,org.apache.hadoop.yarn.client.TestResourceManagerAdministrationProtocolPBClientImpl.testRefreshAdminAcls,OD,,,
https://github.com/apache/hadoop,a585a73c3e02ac62350c136643a5e7f6095a3dbb,hadoop-yarn-project/hadoop-yarn/hadoop-yarn-client,org.apache.hadoop.yarn.client.TestResourceManagerAdministrationProtocolPBClientImpl.testRefreshNodes,OD,,,
https://github.com/apache/hadoop,a585a73c3e02ac62350c136643a5e7f6095a3dbb,hadoop-yarn-project/hadoop-yarn/hadoop-yarn-client,org.apache.hadoop.yarn.client.TestResourceManagerAdministrationProtocolPBClientImpl.testRefreshQueues,OD,,,
https://github.com/apache/hadoop,a585a73c3e02ac62350c136643a5e7f6095a3dbb,hadoop-yarn-project/hadoop-yarn/hadoop-yarn-client,org.apache.hadoop.yarn.client.TestResourceManagerAdministrationProtocolPBClientImpl.testRefreshServiceAcls,OD,,,
https://github.com/apache/hadoop,a585a73c3e02ac62350c136643a5e7f6095a3dbb,hadoop-yarn-project/hadoop-yarn/hadoop-yarn-client,org.apache.hadoop.yarn.client.TestResourceManagerAdministrationProtocolPBClientImpl.testRefreshSuperUserGroupsConfiguration,OD,,,
https://github.com/apache/hadoop,a585a73c3e02ac62350c136643a5e7f6095a3dbb,hadoop-yarn-project/hadoop-yarn/hadoop-yarn-client,org.apache.hadoop.yarn.client.TestResourceManagerAdministrationProtocolPBClientImpl.testRefreshUserToGroupsMappings,OD,,,
https://github.com/apache/hadoop,a585a73c3e02ac62350c136643a5e7f6095a3dbb,hadoop-yarn-project/hadoop-yarn/hadoop-yarn-client,org.apache.hadoop.yarn.client.TestResourceManagerAdministrationProtocolPBClientImpl.testUpdateNodeResource,OD,,,
https://github.com/apache/hadoop,a585a73c3e02ac62350c136643a5e7f6095a3dbb,hadoop-yarn-project/hadoop-yarn/hadoop-yarn-common,org.apache.hadoop.yarn.event.TestAsyncDispatcher.testPrintDispatcherEventDetails,OD,,,
https://github.com/apache/hadoop,a585a73c3e02ac62350c136643a5e7f6095a3dbb,hadoop-yarn-project/hadoop-yarn/hadoop-yarn-common,org.apache.hadoop.yarn.factories.impl.pb.TestRpcClientFactoryPBImpl.testToUseCustomClassloader,OD,,,
https://github.com/apache/hadoop,a585a73c3e02ac62350c136643a5e7f6095a3dbb,hadoop-yarn-project/hadoop-yarn/hadoop-yarn-common,org.apache.hadoop.yarn.logaggregation.TestAggregatedLogFormat.testReadAcontainerLogs1,OD,,,
https://github.com/apache/hadoop,a585a73c3e02ac62350c136643a5e7f6095a3dbb,hadoop-yarn-project/hadoop-yarn/hadoop-yarn-common,org.apache.hadoop.yarn.logaggregation.TestAggregatedLogFormat.testZeroLengthLog,OD,,,
https://github.com/apache/hadoop,a585a73c3e02ac62350c136643a5e7f6095a3dbb,hadoop-yarn-project/hadoop-yarn/hadoop-yarn-common,org.apache.hadoop.yarn.logaggregation.TestAggregatedLogsBlock.testAggregatedLogsBlock,OD,,,
https://github.com/apache/hadoop,a585a73c3e02ac62350c136643a5e7f6095a3dbb,hadoop-yarn-project/hadoop-yarn/hadoop-yarn-server/hadoop-yarn-server-common,org.apache.hadoop.yarn.server.federation.policies.amrmproxy.TestLocalityMulticastAMRMProxyPolicy.testStressPolicy,OD,,,
https://github.com/apache/hadoop,a585a73c3e02ac62350c136643a5e7f6095a3dbb,hadoop-yarn-project/hadoop-yarn/hadoop-yarn-server/hadoop-yarn-server-common,org.apache.hadoop.yarn.server.federation.store.metrics.TestFederationStateStoreClientMetrics.testAggregateMetricInit,OD,,,
https://github.com/apache/hadoop,a585a73c3e02ac62350c136643a5e7f6095a3dbb,hadoop-yarn-project/hadoop-yarn/hadoop-yarn-server/hadoop-yarn-server-common,org.apache.hadoop.yarn.server.federation.store.metrics.TestFederationStateStoreClientMetrics.testSuccessfulCalls,OD,,,
https://github.com/apache/hadoop,a585a73c3e02ac62350c136643a5e7f6095a3dbb,hadoop-yarn-project/hadoop-yarn/hadoop-yarn-server/hadoop-yarn-server-router,org.apache.hadoop.yarn.server.router.webapp.TestRouterWebServicesREST.testActiviesXML,OD,,,
https://github.com/apache/hadoop,a585a73c3e02ac62350c136643a5e7f6095a3dbb,hadoop-yarn-project/hadoop-yarn/hadoop-yarn-server/hadoop-yarn-server-router,org.apache.hadoop.yarn.server.router.webapp.TestRouterWebServicesREST.testAddToClusterNodeLabelsXML,OD,,,
https://github.com/apache/hadoop,a585a73c3e02ac62350c136643a5e7f6095a3dbb,hadoop-yarn-project/hadoop-yarn/hadoop-yarn-server/hadoop-yarn-server-router,org.apache.hadoop.yarn.server.router.webapp.TestRouterWebServicesREST.testAppActivitiesXML,OD,,,
https://github.com/apache/hadoop,a585a73c3e02ac62350c136643a5e7f6095a3dbb,hadoop-yarn-project/hadoop-yarn/hadoop-yarn-server/hadoop-yarn-server-router,org.apache.hadoop.yarn.server.router.webapp.TestRouterWebServicesREST.testAppAttemptXML,OD,,,
https://github.com/apache/hadoop,a585a73c3e02ac62350c136643a5e7f6095a3dbb,hadoop-yarn-project/hadoop-yarn/hadoop-yarn-server/hadoop-yarn-server-router,org.apache.hadoop.yarn.server.router.webapp.TestRouterWebServicesREST.testAppPriorityXML,OD,,,
https://github.com/apache/hadoop,a585a73c3e02ac62350c136643a5e7f6095a3dbb,hadoop-yarn-project/hadoop-yarn/hadoop-yarn-server/hadoop-yarn-server-router,org.apache.hadoop.yarn.server.router.webapp.TestRouterWebServicesREST.testAppQueueXML,OD,,,
https://github.com/apache/hadoop,a585a73c3e02ac62350c136643a5e7f6095a3dbb,hadoop-yarn-project/hadoop-yarn/hadoop-yarn-server/hadoop-yarn-server-router,org.apache.hadoop.yarn.server.router.webapp.TestRouterWebServicesREST.testAppStateXML,OD,,,
https://github.com/apache/hadoop,a585a73c3e02ac62350c136643a5e7f6095a3dbb,hadoop-yarn-project/hadoop-yarn/hadoop-yarn-server/hadoop-yarn-server-router,org.apache.hadoop.yarn.server.router.webapp.TestRouterWebServicesREST.testAppStatisticsXML,OD,,,
https://github.com/apache/hadoop,a585a73c3e02ac62350c136643a5e7f6095a3dbb,hadoop-yarn-project/hadoop-yarn/hadoop-yarn-server/hadoop-yarn-server-router,org.apache.hadoop.yarn.server.router.webapp.TestRouterWebServicesREST.testAppsXML,OD,,,
https://github.com/apache/hadoop,a585a73c3e02ac62350c136643a5e7f6095a3dbb,hadoop-yarn-project/hadoop-yarn/hadoop-yarn-server/hadoop-yarn-server-router,org.apache.hadoop.yarn.server.router.webapp.TestRouterWebServicesREST.testAppTimeoutsXML,OD,,,
https://github.com/apache/hadoop,a585a73c3e02ac62350c136643a5e7f6095a3dbb,hadoop-yarn-project/hadoop-yarn/hadoop-yarn-server/hadoop-yarn-server-router,org.apache.hadoop.yarn.server.router.webapp.TestRouterWebServicesREST.testAppTimeoutXML,OD,,,
https://github.com/apache/hadoop,a585a73c3e02ac62350c136643a5e7f6095a3dbb,hadoop-yarn-project/hadoop-yarn/hadoop-yarn-server/hadoop-yarn-server-router,org.apache.hadoop.yarn.server.router.webapp.TestRouterWebServicesREST.testAppXML,OD,,,
https://github.com/apache/hadoop,a585a73c3e02ac62350c136643a5e7f6095a3dbb,hadoop-yarn-project/hadoop-yarn/hadoop-yarn-server/hadoop-yarn-server-router,org.apache.hadoop.yarn.server.router.webapp.TestRouterWebServicesREST.testClusterInfoXML,OD,,,
https://github.com/apache/hadoop,a585a73c3e02ac62350c136643a5e7f6095a3dbb,hadoop-yarn-project/hadoop-yarn/hadoop-yarn-server/hadoop-yarn-server-router,org.apache.hadoop.yarn.server.router.webapp.TestRouterWebServicesREST.testDeleteReservationXML,OD,,,
https://github.com/apache/hadoop,a585a73c3e02ac62350c136643a5e7f6095a3dbb,hadoop-yarn-project/hadoop-yarn/hadoop-yarn-server/hadoop-yarn-server-router,org.apache.hadoop.yarn.server.router.webapp.TestRouterWebServicesREST.testDumpSchedulerLogsXML,OD,,,
https://github.com/apache/hadoop,a585a73c3e02ac62350c136643a5e7f6095a3dbb,hadoop-yarn-project/hadoop-yarn/hadoop-yarn-server/hadoop-yarn-server-router,org.apache.hadoop.yarn.server.router.webapp.TestRouterWebServicesREST.testGetAppAttemptXML,OD,,,
https://github.com/apache/hadoop,a585a73c3e02ac62350c136643a5e7f6095a3dbb,hadoop-yarn-project/hadoop-yarn/hadoop-yarn-server/hadoop-yarn-server-router,org.apache.hadoop.yarn.server.router.webapp.TestRouterWebServicesREST.testGetAppsMultiThread,OD,,,
https://github.com/apache/hadoop,a585a73c3e02ac62350c136643a5e7f6095a3dbb,hadoop-yarn-project/hadoop-yarn/hadoop-yarn-server/hadoop-yarn-server-router,org.apache.hadoop.yarn.server.router.webapp.TestRouterWebServicesREST.testGetClusterNodeLabelsXML,OD,,,
https://github.com/apache/hadoop,a585a73c3e02ac62350c136643a5e7f6095a3dbb,hadoop-yarn-project/hadoop-yarn/hadoop-yarn-server/hadoop-yarn-server-router,org.apache.hadoop.yarn.server.router.webapp.TestRouterWebServicesREST.testGetContainersXML,OD,,,
https://github.com/apache/hadoop,a585a73c3e02ac62350c136643a5e7f6095a3dbb,hadoop-yarn-project/hadoop-yarn/hadoop-yarn-server/hadoop-yarn-server-router,org.apache.hadoop.yarn.server.router.webapp.TestRouterWebServicesREST.testGetLabelsMappingEmptyXML,OD,,,
https://github.com/apache/hadoop,a585a73c3e02ac62350c136643a5e7f6095a3dbb,hadoop-yarn-project/hadoop-yarn/hadoop-yarn-server/hadoop-yarn-server-router,org.apache.hadoop.yarn.server.router.webapp.TestRouterWebServicesREST.testGetLabelsMappingXML,OD,,,
https://github.com/apache/hadoop,a585a73c3e02ac62350c136643a5e7f6095a3dbb,hadoop-yarn-project/hadoop-yarn/hadoop-yarn-server/hadoop-yarn-server-router,org.apache.hadoop.yarn.server.router.webapp.TestRouterWebServicesREST.testGetLabelsOnNodeXML,OD,,,
https://github.com/apache/hadoop,a585a73c3e02ac62350c136643a5e7f6095a3dbb,hadoop-yarn-project/hadoop-yarn/hadoop-yarn-server/hadoop-yarn-server-router,org.apache.hadoop.yarn.server.router.webapp.TestRouterWebServicesREST.testGetNodeToLabelsXML,OD,,,
https://github.com/apache/hadoop,a585a73c3e02ac62350c136643a5e7f6095a3dbb,hadoop-yarn-project/hadoop-yarn/hadoop-yarn-server/hadoop-yarn-server-router,org.apache.hadoop.yarn.server.router.webapp.TestRouterWebServicesREST.testInfoXML,OD,,,
https://github.com/apache/hadoop,a585a73c3e02ac62350c136643a5e7f6095a3dbb,hadoop-yarn-project/hadoop-yarn/hadoop-yarn-server/hadoop-yarn-server-router,org.apache.hadoop.yarn.server.router.webapp.TestRouterWebServicesREST.testMetricsInfoXML,OD,,,
https://github.com/apache/hadoop,a585a73c3e02ac62350c136643a5e7f6095a3dbb,hadoop-yarn-project/hadoop-yarn/hadoop-yarn-server/hadoop-yarn-server-router,org.apache.hadoop.yarn.server.router.webapp.TestRouterWebServicesREST.testNewApplicationXML,OD,,,
https://github.com/apache/hadoop,a585a73c3e02ac62350c136643a5e7f6095a3dbb,hadoop-yarn-project/hadoop-yarn/hadoop-yarn-server/hadoop-yarn-server-router,org.apache.hadoop.yarn.server.router.webapp.TestRouterWebServicesREST.testNewReservationXML,OD,,,
https://github.com/apache/hadoop,a585a73c3e02ac62350c136643a5e7f6095a3dbb,hadoop-yarn-project/hadoop-yarn/hadoop-yarn-server/hadoop-yarn-server-router,org.apache.hadoop.yarn.server.router.webapp.TestRouterWebServicesREST.testNodesEmptyXML,OD,,,
https://github.com/apache/hadoop,a585a73c3e02ac62350c136643a5e7f6095a3dbb,hadoop-yarn-project/hadoop-yarn/hadoop-yarn-server/hadoop-yarn-server-router,org.apache.hadoop.yarn.server.router.webapp.TestRouterWebServicesREST.testNodesXML,OD,,,
https://github.com/apache/hadoop,a585a73c3e02ac62350c136643a5e7f6095a3dbb,hadoop-yarn-project/hadoop-yarn/hadoop-yarn-server/hadoop-yarn-server-router,org.apache.hadoop.yarn.server.router.webapp.TestRouterWebServicesREST.testNodeXML,OD,,,
https://github.com/apache/hadoop,a585a73c3e02ac62350c136643a5e7f6095a3dbb,hadoop-yarn-project/hadoop-yarn/hadoop-yarn-server/hadoop-yarn-server-router,org.apache.hadoop.yarn.server.router.webapp.TestRouterWebServicesREST.testRemoveFromCluserNodeLabelsXML,OD,,,
https://github.com/apache/hadoop,a585a73c3e02ac62350c136643a5e7f6095a3dbb,hadoop-yarn-project/hadoop-yarn/hadoop-yarn-server/hadoop-yarn-server-router,org.apache.hadoop.yarn.server.router.webapp.TestRouterWebServicesREST.testReplaceLabelsOnNodesXML,OD,,,
https://github.com/apache/hadoop,a585a73c3e02ac62350c136643a5e7f6095a3dbb,hadoop-yarn-project/hadoop-yarn/hadoop-yarn-server/hadoop-yarn-server-router,org.apache.hadoop.yarn.server.router.webapp.TestRouterWebServicesREST.testReplaceLabelsOnNodeXML,OD,,,
https://github.com/apache/hadoop,a585a73c3e02ac62350c136643a5e7f6095a3dbb,hadoop-yarn-project/hadoop-yarn/hadoop-yarn-server/hadoop-yarn-server-router,org.apache.hadoop.yarn.server.router.webapp.TestRouterWebServicesREST.testSchedulerInfoXML,OD,,,
https://github.com/apache/hadoop,a585a73c3e02ac62350c136643a5e7f6095a3dbb,hadoop-yarn-project/hadoop-yarn/hadoop-yarn-server/hadoop-yarn-server-router,org.apache.hadoop.yarn.server.router.webapp.TestRouterWebServicesREST.testSubmitApplicationXML,OD,,,
https://github.com/apache/hadoop,a585a73c3e02ac62350c136643a5e7f6095a3dbb,hadoop-yarn-project/hadoop-yarn/hadoop-yarn-server/hadoop-yarn-server-router,org.apache.hadoop.yarn.server.router.webapp.TestRouterWebServicesREST.testSubmitReservationXML,OD,,,
https://github.com/apache/hadoop,a585a73c3e02ac62350c136643a5e7f6095a3dbb,hadoop-yarn-project/hadoop-yarn/hadoop-yarn-server/hadoop-yarn-server-router,org.apache.hadoop.yarn.server.router.webapp.TestRouterWebServicesREST.testUpdateAppPriorityXML,OD,,,
https://github.com/apache/hadoop,a585a73c3e02ac62350c136643a5e7f6095a3dbb,hadoop-yarn-project/hadoop-yarn/hadoop-yarn-server/hadoop-yarn-server-router,org.apache.hadoop.yarn.server.router.webapp.TestRouterWebServicesREST.testUpdateAppQueueXML,OD,,,
https://github.com/apache/hadoop,a585a73c3e02ac62350c136643a5e7f6095a3dbb,hadoop-yarn-project/hadoop-yarn/hadoop-yarn-server/hadoop-yarn-server-router,org.apache.hadoop.yarn.server.router.webapp.TestRouterWebServicesREST.testUpdateAppStateXML,OD,,,
https://github.com/apache/hadoop,a585a73c3e02ac62350c136643a5e7f6095a3dbb,hadoop-yarn-project/hadoop-yarn/hadoop-yarn-server/hadoop-yarn-server-router,org.apache.hadoop.yarn.server.router.webapp.TestRouterWebServicesREST.testUpdateAppTimeoutsXML,OD,,,
https://github.com/apache/hadoop,a585a73c3e02ac62350c136643a5e7f6095a3dbb,hadoop-yarn-project/hadoop-yarn/hadoop-yarn-server/hadoop-yarn-server-router,org.apache.hadoop.yarn.server.router.webapp.TestRouterWebServicesREST.testUpdateNodeResource,OD,,,
https://github.com/apache/hadoop,a585a73c3e02ac62350c136643a5e7f6095a3dbb,hadoop-yarn-project/hadoop-yarn/hadoop-yarn-server/hadoop-yarn-server-router,org.apache.hadoop.yarn.server.router.webapp.TestRouterWebServicesREST.testUpdateReservationXML,OD,,,
https://github.com/apache/hadoop,a585a73c3e02ac62350c136643a5e7f6095a3dbb,hadoop-yarn-project/hadoop-yarn/hadoop-yarn-server/hadoop-yarn-server-common,org.apache.hadoop.yarn.server.scheduler.TestDistributedOpportunisticContainerAllocator.testAllocationLatencyMetrics,OD,,,
https://github.com/apache/hadoop,a585a73c3e02ac62350c136643a5e7f6095a3dbb,hadoop-yarn-project/hadoop-yarn/hadoop-yarn-server/hadoop-yarn-server-common,org.apache.hadoop.yarn.server.scheduler.TestDistributedOpportunisticContainerAllocator.testAllocationWithNodeLabels,OD,,,
https://github.com/apache/hadoop,a585a73c3e02ac62350c136643a5e7f6095a3dbb,hadoop-yarn-project/hadoop-yarn/hadoop-yarn-server/hadoop-yarn-server-common,org.apache.hadoop.yarn.server.scheduler.TestDistributedOpportunisticContainerAllocator.testLotsOfContainersRackLocalAllocation,OD,,,
https://github.com/apache/hadoop,a585a73c3e02ac62350c136643a5e7f6095a3dbb,hadoop-yarn-project/hadoop-yarn/hadoop-yarn-server/hadoop-yarn-server-common,org.apache.hadoop.yarn.server.scheduler.TestDistributedOpportunisticContainerAllocator.testLotsOfContainersRackLocalAllocationSameSchedKey,OD,,,
https://github.com/apache/hadoop,a585a73c3e02ac62350c136643a5e7f6095a3dbb,hadoop-yarn-project/hadoop-yarn/hadoop-yarn-server/hadoop-yarn-server-common,org.apache.hadoop.yarn.server.scheduler.TestDistributedOpportunisticContainerAllocator.testMaxAllocationsPerAMHeartbeat,OD,,,
https://github.com/apache/hadoop,a585a73c3e02ac62350c136643a5e7f6095a3dbb,hadoop-yarn-project/hadoop-yarn/hadoop-yarn-server/hadoop-yarn-server-common,org.apache.hadoop.yarn.server.scheduler.TestDistributedOpportunisticContainerAllocator.testMaxAllocationsPerAMHeartbeatDifferentSchedKey,OD,,,
https://github.com/apache/hadoop,a585a73c3e02ac62350c136643a5e7f6095a3dbb,hadoop-yarn-project/hadoop-yarn/hadoop-yarn-server/hadoop-yarn-server-common,org.apache.hadoop.yarn.server.scheduler.TestDistributedOpportunisticContainerAllocator.testMaxAllocationsPerAMHeartbeatWithHighLimit,OD,,,
https://github.com/apache/hadoop,a585a73c3e02ac62350c136643a5e7f6095a3dbb,hadoop-yarn-project/hadoop-yarn/hadoop-yarn-server/hadoop-yarn-server-common,org.apache.hadoop.yarn.server.scheduler.TestDistributedOpportunisticContainerAllocator.testMaxAllocationsPerAMHeartbeatWithNoLimit,OD,,,
https://github.com/apache/hadoop,a585a73c3e02ac62350c136643a5e7f6095a3dbb,hadoop-yarn-project/hadoop-yarn/hadoop-yarn-server/hadoop-yarn-server-common,org.apache.hadoop.yarn.server.scheduler.TestDistributedOpportunisticContainerAllocator.testNodeLocalAllocation,OD,,,
https://github.com/apache/hadoop,a585a73c3e02ac62350c136643a5e7f6095a3dbb,hadoop-yarn-project/hadoop-yarn/hadoop-yarn-server/hadoop-yarn-server-common,org.apache.hadoop.yarn.server.scheduler.TestDistributedOpportunisticContainerAllocator.testNodeLocalAllocationSameSchedKey,OD,,,
https://github.com/apache/hadoop,a585a73c3e02ac62350c136643a5e7f6095a3dbb,hadoop-yarn-project/hadoop-yarn/hadoop-yarn-server/hadoop-yarn-server-common,org.apache.hadoop.yarn.server.scheduler.TestDistributedOpportunisticContainerAllocator.testOffSwitchAllocationWhenNoNodeOrRack,OD,,,
https://github.com/apache/hadoop,a585a73c3e02ac62350c136643a5e7f6095a3dbb,hadoop-yarn-project/hadoop-yarn/hadoop-yarn-server/hadoop-yarn-server-common,org.apache.hadoop.yarn.server.scheduler.TestDistributedOpportunisticContainerAllocator.testRoundRobinRackLocalAllocation,OD,,,
https://github.com/apache/hadoop,a585a73c3e02ac62350c136643a5e7f6095a3dbb,hadoop-yarn-project/hadoop-yarn/hadoop-yarn-server/hadoop-yarn-server-common,org.apache.hadoop.yarn.server.scheduler.TestDistributedOpportunisticContainerAllocator.testRoundRobinRackLocalAllocationSameSchedKey,OD,,,
https://github.com/apache/hadoop,a585a73c3e02ac62350c136643a5e7f6095a3dbb,hadoop-yarn-project/hadoop-yarn/hadoop-yarn-server/hadoop-yarn-server-common,org.apache.hadoop.yarn.server.scheduler.TestDistributedOpportunisticContainerAllocator.testRoundRobinSimpleAllocation,OD,,,
https://github.com/apache/hadoop,a585a73c3e02ac62350c136643a5e7f6095a3dbb,hadoop-yarn-project/hadoop-yarn/hadoop-yarn-server/hadoop-yarn-server-common,org.apache.hadoop.yarn.server.scheduler.TestDistributedOpportunisticContainerAllocator.testSimpleAllocation,OD,,,
https://github.com/apache/hadoop,a585a73c3e02ac62350c136643a5e7f6095a3dbb,hadoop-yarn-project/hadoop-yarn/hadoop-yarn-server/hadoop-yarn-server-common,org.apache.hadoop.yarn.server.scheduler.TestDistributedOpportunisticContainerAllocator.testSimpleRackLocalAllocation,OD,,,
https://github.com/apache/hadoop,cc2babc1f75c93bf89a8f10da525f944c15d02ea,hadoop-yarn-project/hadoop-yarn/hadoop-yarn-server/hadoop-yarn-server-timeline-pluginstorage,org.apache.hadoop.yarn.server.timeline.TestEntityGroupFSTimelineStore.testGetEntityPluginRead,NOD,,,
https://github.com/apache/hadoop,cc2babc1f75c93bf89a8f10da525f944c15d02ea,hadoop-yarn-project/hadoop-yarn/hadoop-yarn-server/hadoop-yarn-server-timeline-pluginstorage,org.apache.hadoop.yarn.server.timeline.TestEntityGroupFSTimelineStore.testMoveToDone,NOD,,,
https://github.com/apache/hadoop,cc2babc1f75c93bf89a8f10da525f944c15d02ea,hadoop-yarn-project/hadoop-yarn/hadoop-yarn-server/hadoop-yarn-server-timeline-pluginstorage,org.apache.hadoop.yarn.server.timeline.TestEntityGroupFSTimelineStore.testParseSummaryLogs,NOD,,,
https://github.com/apache/hadoop,cc2babc1f75c93bf89a8f10da525f944c15d02ea,hadoop-yarn-project/hadoop-yarn/hadoop-yarn-server/hadoop-yarn-server-timeline-pluginstorage,org.apache.hadoop.yarn.server.timeline.TestEntityGroupFSTimelineStore.testSummaryRead,OD,,,
https://github.com/apache/hadoop,cc2babc1f75c93bf89a8f10da525f944c15d02ea,hadoop-yarn-project/hadoop-yarn/hadoop-yarn-server/hadoop-yarn-server-timelineservice,org.apache.hadoop.yarn.server.timelineservice.reader.TestTimelineReaderWebServices.testAbout,OD,,,
https://github.com/apache/hadoop,cc2babc1f75c93bf89a8f10da525f944c15d02ea,hadoop-yarn-project/hadoop-yarn/hadoop-yarn-server/hadoop-yarn-server-timelineservice,org.apache.hadoop.yarn.server.timelineservice.reader.TestTimelineReaderWebServices.testGetAppAttempt,OD,,,
https://github.com/apache/hadoop,cc2babc1f75c93bf89a8f10da525f944c15d02ea,hadoop-yarn-project/hadoop-yarn/hadoop-yarn-server/hadoop-yarn-server-timelineservice,org.apache.hadoop.yarn.server.timelineservice.reader.TestTimelineReaderWebServices.testGetAppAttempts,OD,,,
https://github.com/apache/hadoop,cc2babc1f75c93bf89a8f10da525f944c15d02ea,hadoop-yarn-project/hadoop-yarn/hadoop-yarn-server/hadoop-yarn-server-timelineservice,org.apache.hadoop.yarn.server.timelineservice.reader.TestTimelineReaderWebServices.testGetContainer,OD,,,
https://github.com/apache/hadoop,cc2babc1f75c93bf89a8f10da525f944c15d02ea,hadoop-yarn-project/hadoop-yarn/hadoop-yarn-server/hadoop-yarn-server-timelineservice,org.apache.hadoop.yarn.server.timelineservice.reader.TestTimelineReaderWebServices.testGetContainers,OD,,,
https://github.com/apache/hadoop,cc2babc1f75c93bf89a8f10da525f944c15d02ea,hadoop-yarn-project/hadoop-yarn/hadoop-yarn-server/hadoop-yarn-server-timelineservice,org.apache.hadoop.yarn.server.timelineservice.reader.TestTimelineReaderWebServices.testGetEntities,OD,,,
https://github.com/apache/hadoop,cc2babc1f75c93bf89a8f10da525f944c15d02ea,hadoop-yarn-project/hadoop-yarn/hadoop-yarn-server/hadoop-yarn-server-timelineservice,org.apache.hadoop.yarn.server.timelineservice.reader.TestTimelineReaderWebServices.testGetEntitiesBasedOnCreatedTime,OD,,,
https://github.com/apache/hadoop,cc2babc1f75c93bf89a8f10da525f944c15d02ea,hadoop-yarn-project/hadoop-yarn/hadoop-yarn-server/hadoop-yarn-server-timelineservice,org.apache.hadoop.yarn.server.timelineservice.reader.TestTimelineReaderWebServices.testGetEntitiesByConfigFilters,OD,,,
https://github.com/apache/hadoop,cc2babc1f75c93bf89a8f10da525f944c15d02ea,hadoop-yarn-project/hadoop-yarn/hadoop-yarn-server/hadoop-yarn-server-timelineservice,org.apache.hadoop.yarn.server.timelineservice.reader.TestTimelineReaderWebServices.testGetEntitiesByEventFilters,OD,,,
https://github.com/apache/hadoop,cc2babc1f75c93bf89a8f10da525f944c15d02ea,hadoop-yarn-project/hadoop-yarn/hadoop-yarn-server/hadoop-yarn-server-timelineservice,org.apache.hadoop.yarn.server.timelineservice.reader.TestTimelineReaderWebServices.testGetEntitiesByInfoFilters,OD,,,
https://github.com/apache/hadoop,cc2babc1f75c93bf89a8f10da525f944c15d02ea,hadoop-yarn-project/hadoop-yarn/hadoop-yarn-server/hadoop-yarn-server-timelineservice,org.apache.hadoop.yarn.server.timelineservice.reader.TestTimelineReaderWebServices.testGetEntitiesByMetricFilters,OD,,,
https://github.com/apache/hadoop,cc2babc1f75c93bf89a8f10da525f944c15d02ea,hadoop-yarn-project/hadoop-yarn/hadoop-yarn-server/hadoop-yarn-server-timelineservice,org.apache.hadoop.yarn.server.timelineservice.reader.TestTimelineReaderWebServices.testGetEntitiesByRelations,OD,,,
https://github.com/apache/hadoop,cc2babc1f75c93bf89a8f10da525f944c15d02ea,hadoop-yarn-project/hadoop-yarn/hadoop-yarn-server/hadoop-yarn-server-timelineservice,org.apache.hadoop.yarn.server.timelineservice.reader.TestTimelineReaderWebServices.testGetEntitiesNoMatch,OD,,,
https://github.com/apache/hadoop,cc2babc1f75c93bf89a8f10da525f944c15d02ea,hadoop-yarn-project/hadoop-yarn/hadoop-yarn-server/hadoop-yarn-server-timelineservice,org.apache.hadoop.yarn.server.timelineservice.reader.TestTimelineReaderWebServices.testGetEntitiesWithLimit,OD,,,
https://github.com/apache/hadoop,cc2babc1f75c93bf89a8f10da525f944c15d02ea,hadoop-yarn-project/hadoop-yarn/hadoop-yarn-server/hadoop-yarn-server-timelineservice,org.apache.hadoop.yarn.server.timelineservice.reader.TestTimelineReaderWebServices.testGetEntityAllFields,OD,,,
https://github.com/apache/hadoop,cc2babc1f75c93bf89a8f10da525f944c15d02ea,hadoop-yarn-project/hadoop-yarn/hadoop-yarn-server/hadoop-yarn-server-timelineservice,org.apache.hadoop.yarn.server.timelineservice.reader.TestTimelineReaderWebServices.testGetEntityCustomFields,OD,,,
https://github.com/apache/hadoop,cc2babc1f75c93bf89a8f10da525f944c15d02ea,hadoop-yarn-project/hadoop-yarn/hadoop-yarn-server/hadoop-yarn-server-timelineservice,org.apache.hadoop.yarn.server.timelineservice.reader.TestTimelineReaderWebServices.testGetEntityDefaultView,NOD,,,
https://github.com/apache/hadoop,cc2babc1f75c93bf89a8f10da525f944c15d02ea,hadoop-yarn-project/hadoop-yarn/hadoop-yarn-server/hadoop-yarn-server-timelineservice,org.apache.hadoop.yarn.server.timelineservice.reader.TestTimelineReaderWebServices.testGetEntityNotPresent,OD,,,
https://github.com/apache/hadoop,cc2babc1f75c93bf89a8f10da525f944c15d02ea,hadoop-yarn-project/hadoop-yarn/hadoop-yarn-server/hadoop-yarn-server-timelineservice,org.apache.hadoop.yarn.server.timelineservice.reader.TestTimelineReaderWebServices.testGetEntityWithUserAndFlowInfo,OD,,,
https://github.com/apache/hadoop,a585a73c3e02ac62350c136643a5e7f6095a3dbb,hadoop-yarn-project/hadoop-yarn/hadoop-yarn-server/hadoop-yarn-server-timelineservice,org.apache.hadoop.yarn.server.timelineservice.reader.TestTimelineReaderWebServices.testHealthCheck,OD,,,
https://github.com/apache/hadoop,cc2babc1f75c93bf89a8f10da525f944c15d02ea,hadoop-yarn-project/hadoop-yarn/hadoop-yarn-server/hadoop-yarn-server-timelineservice,org.apache.hadoop.yarn.server.timelineservice.reader.TestTimelineReaderWebServices.testInvalidValuesHandling,OD,,,
https://github.com/apache/hadoop,cc2babc1f75c93bf89a8f10da525f944c15d02ea,hadoop-yarn-project/hadoop-yarn/hadoop-yarn-server/hadoop-yarn-server-timelineservice,org.apache.hadoop.yarn.server.timelineservice.reader.TestTimelineReaderWebServices.testQueryWithoutCluster,OD,,,
https://github.com/apache/hadoop,a585a73c3e02ac62350c136643a5e7f6095a3dbb,hadoop-yarn-project/hadoop-yarn/hadoop-yarn-server/hadoop-yarn-server-timelineservice,org.apache.hadoop.yarn.server.timelineservice.reader.TestTimelineReaderWebServicesACL.testGetEntityTypes,OD,,,
https://github.com/apache/hadoop,cc2babc1f75c93bf89a8f10da525f944c15d02ea,hadoop-yarn-project/hadoop-yarn/hadoop-yarn-server/hadoop-yarn-server-timelineservice,org.apache.hadoop.yarn.server.timelineservice.reader.TestTimelineReaderWebServicesBasicAcl.testTimelineReaderManagerAclsWhenDisabled,OD,,,
https://github.com/apache/hadoop,cc2babc1f75c93bf89a8f10da525f944c15d02ea,hadoop-yarn-project/hadoop-yarn/hadoop-yarn-server/hadoop-yarn-server-timelineservice,org.apache.hadoop.yarn.server.timelineservice.reader.TestTimelineReaderWebServicesBasicAcl.testTimelineReaderManagerAclsWhenEnabled,OD,,,
https://github.com/apache/hadoop,a585a73c3e02ac62350c136643a5e7f6095a3dbb,hadoop-yarn-project/hadoop-yarn/hadoop-yarn-server/hadoop-yarn-server-timelineservice-hbase-tests,org.apache.hadoop.yarn.server.timelineservice.reader.TestTimelineReaderWebServicesHBaseStorage.testForFlowAppsPagination,OD,,,
https://github.com/apache/hadoop,a585a73c3e02ac62350c136643a5e7f6095a3dbb,hadoop-yarn-project/hadoop-yarn/hadoop-yarn-server/hadoop-yarn-server-timelineservice-hbase-tests,org.apache.hadoop.yarn.server.timelineservice.reader.TestTimelineReaderWebServicesHBaseStorage.testForFlowRunAppsPagination,OD,,,
https://github.com/apache/hadoop,a585a73c3e02ac62350c136643a5e7f6095a3dbb,hadoop-yarn-project/hadoop-yarn/hadoop-yarn-server/hadoop-yarn-server-timelineservice-hbase-tests,org.apache.hadoop.yarn.server.timelineservice.reader.TestTimelineReaderWebServicesHBaseStorage.testForFlowRunsPagination,OD,,,
https://github.com/apache/hadoop,a585a73c3e02ac62350c136643a5e7f6095a3dbb,hadoop-yarn-project/hadoop-yarn/hadoop-yarn-server/hadoop-yarn-server-timelineservice-hbase-tests,org.apache.hadoop.yarn.server.timelineservice.reader.TestTimelineReaderWebServicesHBaseStorage.testGenericEntitiesForPagination,OD,,,
https://github.com/apache/hadoop,a585a73c3e02ac62350c136643a5e7f6095a3dbb,hadoop-yarn-project/hadoop-yarn/hadoop-yarn-server/hadoop-yarn-server-timelineservice-hbase-tests,org.apache.hadoop.yarn.server.timelineservice.reader.TestTimelineReaderWebServicesHBaseStorage.testGetApp,OD,,,
https://github.com/apache/hadoop,a585a73c3e02ac62350c136643a5e7f6095a3dbb,hadoop-yarn-project/hadoop-yarn/hadoop-yarn-server/hadoop-yarn-server-timelineservice-hbase-tests,org.apache.hadoop.yarn.server.timelineservice.reader.TestTimelineReaderWebServicesHBaseStorage.testGetAppNotPresent,OD,,,
https://github.com/apache/hadoop,a585a73c3e02ac62350c136643a5e7f6095a3dbb,hadoop-yarn-project/hadoop-yarn/hadoop-yarn-server/hadoop-yarn-server-timelineservice-hbase-tests,org.apache.hadoop.yarn.server.timelineservice.reader.TestTimelineReaderWebServicesHBaseStorage.testGetAppsMetricsRange,OD,,,
https://github.com/apache/hadoop,a585a73c3e02ac62350c136643a5e7f6095a3dbb,hadoop-yarn-project/hadoop-yarn/hadoop-yarn-server/hadoop-yarn-server-timelineservice-hbase-tests,org.apache.hadoop.yarn.server.timelineservice.reader.TestTimelineReaderWebServicesHBaseStorage.testGetAppWithoutFlowInfo,OD,,,
https://github.com/apache/hadoop,a585a73c3e02ac62350c136643a5e7f6095a3dbb,hadoop-yarn-project/hadoop-yarn/hadoop-yarn-server/hadoop-yarn-server-timelineservice-hbase-tests,org.apache.hadoop.yarn.server.timelineservice.reader.TestTimelineReaderWebServicesHBaseStorage.testGetEntitiesByUID,OD,,,
https://github.com/apache/hadoop,a585a73c3e02ac62350c136643a5e7f6095a3dbb,hadoop-yarn-project/hadoop-yarn/hadoop-yarn-server/hadoop-yarn-server-timelineservice-hbase-tests,org.apache.hadoop.yarn.server.timelineservice.reader.TestTimelineReaderWebServicesHBaseStorage.testGetEntitiesConfigFilters,OD,,,
https://github.com/apache/hadoop,a585a73c3e02ac62350c136643a5e7f6095a3dbb,hadoop-yarn-project/hadoop-yarn/hadoop-yarn-server/hadoop-yarn-server-timelineservice-hbase-tests,org.apache.hadoop.yarn.server.timelineservice.reader.TestTimelineReaderWebServicesHBaseStorage.testGetEntitiesDataToRetrieve,OD,,,
https://github.com/apache/hadoop,a585a73c3e02ac62350c136643a5e7f6095a3dbb,hadoop-yarn-project/hadoop-yarn/hadoop-yarn-server/hadoop-yarn-server-timelineservice-hbase-tests,org.apache.hadoop.yarn.server.timelineservice.reader.TestTimelineReaderWebServicesHBaseStorage.testGetEntitiesEventFilters,OD,,,
https://github.com/apache/hadoop,a585a73c3e02ac62350c136643a5e7f6095a3dbb,hadoop-yarn-project/hadoop-yarn/hadoop-yarn-server/hadoop-yarn-server-timelineservice-hbase-tests,org.apache.hadoop.yarn.server.timelineservice.reader.TestTimelineReaderWebServicesHBaseStorage.testGetEntitiesInfoFilters,OD,,,
https://github.com/apache/hadoop,a585a73c3e02ac62350c136643a5e7f6095a3dbb,hadoop-yarn-project/hadoop-yarn/hadoop-yarn-server/hadoop-yarn-server-timelineservice-hbase-tests,org.apache.hadoop.yarn.server.timelineservice.reader.TestTimelineReaderWebServicesHBaseStorage.testGetEntitiesMetricFilters,OD,,,
https://github.com/apache/hadoop,a585a73c3e02ac62350c136643a5e7f6095a3dbb,hadoop-yarn-project/hadoop-yarn/hadoop-yarn-server/hadoop-yarn-server-timelineservice-hbase-tests,org.apache.hadoop.yarn.server.timelineservice.reader.TestTimelineReaderWebServicesHBaseStorage.testGetEntitiesMetricsTimeRange,OD,,,
https://github.com/apache/hadoop,a585a73c3e02ac62350c136643a5e7f6095a3dbb,hadoop-yarn-project/hadoop-yarn/hadoop-yarn-server/hadoop-yarn-server-timelineservice-hbase-tests,org.apache.hadoop.yarn.server.timelineservice.reader.TestTimelineReaderWebServicesHBaseStorage.testGetEntitiesRelationFilters,OD,,,
https://github.com/apache/hadoop,a585a73c3e02ac62350c136643a5e7f6095a3dbb,hadoop-yarn-project/hadoop-yarn/hadoop-yarn-server/hadoop-yarn-server-timelineservice-hbase-tests,org.apache.hadoop.yarn.server.timelineservice.reader.TestTimelineReaderWebServicesHBaseStorage.testGetEntitiesWithoutFlowInfo,OD,,,
https://github.com/apache/hadoop,a585a73c3e02ac62350c136643a5e7f6095a3dbb,hadoop-yarn-project/hadoop-yarn/hadoop-yarn-server/hadoop-yarn-server-timelineservice-hbase-tests,org.apache.hadoop.yarn.server.timelineservice.reader.TestTimelineReaderWebServicesHBaseStorage.testGetEntityDataToRetrieve,OD,,,
https://github.com/apache/hadoop,a585a73c3e02ac62350c136643a5e7f6095a3dbb,hadoop-yarn-project/hadoop-yarn/hadoop-yarn-server/hadoop-yarn-server-timelineservice-hbase-tests,org.apache.hadoop.yarn.server.timelineservice.reader.TestTimelineReaderWebServicesHBaseStorage.testGetEntityWithoutFlowInfo,OD,,,
https://github.com/apache/hadoop,a585a73c3e02ac62350c136643a5e7f6095a3dbb,hadoop-yarn-project/hadoop-yarn/hadoop-yarn-server/hadoop-yarn-server-timelineservice-hbase-tests,org.apache.hadoop.yarn.server.timelineservice.reader.TestTimelineReaderWebServicesHBaseStorage.testGetFlowApps,OD,,,
https://github.com/apache/hadoop,a585a73c3e02ac62350c136643a5e7f6095a3dbb,hadoop-yarn-project/hadoop-yarn/hadoop-yarn-server/hadoop-yarn-server-timelineservice-hbase-tests,org.apache.hadoop.yarn.server.timelineservice.reader.TestTimelineReaderWebServicesHBaseStorage.testGetFlowAppsFilters,OD,,,
https://github.com/apache/hadoop,a585a73c3e02ac62350c136643a5e7f6095a3dbb,hadoop-yarn-project/hadoop-yarn/hadoop-yarn-server/hadoop-yarn-server-timelineservice-hbase-tests,org.apache.hadoop.yarn.server.timelineservice.reader.TestTimelineReaderWebServicesHBaseStorage.testGetFlowAppsNotPresent,OD,,,
https://github.com/apache/hadoop,a585a73c3e02ac62350c136643a5e7f6095a3dbb,hadoop-yarn-project/hadoop-yarn/hadoop-yarn-server/hadoop-yarn-server-timelineservice-hbase-tests,org.apache.hadoop.yarn.server.timelineservice.reader.TestTimelineReaderWebServicesHBaseStorage.testGetFlowRun,OD,,,
https://github.com/apache/hadoop,a585a73c3e02ac62350c136643a5e7f6095a3dbb,hadoop-yarn-project/hadoop-yarn/hadoop-yarn-server/hadoop-yarn-server-timelineservice-hbase-tests,org.apache.hadoop.yarn.server.timelineservice.reader.TestTimelineReaderWebServicesHBaseStorage.testGetFlowRunApps,OD,,,
https://github.com/apache/hadoop,a585a73c3e02ac62350c136643a5e7f6095a3dbb,hadoop-yarn-project/hadoop-yarn/hadoop-yarn-server/hadoop-yarn-server-timelineservice-hbase-tests,org.apache.hadoop.yarn.server.timelineservice.reader.TestTimelineReaderWebServicesHBaseStorage.testGetFlowRunAppsNotPresent,OD,,,
https://github.com/apache/hadoop,a585a73c3e02ac62350c136643a5e7f6095a3dbb,hadoop-yarn-project/hadoop-yarn/hadoop-yarn-server/hadoop-yarn-server-timelineservice-hbase-tests,org.apache.hadoop.yarn.server.timelineservice.reader.TestTimelineReaderWebServicesHBaseStorage.testGetFlowRunNotPresent,OD,,,
https://github.com/apache/hadoop,a585a73c3e02ac62350c136643a5e7f6095a3dbb,hadoop-yarn-project/hadoop-yarn/hadoop-yarn-server/hadoop-yarn-server-timelineservice-hbase-tests,org.apache.hadoop.yarn.server.timelineservice.reader.TestTimelineReaderWebServicesHBaseStorage.testGetFlowRuns,OD,,,
https://github.com/apache/hadoop,a585a73c3e02ac62350c136643a5e7f6095a3dbb,hadoop-yarn-project/hadoop-yarn/hadoop-yarn-server/hadoop-yarn-server-timelineservice-hbase-tests,org.apache.hadoop.yarn.server.timelineservice.reader.TestTimelineReaderWebServicesHBaseStorage.testGetFlowRunsMetricsToRetrieve,OD,,,
https://github.com/apache/hadoop,a585a73c3e02ac62350c136643a5e7f6095a3dbb,hadoop-yarn-project/hadoop-yarn/hadoop-yarn-server/hadoop-yarn-server-timelineservice-hbase-tests,org.apache.hadoop.yarn.server.timelineservice.reader.TestTimelineReaderWebServicesHBaseStorage.testGetFlows,OD,,,
https://github.com/apache/hadoop,a585a73c3e02ac62350c136643a5e7f6095a3dbb,hadoop-yarn-project/hadoop-yarn/hadoop-yarn-server/hadoop-yarn-server-timelineservice-hbase-tests,org.apache.hadoop.yarn.server.timelineservice.reader.TestTimelineReaderWebServicesHBaseStorage.testGetFlowsForPagination,OD,,,
https://github.com/apache/hadoop,a585a73c3e02ac62350c136643a5e7f6095a3dbb,hadoop-yarn-project/hadoop-yarn/hadoop-yarn-server/hadoop-yarn-server-timelineservice-hbase-tests,org.apache.hadoop.yarn.server.timelineservice.reader.TestTimelineReaderWebServicesHBaseStorage.testGetFlowsNotPresent,OD,,,
https://github.com/apache/hadoop,a585a73c3e02ac62350c136643a5e7f6095a3dbb,hadoop-yarn-project/hadoop-yarn/hadoop-yarn-server/hadoop-yarn-server-timelineservice-hbase-tests,org.apache.hadoop.yarn.server.timelineservice.reader.TestTimelineReaderWebServicesHBaseStorage.testUIDNotProperlyEscaped,OD,,,
https://github.com/apache/hadoop,a585a73c3e02ac62350c136643a5e7f6095a3dbb,hadoop-yarn-project/hadoop-yarn/hadoop-yarn-server/hadoop-yarn-server-timelineservice-hbase-tests,org.apache.hadoop.yarn.server.timelineservice.reader.TestTimelineReaderWebServicesHBaseStorage.testUIDQueryWithAndWithoutFlowContextInfo,OD,,,
https://github.com/apache/hadoop,cc2babc1f75c93bf89a8f10da525f944c15d02ea,hadoop-yarn-project/hadoop-yarn/hadoop-yarn-server/hadoop-yarn-server-timelineservice-hbase-tests,org.apache.hadoop.yarn.server.timelineservice.storage.flow.TestHBaseStorageFlowRunCompaction.testWriteScanBatchLimit,OD,,,
https://github.com/apache/hadoop,cc2babc1f75c93bf89a8f10da525f944c15d02ea,hadoop-yarn-project/hadoop-yarn/hadoop-yarn-server/hadoop-yarn-server-timelineservice-hbase-tests,org.apache.hadoop.yarn.server.timelineservice.storage.TestHBaseTimelineStorageEntities.testWriteEntityToHBase,OD,,,
https://github.com/apache/hadoop,a585a73c3e02ac62350c136643a5e7f6095a3dbb,hadoop-yarn-project/hadoop-yarn/hadoop-yarn-server/hadoop-yarn-server-timelineservice-hbase-tests,org.apache.hadoop.yarn.server.timelineservice.storage.TestTimelineWriterHBaseDown.testTimelineWriterHBaseDown,OD,,,
https://github.com/apache/hadoop,a585a73c3e02ac62350c136643a5e7f6095a3dbb,hadoop-yarn-project/hadoop-yarn/hadoop-yarn-server/hadoop-yarn-server-web-proxy,org.apache.hadoop.yarn.server.webproxy.amfilter.TestSecureAmFilter.testFindRedirectUrl,OD,,,
https://github.com/apache/hadoop,a585a73c3e02ac62350c136643a5e7f6095a3dbb,hadoop-yarn-project/hadoop-yarn/hadoop-yarn-server/hadoop-yarn-server-web-proxy,org.apache.hadoop.yarn.server.webproxy.TestWebAppProxyServer.testStart,OD,,,
https://github.com/apache/hadoop,a585a73c3e02ac62350c136643a5e7f6095a3dbb,hadoop-yarn-project/hadoop-yarn/hadoop-yarn-server/hadoop-yarn-server-web-proxy,org.apache.hadoop.yarn.server.webproxy.TestWebAppProxyServer.testStartWithBindHost,OD,,,
https://github.com/apache/hadoop,a585a73c3e02ac62350c136643a5e7f6095a3dbb,hadoop-yarn-project/hadoop-yarn/hadoop-yarn-applications/hadoop-yarn-services/hadoop-yarn-services-api,org.apache.hadoop.yarn.service.client.TestApiServiceClient.testNoneSecureApiClient,OD,,,
https://github.com/apache/hadoop,a585a73c3e02ac62350c136643a5e7f6095a3dbb,hadoop-yarn-project/hadoop-yarn/hadoop-yarn-applications/hadoop-yarn-services/hadoop-yarn-services-core,org.apache.hadoop.yarn.service.client.TestServiceClient.testActionCompInstanceUpgrade,OD,,,
https://github.com/apache/hadoop,a585a73c3e02ac62350c136643a5e7f6095a3dbb,hadoop-yarn-project/hadoop-yarn/hadoop-yarn-applications/hadoop-yarn-services/hadoop-yarn-services-core,org.apache.hadoop.yarn.service.client.TestServiceClient.testActionServiceUpgrade,OD,,,
https://github.com/apache/hadoop,a585a73c3e02ac62350c136643a5e7f6095a3dbb,hadoop-yarn-project/hadoop-yarn/hadoop-yarn-applications/hadoop-yarn-services/hadoop-yarn-services-core,org.apache.hadoop.yarn.service.client.TestServiceClient.testGetCompInstances,OD,,,
https://github.com/apache/hadoop,a585a73c3e02ac62350c136643a5e7f6095a3dbb,hadoop-yarn-project/hadoop-yarn/hadoop-yarn-applications/hadoop-yarn-services/hadoop-yarn-services-core,org.apache.hadoop.yarn.service.client.TestServiceClient.testUpgradeDisabledWhenAllCompsHaveNeverRestartPolicy,OD,,,
https://github.com/apache/hadoop,a585a73c3e02ac62350c136643a5e7f6095a3dbb,hadoop-yarn-project/hadoop-yarn/hadoop-yarn-applications/hadoop-yarn-services/hadoop-yarn-services-api,org.apache.hadoop.yarn.service.client.TestSystemServiceManagerImpl.testFileSystemCloseWhenCleanUpService,OD,,,
https://github.com/apache/hadoop,a585a73c3e02ac62350c136643a5e7f6095a3dbb,hadoop-yarn-project/hadoop-yarn/hadoop-yarn-applications/hadoop-yarn-services/hadoop-yarn-services-core,org.apache.hadoop.yarn.service.monitor.TestServiceMonitor.testComponentDependency,OD,,,
https://github.com/apache/hadoop,a585a73c3e02ac62350c136643a5e7f6095a3dbb,hadoop-yarn-project/hadoop-yarn/hadoop-yarn-applications/hadoop-yarn-services/hadoop-yarn-services-core,org.apache.hadoop.yarn.service.TestServiceAM.testContainersFromDifferentApp,OD,,,
https://github.com/apache/hadoop,a585a73c3e02ac62350c136643a5e7f6095a3dbb,hadoop-yarn-project/hadoop-yarn/hadoop-yarn-applications/hadoop-yarn-services/hadoop-yarn-services-core,org.apache.hadoop.yarn.service.TestServiceAM.testContainersReleasedWhenPreLaunchFails,OD,,,
https://github.com/apache/hadoop,a585a73c3e02ac62350c136643a5e7f6095a3dbb,hadoop-yarn-project/hadoop-yarn/hadoop-yarn-applications/hadoop-yarn-services/hadoop-yarn-services-core,org.apache.hadoop.yarn.service.TestServiceAM.testIPChange,OD,,,
https://github.com/apache/hadoop,a585a73c3e02ac62350c136643a5e7f6095a3dbb,hadoop-yarn-project/hadoop-yarn/hadoop-yarn-applications/hadoop-yarn-services/hadoop-yarn-services-core,org.apache.hadoop.yarn.service.TestServiceManager.testAutoFinalize,OD,,,
https://github.com/apache/hadoop,a585a73c3e02ac62350c136643a5e7f6095a3dbb,hadoop-yarn-project/hadoop-yarn/hadoop-yarn-applications/hadoop-yarn-services/hadoop-yarn-services-core,org.apache.hadoop.yarn.service.TestServiceManager.testAutoFinalizeNothingToUpgrade,OD,,,
https://github.com/apache/hadoop,a585a73c3e02ac62350c136643a5e7f6095a3dbb,hadoop-yarn-project/hadoop-yarn/hadoop-yarn-applications/hadoop-yarn-services/hadoop-yarn-services-core,org.apache.hadoop.yarn.service.TestServiceManager.testCancelUpgrade,OD,,,
https://github.com/apache/hadoop,a585a73c3e02ac62350c136643a5e7f6095a3dbb,hadoop-yarn-project/hadoop-yarn/hadoop-yarn-applications/hadoop-yarn-services/hadoop-yarn-services-core,org.apache.hadoop.yarn.service.TestServiceManager.testCancelUpgradeAfterInitiate,OD,,,
https://github.com/apache/hadoop,a585a73c3e02ac62350c136643a5e7f6095a3dbb,hadoop-yarn-project/hadoop-yarn/hadoop-yarn-applications/hadoop-yarn-services/hadoop-yarn-services-core,org.apache.hadoop.yarn.service.TestServiceManager.testExpressUpgrade,OD,,,
https://github.com/apache/hadoop,a585a73c3e02ac62350c136643a5e7f6095a3dbb,hadoop-yarn-project/hadoop-yarn/hadoop-yarn-applications/hadoop-yarn-services/hadoop-yarn-services-core,org.apache.hadoop.yarn.service.TestServiceManager.testFinalize,OD,,,
https://github.com/apache/hadoop,a585a73c3e02ac62350c136643a5e7f6095a3dbb,hadoop-yarn-project/hadoop-yarn/hadoop-yarn-applications/hadoop-yarn-services/hadoop-yarn-services-core,org.apache.hadoop.yarn.service.TestServiceManager.testInvalidUpgrade,OD,,,
https://github.com/apache/hadoop,a585a73c3e02ac62350c136643a5e7f6095a3dbb,hadoop-yarn-project/hadoop-yarn/hadoop-yarn-applications/hadoop-yarn-services/hadoop-yarn-services-core,org.apache.hadoop.yarn.service.TestServiceManager.testRestartNothingToUpgrade,OD,,,
https://github.com/apache/hadoop,a585a73c3e02ac62350c136643a5e7f6095a3dbb,hadoop-yarn-project/hadoop-yarn/hadoop-yarn-applications/hadoop-yarn-services/hadoop-yarn-services-core,org.apache.hadoop.yarn.service.TestServiceManager.testRestartWithPendingUpgrade,OD,,,
https://github.com/apache/hadoop,a585a73c3e02ac62350c136643a5e7f6095a3dbb,hadoop-yarn-project/hadoop-yarn/hadoop-yarn-applications/hadoop-yarn-services/hadoop-yarn-services-core,org.apache.hadoop.yarn.service.TestServiceManager.testUpgrade,OD,,,
https://github.com/apache/hadoop,a585a73c3e02ac62350c136643a5e7f6095a3dbb,hadoop-yarn-project/hadoop-yarn/hadoop-yarn-common,org.apache.hadoop.yarn.TestContainerLaunchRPC.testHadoopProtoRPCTimeout,OD,,,
https://github.com/apache/hadoop,a585a73c3e02ac62350c136643a5e7f6095a3dbb,hadoop-yarn-project/hadoop-yarn/hadoop-yarn-common,org.apache.hadoop.yarn.TestContainerResourceIncreaseRPC.testHadoopProtoRPCTimeout,OD,,,
https://github.com/apache/hadoop,a585a73c3e02ac62350c136643a5e7f6095a3dbb,hadoop-yarn-project/hadoop-yarn/hadoop-yarn-common,org.apache.hadoop.yarn.util.resource.TestResourceUtils.testGetResourceTypes,OD,,,
https://github.com/apache/hadoop,a585a73c3e02ac62350c136643a5e7f6095a3dbb,hadoop-yarn-project/hadoop-yarn/hadoop-yarn-common,org.apache.hadoop.yarn.util.TestRackResolverScriptBasedMapping.testScriptName,OD,,,
https://github.com/apache/hbase,801fc05e9c082ab12c7c1207087d3667ab162d1a,hbase-server,org.apache.hadoop.hbase.io.TestMetricsIO.testMetrics,NIO,,,
https://github.com/apache/hbase,801fc05e9c082ab12c7c1207087d3667ab162d1a,hbase-server,org.apache.hadoop.hbase.ipc.TestRpcMetrics.testSourceMethods,NIO,,,https://github.com/TestingResearchIllinois/idoft/issues/411
https://github.com/apache/hbase,fe9a5e2eb91093e45d8f1d61f5ee45a1eca48414,hbase-server,org.apache.hadoop.hbase.master.janitor.TestCatalogJanitor.testParentCleanedEvenIfDaughterGoneFirst,ID,,,
https://github.com/apache/hbase,801fc05e9c082ab12c7c1207087d3667ab162d1a,hbase-procedure,org.apache.hadoop.hbase.procedure2.store.wal.TestWALProcedureStore.testLoad,UD,,,
https://github.com/apache/hbase,801fc05e9c082ab12c7c1207087d3667ab162d1a,hbase-procedure,org.apache.hadoop.hbase.procedure2.store.wal.TestWALProcedureStore.testNoTrailerDoubleRestart,UD,,,
https://github.com/apache/hbase,801fc05e9c082ab12c7c1207087d3667ab162d1a,hbase-procedure,org.apache.hadoop.hbase.procedure2.TestProcedureSkipPersistence.test,NOD,,,
https://github.com/apache/hbase,801fc05e9c082ab12c7c1207087d3667ab162d1a,hbase-server,org.apache.hadoop.hbase.regionserver.TestMetricsHeapMemoryManager.testCounter,NIO,,,https://github.com/TestingResearchIllinois/idoft/issues/411
https://github.com/apache/hbase,801fc05e9c082ab12c7c1207087d3667ab162d1a,hbase-server,org.apache.hadoop.hbase.regionserver.TestMetricsTableAggregate.testCompaction,NIO,,,https://github.com/TestingResearchIllinois/idoft/issues/411
https://github.com/apache/hbase,801fc05e9c082ab12c7c1207087d3667ab162d1a,hbase-server,org.apache.hadoop.hbase.regionserver.TestMetricsTableAggregate.testFlush,NIO,,,https://github.com/TestingResearchIllinois/idoft/issues/411
https://github.com/apache/hbase,801fc05e9c082ab12c7c1207087d3667ab162d1a,hbase-server,org.apache.hadoop.hbase.regionserver.TestSyncTimeRangeTracker.testConcurrentIncludeTimestampCorrectness,ID,,,
https://github.com/apache/hbase,881c92b892844be567d5f26b161a820ebf319f84,hbase-replication,org.apache.hadoop.hbase.replication.TestReplicationStateZKImpl.testHfileRefsReplicationQueues,OD,,,https://github.com/TestingResearchIllinois/flaky-test-dataset/issues/37
https://github.com/apache/hbase,881c92b892844be567d5f26b161a820ebf319f84,hbase-replication,org.apache.hadoop.hbase.replication.TestReplicationStateZKImpl.testPersistLogPositionAndSeqIdAtomically,OD,,,https://github.com/TestingResearchIllinois/flaky-test-dataset/issues/37
https://github.com/apache/hbase,881c92b892844be567d5f26b161a820ebf319f84,hbase-replication,org.apache.hadoop.hbase.replication.TestReplicationStateZKImpl.testRemovePeerForHFileRefs,OD,,,https://github.com/TestingResearchIllinois/flaky-test-dataset/issues/37
https://github.com/apache/hbase,881c92b892844be567d5f26b161a820ebf319f84,hbase-replication,org.apache.hadoop.hbase.replication.TestReplicationStateZKImpl.testReplicationPeers,OD,,,https://github.com/TestingResearchIllinois/flaky-test-dataset/issues/37
https://github.com/apache/hbase,881c92b892844be567d5f26b161a820ebf319f84,hbase-replication,org.apache.hadoop.hbase.replication.TestReplicationStateZKImpl.testReplicationQueues,OD,,,https://github.com/TestingResearchIllinois/flaky-test-dataset/issues/37
https://github.com/apache/hbase,881c92b892844be567d5f26b161a820ebf319f84,hbase-replication,org.apache.hadoop.hbase.replication.TestReplicationStateZKImpl.testReplicationQueueStorage,OD,,,https://github.com/TestingResearchIllinois/flaky-test-dataset/issues/37
https://github.com/apache/hbase,881c92b892844be567d5f26b161a820ebf319f84,hbase-replication,org.apache.hadoop.hbase.replication.TestZKReplicationPeerStorage.test,OD,,,https://github.com/TestingResearchIllinois/flaky-test-dataset/issues/37
https://github.com/apache/hbase,801fc05e9c082ab12c7c1207087d3667ab162d1a,hbase-server,org.apache.hadoop.hbase.snapshot.TestMobRestoreSnapshotHelper,UD,,,
https://github.com/apache/hbase,801fc05e9c082ab12c7c1207087d3667ab162d1a,hbase-server,org.apache.hadoop.hbase.util.TestCompressionTest.testExceptionCaching,NIO,,,
https://github.com/apache/hbase,801fc05e9c082ab12c7c1207087d3667ab162d1a,hbase-server,org.apache.hadoop.hbase.util.TestFSUtils.testDFSHedgedReadMetrics,NIO,,,
https://github.com/apache/hbase,881c92b892844be567d5f26b161a820ebf319f84,hbase-zookeeper,org.apache.hadoop.hbase.zookeeper.TestInstancePending.test,OD,,,https://github.com/TestingResearchIllinois/flaky-test-dataset/issues/37
https://github.com/apache/hbase,881c92b892844be567d5f26b161a820ebf319f84,hbase-zookeeper,org.apache.hadoop.hbase.zookeeper.TestReadOnlyZKClient.testNotCloseZkWhenPending,OD,,,https://github.com/TestingResearchIllinois/flaky-test-dataset/issues/37
https://github.com/apache/hbase,881c92b892844be567d5f26b161a820ebf319f84,hbase-zookeeper,org.apache.hadoop.hbase.zookeeper.TestReadOnlyZKClient.testRead,OD,,,https://github.com/TestingResearchIllinois/flaky-test-dataset/issues/37
https://github.com/apache/hbase,881c92b892844be567d5f26b161a820ebf319f84,hbase-zookeeper,org.apache.hadoop.hbase.zookeeper.TestReadOnlyZKClient.testSessionExpire,OD,,,https://github.com/TestingResearchIllinois/flaky-test-dataset/issues/37
https://github.com/apache/hbase,881c92b892844be567d5f26b161a820ebf319f84,hbase-zookeeper,org.apache.hadoop.hbase.zookeeper.TestRecoverableZooKeeper.testSetDataVersionMismatchInLoop,OD,,,https://github.com/TestingResearchIllinois/flaky-test-dataset/issues/37
https://github.com/apache/hbase,881c92b892844be567d5f26b161a820ebf319f84,hbase-zookeeper,org.apache.hadoop.hbase.zookeeper.TestZKLeaderManager.testLeaderSelection,OD,,,https://github.com/TestingResearchIllinois/flaky-test-dataset/issues/37
https://github.com/apache/hbase,881c92b892844be567d5f26b161a820ebf319f84,hbase-zookeeper,org.apache.hadoop.hbase.zookeeper.TestZKMainServer.testCommandLineWorks,OD,,,https://github.com/TestingResearchIllinois/flaky-test-dataset/issues/37
https://github.com/apache/hbase,881c92b892844be567d5f26b161a820ebf319f84,hbase-zookeeper,org.apache.hadoop.hbase.zookeeper.TestZKMulti.testBatchedDeletesOfWideZNodes,OD,,,https://github.com/TestingResearchIllinois/flaky-test-dataset/issues/37
https://github.com/apache/hbase,881c92b892844be567d5f26b161a820ebf319f84,hbase-zookeeper,org.apache.hadoop.hbase.zookeeper.TestZKMulti.testComplexMulti,OD,,,https://github.com/TestingResearchIllinois/flaky-test-dataset/issues/37
https://github.com/apache/hbase,881c92b892844be567d5f26b161a820ebf319f84,hbase-zookeeper,org.apache.hadoop.hbase.zookeeper.TestZKMulti.testdeleteChildrenRecursivelyMulti,OD,,,https://github.com/TestingResearchIllinois/flaky-test-dataset/issues/37
https://github.com/apache/hbase,881c92b892844be567d5f26b161a820ebf319f84,hbase-zookeeper,org.apache.hadoop.hbase.zookeeper.TestZKMulti.testDeleteChildrenRecursivelyMultiOrSequential,OD,,,https://github.com/TestingResearchIllinois/flaky-test-dataset/issues/37
https://github.com/apache/hbase,881c92b892844be567d5f26b161a820ebf319f84,hbase-zookeeper,org.apache.hadoop.hbase.zookeeper.TestZKMulti.testDeleteNodeRecursivelyMulti,OD,,,https://github.com/TestingResearchIllinois/flaky-test-dataset/issues/37
https://github.com/apache/hbase,881c92b892844be567d5f26b161a820ebf319f84,hbase-zookeeper,org.apache.hadoop.hbase.zookeeper.TestZKMulti.testDeleteNodeRecursivelyMultiOrSequential,OD,,,https://github.com/TestingResearchIllinois/flaky-test-dataset/issues/37
https://github.com/apache/hbase,881c92b892844be567d5f26b161a820ebf319f84,hbase-zookeeper,org.apache.hadoop.hbase.zookeeper.TestZKMulti.testMultiFailure,OD,,,https://github.com/TestingResearchIllinois/flaky-test-dataset/issues/37
https://github.com/apache/hbase,881c92b892844be567d5f26b161a820ebf319f84,hbase-zookeeper,org.apache.hadoop.hbase.zookeeper.TestZKMulti.testRunSequentialOnMultiFailure,OD,,,https://github.com/TestingResearchIllinois/flaky-test-dataset/issues/37
https://github.com/apache/hbase,881c92b892844be567d5f26b161a820ebf319f84,hbase-zookeeper,org.apache.hadoop.hbase.zookeeper.TestZKMulti.testSimpleMulti,OD,,,https://github.com/TestingResearchIllinois/flaky-test-dataset/issues/37
https://github.com/apache/hbase,881c92b892844be567d5f26b161a820ebf319f84,hbase-zookeeper,org.apache.hadoop.hbase.zookeeper.TestZKMulti.testSingleFailure,OD,,,https://github.com/TestingResearchIllinois/flaky-test-dataset/issues/37
https://github.com/apache/hbase,881c92b892844be567d5f26b161a820ebf319f84,hbase-zookeeper,org.apache.hadoop.hbase.zookeeper.TestZKMulti.testSingleFailureInMulti,OD,,,https://github.com/TestingResearchIllinois/flaky-test-dataset/issues/37
https://github.com/apache/hbase,881c92b892844be567d5f26b161a820ebf319f84,hbase-zookeeper,org.apache.hadoop.hbase.zookeeper.TestZKNodeTracker.testCleanZNode,OD,,,https://github.com/TestingResearchIllinois/flaky-test-dataset/issues/37
https://github.com/apache/hbase,881c92b892844be567d5f26b161a820ebf319f84,hbase-zookeeper,org.apache.hadoop.hbase.zookeeper.TestZKNodeTracker.testInterruptible,OD,,,https://github.com/TestingResearchIllinois/flaky-test-dataset/issues/37
https://github.com/apache/hbase,881c92b892844be567d5f26b161a820ebf319f84,hbase-zookeeper,org.apache.hadoop.hbase.zookeeper.TestZKNodeTracker.testNodeTracker,OD,,,https://github.com/TestingResearchIllinois/flaky-test-dataset/issues/37
https://github.com/apache/hbase,881c92b892844be567d5f26b161a820ebf319f84,hbase-zookeeper,org.apache.hadoop.hbase.zookeeper.TestZKUtil.testCreateSilentIsReallySilent,OD,,,https://github.com/TestingResearchIllinois/flaky-test-dataset/issues/37
https://github.com/apache/hbase,881c92b892844be567d5f26b161a820ebf319f84,hbase-zookeeper,org.apache.hadoop.hbase.zookeeper.TestZKUtil.testCreateWithParents,OD,,,https://github.com/TestingResearchIllinois/flaky-test-dataset/issues/37
https://github.com/apache/hbase,881c92b892844be567d5f26b161a820ebf319f84,hbase-zookeeper,org.apache.hadoop.hbase.zookeeper.TestZKUtil.testGetChildDataAndWatchForNewChildrenShouldNotThrowNPE,OD,,,https://github.com/TestingResearchIllinois/flaky-test-dataset/issues/37
https://github.com/apache/hbase,881c92b892844be567d5f26b161a820ebf319f84,hbase-zookeeper,org.apache.hadoop.hbase.zookeeper.TestZKUtil.testSetDataWithVersion,OD,,,https://github.com/TestingResearchIllinois/flaky-test-dataset/issues/37
https://github.com/apache/hbase,881c92b892844be567d5f26b161a820ebf319f84,hbase-zookeeper,org.apache.hadoop.hbase.zookeeper.TestZKUtil.testZNodeDeletes,OD,,,https://github.com/TestingResearchIllinois/flaky-test-dataset/issues/37
https://github.com/apache/hive,54e43339dd671018fc70ebb5d9f0b292d70391a6,llap-tez,org.apache.hadoop.hive.llap.tezplugins.TestLlapTaskSchedulerService.testChangeGuaranteedTotal,OD,,,
https://github.com/apache/hive,54e43339dd671018fc70ebb5d9f0b292d70391a6,llap-tez,org.apache.hadoop.hive.llap.tezplugins.TestLlapTaskSchedulerService.testConcurrentUpdates,OD,,,
https://github.com/apache/hive,54e43339dd671018fc70ebb5d9f0b292d70391a6,llap-tez,org.apache.hadoop.hive.llap.tezplugins.TestLlapTaskSchedulerService.testConcurrentUpdateWithError,OD,,,
https://github.com/apache/hive,54e43339dd671018fc70ebb5d9f0b292d70391a6,llap-tez,org.apache.hadoop.hive.llap.tezplugins.TestLlapTaskSchedulerService.testDelayedLocalityFallbackToNonLocal,OD,,,
https://github.com/apache/hive,54e43339dd671018fc70ebb5d9f0b292d70391a6,llap-tez,org.apache.hadoop.hive.llap.tezplugins.TestLlapTaskSchedulerService.testDelayedLocalityNodeCommErrorDelayedAllocation,OD,,,
https://github.com/apache/hive,54e43339dd671018fc70ebb5d9f0b292d70391a6,llap-tez,org.apache.hadoop.hive.llap.tezplugins.TestLlapTaskSchedulerService.testDelayedLocalityNodeCommErrorImmediateAllocation,OD,,,
https://github.com/apache/hive,54e43339dd671018fc70ebb5d9f0b292d70391a6,llap-tez,org.apache.hadoop.hive.llap.tezplugins.TestLlapTaskSchedulerService.testDelayedQueeTaskSelectionAfterScheduled,OD,,,
https://github.com/apache/hive,54e43339dd671018fc70ebb5d9f0b292d70391a6,llap-tez,org.apache.hadoop.hive.llap.tezplugins.TestLlapTaskSchedulerService.testForcedLocalityMultiplePreemptionsSameHost2,OD,,,
https://github.com/apache/hive,54e43339dd671018fc70ebb5d9f0b292d70391a6,llap-tez,org.apache.hadoop.hive.llap.tezplugins.TestLlapTaskSchedulerService.testGuaranteedScheduling,OD,,,
https://github.com/apache/hive,54e43339dd671018fc70ebb5d9f0b292d70391a6,llap-tez,org.apache.hadoop.hive.llap.tezplugins.TestLlapTaskSchedulerService.testHeartbeatInconsistency,OD,,,
https://github.com/apache/hive,54e43339dd671018fc70ebb5d9f0b292d70391a6,llap-tez,org.apache.hadoop.hive.llap.tezplugins.TestLlapTaskSchedulerService.testHostPreferenceMissesConsistentPartialAlive,OD,,,
https://github.com/apache/hive,54e43339dd671018fc70ebb5d9f0b292d70391a6,llap-tez,org.apache.hadoop.hive.llap.tezplugins.TestLlapTaskSchedulerService.testHostPreferenceMissesConsistentRollover,OD,,,
https://github.com/apache/hive,54e43339dd671018fc70ebb5d9f0b292d70391a6,llap-tez,org.apache.hadoop.hive.llap.tezplugins.TestLlapTaskSchedulerService.testNodeReEnabled,OD,,,
https://github.com/apache/hive,54e43339dd671018fc70ebb5d9f0b292d70391a6,llap-tez,org.apache.hadoop.hive.llap.tezplugins.TestLlapTaskSchedulerService.testPreemptionChoiceTimeOrdering,OD,,,
https://github.com/apache/hive,54e43339dd671018fc70ebb5d9f0b292d70391a6,llap-tez,org.apache.hadoop.hive.llap.tezplugins.TestLlapTaskSchedulerService.testSimpleLocalAllocation,OD,,,
https://github.com/apache/hive,54e43339dd671018fc70ebb5d9f0b292d70391a6,llap-tez,org.apache.hadoop.hive.llap.tezplugins.TestLlapTaskSchedulerService.testSimpleNoLocalityAllocation,OD,,,
https://github.com/apache/hive,54e43339dd671018fc70ebb5d9f0b292d70391a6,llap-tez,org.apache.hadoop.hive.llap.tezplugins.TestLlapTaskSchedulerService.testUpdateWithError,OD,,,
https://github.com/apache/hive,90fa9064f2c6907fbe6237cb46d5937eebd8ea31,standalone-metastore/metastore-server,org.apache.hadoop.hive.metastore.TestEmbeddedHiveMetaStore.testPartition,ID,,,
https://github.com/apache/hive,90fa9064f2c6907fbe6237cb46d5937eebd8ea31,standalone-metastore/metastore-server,org.apache.hadoop.hive.metastore.TestEmbeddedHiveMetaStore.testSimpleFunction,ID,,,
https://github.com/apache/hive,90fa9064f2c6907fbe6237cb46d5937eebd8ea31,standalone-metastore/metastore-server,org.apache.hadoop.hive.metastore.TestFilterHooks.testHMSClientWithoutFilter,ID,,,
https://github.com/apache/hive,90fa9064f2c6907fbe6237cb46d5937eebd8ea31,standalone-metastore/metastore-server,org.apache.hadoop.hive.metastore.TestFilterHooks.testHMSServerWithoutFilter,ID,,,
https://github.com/apache/hive,90fa9064f2c6907fbe6237cb46d5937eebd8ea31,standalone-metastore/metastore-server,org.apache.hadoop.hive.metastore.TestObjectStore.testTableOps,ID,,,
https://github.com/apache/hive,90fa9064f2c6907fbe6237cb46d5937eebd8ea31,standalone-metastore/metastore-server,org.apache.hadoop.hive.metastore.TestPartitionManagement.testPartitionDiscoveryDBPattern,ID,,,
https://github.com/apache/hive,90fa9064f2c6907fbe6237cb46d5937eebd8ea31,standalone-metastore/metastore-server,org.apache.hadoop.hive.metastore.TestPartitionManagement.testPartitionDiscoveryEnabledBothTableTypes,ID,,,
https://github.com/apache/hive,90fa9064f2c6907fbe6237cb46d5937eebd8ea31,standalone-metastore/metastore-server,org.apache.hadoop.hive.metastore.TestPartitionManagement.testPartitionDiscoveryNonDefaultCatalog,ID,,,
https://github.com/apache/hive,90fa9064f2c6907fbe6237cb46d5937eebd8ea31,standalone-metastore/metastore-server,org.apache.hadoop.hive.metastore.TestPartitionManagement.testPartitionDiscoverySkipInvalidPath,ID,,,
https://github.com/apache/hive,90fa9064f2c6907fbe6237cb46d5937eebd8ea31,standalone-metastore/metastore-server,org.apache.hadoop.hive.metastore.TestPartitionManagement.testPartitionDiscoveryTablePattern,ID,,,
https://github.com/apache/hive,90fa9064f2c6907fbe6237cb46d5937eebd8ea31,standalone-metastore/metastore-server,org.apache.hadoop.hive.metastore.TestPartitionManagement.testPartitionRetention,ID,,,
https://github.com/apache/hive,54e43339dd671018fc70ebb5d9f0b292d70391a6,serde,org.apache.hadoop.hive.serde2.avro.TestAvroDeserializer.canDeserializeTimestamps,OD,,,
https://github.com/apache/hive,54e43339dd671018fc70ebb5d9f0b292d70391a6,serde,org.apache.hadoop.hive.serde2.objectinspector.TestObjectInspectorUtils.testBucketHashGeneration,OD,,,
https://github.com/apache/httpcore,49247d208bde47f652812493e1d3576e136b8eb8,httpcore-nio,org.apache.http.nio.protocol.TestAsyncNHttpHandlers.testDelayedHttpException,TD,,,
https://github.com/apache/httpcore,49247d208bde47f652812493e1d3576e136b8eb8,httpcore-nio,org.apache.http.nio.protocol.TestAsyncNHttpHandlers.testDelayedHttpGets,TD,,,
https://github.com/apache/httpcore,49247d208bde47f652812493e1d3576e136b8eb8,httpcore-nio,org.apache.http.nio.protocol.TestAsyncNHttpHandlers.testHttpPostsChunked,TD,,,
https://github.com/apache/httpcore,49247d208bde47f652812493e1d3576e136b8eb8,httpcore-nio,org.apache.http.nio.protocol.TestAsyncNHttpHandlers.testNoRequestHandler,TD,,,
https://github.com/apache/httpcore,49247d208bde47f652812493e1d3576e136b8eb8,httpcore-nio,org.apache.http.nio.protocol.TestAsyncNHttpHandlers.testNoServiceHandler,TD,,,
https://github.com/apache/httpcore,49247d208bde47f652812493e1d3576e136b8eb8,httpcore-nio,org.apache.http.nio.protocol.TestBufferingNHttpHandlers.testHttpPostsChunked,TD,,,
https://github.com/apache/httpcore,49247d208bde47f652812493e1d3576e136b8eb8,httpcore-nio,org.apache.http.nio.protocol.TestBufferingNHttpHandlers.testHttpPostsHTTP10,TD,,,
https://github.com/apache/httpcore,49247d208bde47f652812493e1d3576e136b8eb8,httpcore-nio,org.apache.http.nio.protocol.TestThrottlingNHttpHandlers.testSimpleHttpGets,TD,,,
https://github.com/apache/httpcore,49247d208bde47f652812493e1d3576e136b8eb8,httpcore-nio,org.apache.http.nio.protocol.TestThrottlingNHttpHandlers.testSimpleHttpPostsChunked,TD,,,
https://github.com/apache/httpcore,49247d208bde47f652812493e1d3576e136b8eb8,httpcore,org.apache.http.pool.TestConnPool.testLeaseTimeout,TD,,,
https://github.com/apache/httpcore,49247d208bde47f652812493e1d3576e136b8eb8,httpcore,org.apache.http.pool.TestConnPool.testStatefulConnectionRedistributionOnPerRouteMaxLimit,TD,,,
https://github.com/apache/incubator-seata,94dc7944f67419c652a124c2e7d18217e38ac352,server,org.apache.seata.server.lock.LockManagerTest.lockQueryTest,ID,,,
https://github.com/apache/incubator-seata,94dc7944f67419c652a124c2e7d18217e38ac352,server,org.apache.seata.server.session.FileSessionManagerTest.findGlobalSessionsTest,ID,,,
https://github.com/apache/incubator-seata,94dc7944f67419c652a124c2e7d18217e38ac352,server,org.apache.seata.server.session.FileSessionManagerTest.findGlobalSessionsWithPageResultTest,ID,,,
https://github.com/apache/incubator-uniffle,6fb2a9a63132ab9abbde2f1f9240f9caf2f5d0f0,common,org.apache.uniffle.common.rpc.GrpcServerTest.testGrpcExecutorPool,TD,,,
https://github.com/apache/jackrabbit-oak,bd0526a24f221413976281ccbb0df95170fccc76,oak-blob-plugins,org.apache.jackrabbit.oak.plugins.blob.datastore.BlobIdTrackerClusterSharedTest.addRetrieveCluster,OD,,,https://github.com/TestingResearchIllinois/idoft/issues/88
https://github.com/apache/jackrabbit-oak,bd0526a24f221413976281ccbb0df95170fccc76,oak-blob-plugins,org.apache.jackrabbit.oak.plugins.blob.datastore.BlobIdTrackerClusterSharedTest.addRetrieveShared,OD,,,https://github.com/TestingResearchIllinois/idoft/issues/88
https://github.com/apache/jackrabbit-oak,bd0526a24f221413976281ccbb0df95170fccc76,oak-blob-plugins,org.apache.jackrabbit.oak.plugins.blob.datastore.BlobIdTrackerTest.addSnapshot,OD,,,https://github.com/TestingResearchIllinois/idoft/issues/88
https://github.com/apache/jackrabbit-oak,bd0526a24f221413976281ccbb0df95170fccc76,oak-blob-plugins,org.apache.jackrabbit.oak.plugins.blob.datastore.BlobIdTrackerTest.addSnapshotRemove,OD,,,https://github.com/TestingResearchIllinois/idoft/issues/88
https://github.com/apache/jackrabbit-oak,bd0526a24f221413976281ccbb0df95170fccc76,oak-blob-plugins,org.apache.jackrabbit.oak.plugins.blob.datastore.BlobIdTrackerTest.externalAddOffline,OD,,,https://github.com/TestingResearchIllinois/idoft/issues/88
https://github.com/apache/jackrabbit-oak,bd0526a24f221413976281ccbb0df95170fccc76,oak-blob-plugins,org.apache.jackrabbit.oak.plugins.blob.datastore.BlobIdTrackerTest.snapshotBeforeRemove,OD,,,https://github.com/TestingResearchIllinois/idoft/issues/88
https://github.com/apache/jackrabbit-oak,bd0526a24f221413976281ccbb0df95170fccc76,oak-blob-plugins,org.apache.jackrabbit.oak.plugins.blob.datastore.BlobIdTrackerTest.snapshotExecuteAfterRemove,OD,,,https://github.com/TestingResearchIllinois/idoft/issues/88
https://github.com/apache/jackrabbit-oak,bd0526a24f221413976281ccbb0df95170fccc76,oak-blob-plugins,org.apache.jackrabbit.oak.plugins.blob.datastore.BlobIdTrackerTest.snapshotIgnoreAfterRemove,OD,,,https://github.com/TestingResearchIllinois/idoft/issues/88
https://github.com/apache/jackrabbit-oak,bd0526a24f221413976281ccbb0df95170fccc76,oak-blob-plugins,org.apache.jackrabbit.oak.plugins.blob.datastore.DataStoreBlobStoreTest.testAddRepositoryId,OD,,,https://github.com/TestingResearchIllinois/idoft/issues/88
https://github.com/apache/jackrabbit-oak,bd0526a24f221413976281ccbb0df95170fccc76,oak-blob-plugins,org.apache.jackrabbit.oak.plugins.blob.SharedDataStoreUtilsTest.repoMarkerExistOnClose,OD,,,https://github.com/TestingResearchIllinois/idoft/issues/88
https://github.com/apache/jackrabbit-oak,bd0526a24f221413976281ccbb0df95170fccc76,oak-blob-plugins,org.apache.jackrabbit.oak.plugins.blob.SharedDataStoreUtilsTest.test,OD,,,https://github.com/TestingResearchIllinois/idoft/issues/88
https://github.com/apache/jackrabbit-oak,bd0526a24f221413976281ccbb0df95170fccc76,oak-blob-plugins,org.apache.jackrabbit.oak.plugins.blob.SharedDataStoreUtilsTest.testAddMetadata,OD,,,https://github.com/TestingResearchIllinois/idoft/issues/88
https://github.com/apache/jackrabbit-oak,bd0526a24f221413976281ccbb0df95170fccc76,oak-blob-plugins,org.apache.jackrabbit.oak.plugins.blob.SharedDataStoreUtilsTest.testAddMetadataWithConditionalExtraSuffix,OD,,,https://github.com/TestingResearchIllinois/idoft/issues/88
https://github.com/apache/jackrabbit-oak,bd0526a24f221413976281ccbb0df95170fccc76,oak-blob-plugins,org.apache.jackrabbit.oak.plugins.blob.SharedDataStoreUtilsTest.testAddMetadataWithExtraSuffix,OD,,,https://github.com/TestingResearchIllinois/idoft/issues/88
https://github.com/apache/jackrabbit-oak,bd0526a24f221413976281ccbb0df95170fccc76,oak-blob-plugins,org.apache.jackrabbit.oak.plugins.blob.SharedDataStoreUtilsTest.testRefsAvailableAllRepos,OD,,,https://github.com/TestingResearchIllinois/idoft/issues/88
https://github.com/apache/jackrabbit-oak,bd0526a24f221413976281ccbb0df95170fccc76,oak-blob-plugins,org.apache.jackrabbit.oak.plugins.blob.SharedDataStoreUtilsTest.testRefsNotAvailableAllRepos,OD,,,https://github.com/TestingResearchIllinois/idoft/issues/88
https://github.com/apache/jackrabbit-oak,bd0526a24f221413976281ccbb0df95170fccc76,oak-blob-plugins,org.apache.jackrabbit.oak.plugins.blob.SharedDataStoreUtilsTest.transientRepoMarkerDeleteOnClose,OD,,,https://github.com/TestingResearchIllinois/idoft/issues/88
https://github.com/apache/jackrabbit-oak,0440e096dc7a460d206c77a5f178796db31a0ef4,oak-auth-ldap,org.apache.jackrabbit.oak.security.authentication.ldap.DefaultLdapLoginModuleTest.testConcurrentLogin,ID,,,
https://github.com/apache/jackrabbit-oak,0440e096dc7a460d206c77a5f178796db31a0ef4,oak-auth-ldap,org.apache.jackrabbit.oak.security.authentication.ldap.DefaultLdapLoginModuleTest.testConcurrentLoginSameGroup,ID,,,
https://github.com/apache/jackrabbit-oak,0440e096dc7a460d206c77a5f178796db31a0ef4,oak-auth-ldap,org.apache.jackrabbit.oak.security.authentication.ldap.DefaultLdapLoginModuleTest.testLoginSetsAuthInfo,ID,,,
https://github.com/apache/jackrabbit-oak,0440e096dc7a460d206c77a5f178796db31a0ef4,oak-auth-ldap,org.apache.jackrabbit.oak.security.authentication.ldap.DefaultLdapLoginModuleTest.testPrincipalsFromAuthInfo,ID,,,
https://github.com/apache/jackrabbit-oak,0440e096dc7a460d206c77a5f178796db31a0ef4,oak-auth-ldap,org.apache.jackrabbit.oak.security.authentication.ldap.DefaultLdapLoginModuleTest.testReLogin,ID,,,
https://github.com/apache/jackrabbit-oak,0440e096dc7a460d206c77a5f178796db31a0ef4,oak-auth-ldap,org.apache.jackrabbit.oak.security.authentication.ldap.DefaultLdapLoginModuleTest.testSyncCreateGroup,ID,,,
https://github.com/apache/jackrabbit-oak,0440e096dc7a460d206c77a5f178796db31a0ef4,oak-auth-ldap,org.apache.jackrabbit.oak.security.authentication.ldap.DefaultLdapLoginModuleTest.testSyncCreateUser,ID,,,
https://github.com/apache/jackrabbit-oak,0440e096dc7a460d206c77a5f178796db31a0ef4,oak-auth-ldap,org.apache.jackrabbit.oak.security.authentication.ldap.DefaultLdapLoginModuleTest.testSyncCreateUserCaseInsensitive,ID,,,
https://github.com/apache/jackrabbit-oak,0440e096dc7a460d206c77a5f178796db31a0ef4,oak-auth-ldap,org.apache.jackrabbit.oak.security.authentication.ldap.DefaultLdapLoginModuleTest.testSyncUpdate,ID,,,
https://github.com/apache/jackrabbit-oak,0440e096dc7a460d206c77a5f178796db31a0ef4,oak-auth-ldap,org.apache.jackrabbit.oak.security.authentication.ldap.GuestTokenDefaultLdapLoginModuleTest.testConcurrentLogin,ID,,,
https://github.com/apache/jackrabbit-oak,0440e096dc7a460d206c77a5f178796db31a0ef4,oak-auth-ldap,org.apache.jackrabbit.oak.security.authentication.ldap.GuestTokenDefaultLdapLoginModuleTest.testConcurrentLoginSameGroup,ID,,,
https://github.com/apache/jackrabbit-oak,0440e096dc7a460d206c77a5f178796db31a0ef4,oak-auth-ldap,org.apache.jackrabbit.oak.security.authentication.ldap.GuestTokenDefaultLdapLoginModuleTest.testLoginSetsAuthInfo,ID,,,
https://github.com/apache/jackrabbit-oak,0440e096dc7a460d206c77a5f178796db31a0ef4,oak-auth-ldap,org.apache.jackrabbit.oak.security.authentication.ldap.GuestTokenDefaultLdapLoginModuleTest.testPrincipalsFromAuthInfo,ID,,,
https://github.com/apache/jackrabbit-oak,0440e096dc7a460d206c77a5f178796db31a0ef4,oak-auth-ldap,org.apache.jackrabbit.oak.security.authentication.ldap.GuestTokenDefaultLdapLoginModuleTest.testReLogin,ID,,,
https://github.com/apache/jackrabbit-oak,0440e096dc7a460d206c77a5f178796db31a0ef4,oak-auth-ldap,org.apache.jackrabbit.oak.security.authentication.ldap.GuestTokenDefaultLdapLoginModuleTest.testSyncCreateGroup,ID,,,
https://github.com/apache/jackrabbit-oak,0440e096dc7a460d206c77a5f178796db31a0ef4,oak-auth-ldap,org.apache.jackrabbit.oak.security.authentication.ldap.GuestTokenDefaultLdapLoginModuleTest.testSyncCreateUser,ID,,,
https://github.com/apache/jackrabbit-oak,0440e096dc7a460d206c77a5f178796db31a0ef4,oak-auth-ldap,org.apache.jackrabbit.oak.security.authentication.ldap.GuestTokenDefaultLdapLoginModuleTest.testSyncCreateUserCaseInsensitive,ID,,,
https://github.com/apache/jackrabbit-oak,0440e096dc7a460d206c77a5f178796db31a0ef4,oak-auth-ldap,org.apache.jackrabbit.oak.security.authentication.ldap.GuestTokenDefaultLdapLoginModuleTest.testSyncUpdate,ID,,,
https://github.com/apache/jackrabbit-oak,0440e096dc7a460d206c77a5f178796db31a0ef4,oak-auth-ldap,org.apache.jackrabbit.oak.security.authentication.ldap.impl.LdapIdentityProviderTest.testAuthenticate,ID,,,
https://github.com/apache/jackrabbit-oak,0440e096dc7a460d206c77a5f178796db31a0ef4,oak-auth-ldap,org.apache.jackrabbit.oak.security.authentication.ldap.impl.LdapIdentityProviderTest.testAuthenticateCaseInsensitive,ID,,,
https://github.com/apache/jackrabbit-oak,0440e096dc7a460d206c77a5f178796db31a0ef4,oak-auth-ldap,org.apache.jackrabbit.oak.security.authentication.ldap.impl.LdapIdentityProviderTest.testAuthenticateFail,ID,,,
https://github.com/apache/jackrabbit-oak,0440e096dc7a460d206c77a5f178796db31a0ef4,oak-auth-ldap,org.apache.jackrabbit.oak.security.authentication.ldap.impl.LdapIdentityProviderTest.testGetDeclaredGroupMissingIdAttribute,ID,,,
https://github.com/apache/jackrabbit-oak,0440e096dc7a460d206c77a5f178796db31a0ef4,oak-auth-ldap,org.apache.jackrabbit.oak.security.authentication.ldap.impl.LdapIdentityProviderTest.testGetDeclaredGroupsByRef,ID,,,
https://github.com/apache/jackrabbit-oak,0440e096dc7a460d206c77a5f178796db31a0ef4,oak-auth-ldap,org.apache.jackrabbit.oak.security.authentication.ldap.impl.LdapIdentityProviderTest.testGetDeclaredGroupsByRef2,ID,,,
https://github.com/apache/jackrabbit-oak,0440e096dc7a460d206c77a5f178796db31a0ef4,oak-auth-ldap,org.apache.jackrabbit.oak.security.authentication.ldap.impl.LdapIdentityProviderTest.testGetDeclaredMembers,ID,,,
https://github.com/apache/jackrabbit-oak,0440e096dc7a460d206c77a5f178796db31a0ef4,oak-auth-ldap,org.apache.jackrabbit.oak.security.authentication.ldap.impl.LdapIdentityProviderTest.testGetDeclaredMembersByRef,ID,,,
https://github.com/apache/jackrabbit-oak,0440e096dc7a460d206c77a5f178796db31a0ef4,oak-auth-ldap,org.apache.jackrabbit.oak.security.authentication.ldap.impl.LdapIdentityProviderTest.testGetDeclaredMembersInvalidMemberAttribute,ID,,,
https://github.com/apache/jackrabbit-oak,0440e096dc7a460d206c77a5f178796db31a0ef4,oak-auth-ldap,org.apache.jackrabbit.oak.security.authentication.ldap.impl.LdapIdentityProviderTest.testGetUserByRef,ID,,,
https://github.com/apache/jackrabbit-oak,0440e096dc7a460d206c77a5f178796db31a0ef4,oak-auth-ldap,org.apache.jackrabbit.oak.security.authentication.ldap.impl.LdapIdentityProviderTest.testGetUserByUserId,ID,,,
https://github.com/apache/jackrabbit-oak,0440e096dc7a460d206c77a5f178796db31a0ef4,oak-auth-ldap,org.apache.jackrabbit.oak.security.authentication.ldap.impl.LdapIdentityProviderTest.testGetUserProperties,ID,,,
https://github.com/apache/jackrabbit-oak,0440e096dc7a460d206c77a5f178796db31a0ef4,oak-auth-ldap,org.apache.jackrabbit.oak.security.authentication.ldap.impl.LdapIdentityProviderTest.testListGroups,ID,,,
https://github.com/apache/jackrabbit-oak,0440e096dc7a460d206c77a5f178796db31a0ef4,oak-auth-ldap,org.apache.jackrabbit.oak.security.authentication.ldap.impl.LdapIdentityProviderTest.testListGroupsWithEmptyExtraFilter,ID,,,
https://github.com/apache/jackrabbit-oak,0440e096dc7a460d206c77a5f178796db31a0ef4,oak-auth-ldap,org.apache.jackrabbit.oak.security.authentication.ldap.impl.LdapIdentityProviderTest.testListUsers,ID,,,
https://github.com/apache/jackrabbit-oak,0440e096dc7a460d206c77a5f178796db31a0ef4,oak-auth-ldap,org.apache.jackrabbit.oak.security.authentication.ldap.impl.LdapIdentityProviderTest.testListUsersWithExtraFilter,ID,,,
https://github.com/apache/jackrabbit-oak,0440e096dc7a460d206c77a5f178796db31a0ef4,oak-auth-ldap,org.apache.jackrabbit.oak.security.authentication.ldap.impl.LdapIdentityProviderTest.testListUsersWithMissingUid,ID,,,
https://github.com/apache/jackrabbit-oak,0440e096dc7a460d206c77a5f178796db31a0ef4,oak-auth-ldap,org.apache.jackrabbit.oak.security.authentication.ldap.impl.LdapIdentityProviderTest.testNullIntermediatePath,ID,,,
https://github.com/apache/jackrabbit-oak,0440e096dc7a460d206c77a5f178796db31a0ef4,oak-auth-ldap,org.apache.jackrabbit.oak.security.authentication.ldap.impl.LdapIdentityProviderTest.testResolvePrincipalNameUser,ID,,,
https://github.com/apache/jackrabbit-oak,0440e096dc7a460d206c77a5f178796db31a0ef4,oak-auth-ldap,org.apache.jackrabbit.oak.security.authentication.ldap.impl.LdapIdentityProviderTest.testSplitDNIntermediatePath,ID,,,
https://github.com/apache/jackrabbit-oak,0440e096dc7a460d206c77a5f178796db31a0ef4,oak-auth-ldap,org.apache.jackrabbit.oak.security.authentication.ldap.impl.LdapIdentityProviderTest.testSplitDNIntermediatePath2,ID,,,
https://github.com/apache/jackrabbit-oak,0440e096dc7a460d206c77a5f178796db31a0ef4,oak-auth-ldap,org.apache.jackrabbit.oak.security.authentication.ldap.impl.UseUidForExtIdTest.testAuthenticate,ID,,,
https://github.com/apache/jackrabbit-oak,0440e096dc7a460d206c77a5f178796db31a0ef4,oak-auth-ldap,org.apache.jackrabbit.oak.security.authentication.ldap.impl.UseUidForExtIdTest.testAuthenticateCaseInsensitive,ID,,,
https://github.com/apache/jackrabbit-oak,0440e096dc7a460d206c77a5f178796db31a0ef4,oak-auth-ldap,org.apache.jackrabbit.oak.security.authentication.ldap.impl.UseUidForExtIdTest.testGetGroupByRef,ID,,,
https://github.com/apache/jackrabbit-oak,0440e096dc7a460d206c77a5f178796db31a0ef4,oak-auth-ldap,org.apache.jackrabbit.oak.security.authentication.ldap.impl.UseUidForExtIdTest.testGetGroups,ID,,,
https://github.com/apache/jackrabbit-oak,0440e096dc7a460d206c77a5f178796db31a0ef4,oak-auth-ldap,org.apache.jackrabbit.oak.security.authentication.ldap.impl.UseUidForExtIdTest.testGetGroups2,ID,,,
https://github.com/apache/jackrabbit-oak,0440e096dc7a460d206c77a5f178796db31a0ef4,oak-auth-ldap,org.apache.jackrabbit.oak.security.authentication.ldap.impl.UseUidForExtIdTest.testGetMembers,ID,,,
https://github.com/apache/jackrabbit-oak,0440e096dc7a460d206c77a5f178796db31a0ef4,oak-auth-ldap,org.apache.jackrabbit.oak.security.authentication.ldap.impl.UseUidForExtIdTest.testGetUserByRef,ID,,,
https://github.com/apache/jackrabbit-oak,0440e096dc7a460d206c77a5f178796db31a0ef4,oak-auth-ldap,org.apache.jackrabbit.oak.security.authentication.ldap.LargeLdapProviderTest.testGetMembers,ID,,,
https://github.com/apache/jackrabbit-oak,0440e096dc7a460d206c77a5f178796db31a0ef4,oak-auth-ldap,org.apache.jackrabbit.oak.security.authentication.ldap.LdapDefaultLoginModuleTest.testConcurrentLogin,ID,,,
https://github.com/apache/jackrabbit-oak,0440e096dc7a460d206c77a5f178796db31a0ef4,oak-auth-ldap,org.apache.jackrabbit.oak.security.authentication.ldap.LdapDefaultLoginModuleTest.testConcurrentLoginSameGroup,ID,,,
https://github.com/apache/jackrabbit-oak,0440e096dc7a460d206c77a5f178796db31a0ef4,oak-auth-ldap,org.apache.jackrabbit.oak.security.authentication.ldap.LdapDefaultLoginModuleTest.testLoginSetsAuthInfo,ID,,,
https://github.com/apache/jackrabbit-oak,0440e096dc7a460d206c77a5f178796db31a0ef4,oak-auth-ldap,org.apache.jackrabbit.oak.security.authentication.ldap.LdapDefaultLoginModuleTest.testPrincipalsFromAuthInfo,ID,,,
https://github.com/apache/jackrabbit-oak,0440e096dc7a460d206c77a5f178796db31a0ef4,oak-auth-ldap,org.apache.jackrabbit.oak.security.authentication.ldap.LdapDefaultLoginModuleTest.testReLogin,ID,,,
https://github.com/apache/jackrabbit-oak,0440e096dc7a460d206c77a5f178796db31a0ef4,oak-auth-ldap,org.apache.jackrabbit.oak.security.authentication.ldap.LdapDefaultLoginModuleTest.testSyncCreateGroup,ID,,,
https://github.com/apache/jackrabbit-oak,0440e096dc7a460d206c77a5f178796db31a0ef4,oak-auth-ldap,org.apache.jackrabbit.oak.security.authentication.ldap.LdapDefaultLoginModuleTest.testSyncCreateUser,ID,,,
https://github.com/apache/jackrabbit-oak,0440e096dc7a460d206c77a5f178796db31a0ef4,oak-auth-ldap,org.apache.jackrabbit.oak.security.authentication.ldap.LdapDefaultLoginModuleTest.testSyncCreateUserCaseInsensitive,ID,,,
https://github.com/apache/jackrabbit-oak,0440e096dc7a460d206c77a5f178796db31a0ef4,oak-auth-ldap,org.apache.jackrabbit.oak.security.authentication.ldap.LdapDefaultLoginModuleTest.testSyncUpdate,ID,,,
https://github.com/apache/jackrabbit-oak,0440e096dc7a460d206c77a5f178796db31a0ef4,oak-auth-ldap,org.apache.jackrabbit.oak.security.authentication.ldap.LdapLoginStandaloneTest.testConcurrentLogin,ID,,,
https://github.com/apache/jackrabbit-oak,0440e096dc7a460d206c77a5f178796db31a0ef4,oak-auth-ldap,org.apache.jackrabbit.oak.security.authentication.ldap.LdapLoginStandaloneTest.testConcurrentLoginSameGroup,ID,,,
https://github.com/apache/jackrabbit-oak,0440e096dc7a460d206c77a5f178796db31a0ef4,oak-auth-ldap,org.apache.jackrabbit.oak.security.authentication.ldap.LdapLoginStandaloneTest.testLoginSetsAuthInfo,ID,,,
https://github.com/apache/jackrabbit-oak,0440e096dc7a460d206c77a5f178796db31a0ef4,oak-auth-ldap,org.apache.jackrabbit.oak.security.authentication.ldap.LdapLoginStandaloneTest.testPrincipalsFromAuthInfo,ID,,,
https://github.com/apache/jackrabbit-oak,0440e096dc7a460d206c77a5f178796db31a0ef4,oak-auth-ldap,org.apache.jackrabbit.oak.security.authentication.ldap.LdapLoginStandaloneTest.testReLogin,ID,,,
https://github.com/apache/jackrabbit-oak,0440e096dc7a460d206c77a5f178796db31a0ef4,oak-auth-ldap,org.apache.jackrabbit.oak.security.authentication.ldap.LdapLoginStandaloneTest.testSyncCreateGroup,ID,,,
https://github.com/apache/jackrabbit-oak,0440e096dc7a460d206c77a5f178796db31a0ef4,oak-auth-ldap,org.apache.jackrabbit.oak.security.authentication.ldap.LdapLoginStandaloneTest.testSyncCreateUser,ID,,,
https://github.com/apache/jackrabbit-oak,0440e096dc7a460d206c77a5f178796db31a0ef4,oak-auth-ldap,org.apache.jackrabbit.oak.security.authentication.ldap.LdapLoginStandaloneTest.testSyncCreateUserCaseInsensitive,ID,,,
https://github.com/apache/jackrabbit-oak,0440e096dc7a460d206c77a5f178796db31a0ef4,oak-auth-ldap,org.apache.jackrabbit.oak.security.authentication.ldap.LdapLoginStandaloneTest.testSyncUpdate,ID,,,
https://github.com/apache/jackrabbit-oak,0440e096dc7a460d206c77a5f178796db31a0ef4,oak-auth-ldap,org.apache.jackrabbit.oak.security.authentication.ldap.TokenDefaultLdapLoginModuleTest.testConcurrentLogin,ID,,,
https://github.com/apache/jackrabbit-oak,0440e096dc7a460d206c77a5f178796db31a0ef4,oak-auth-ldap,org.apache.jackrabbit.oak.security.authentication.ldap.TokenDefaultLdapLoginModuleTest.testConcurrentLoginSameGroup,ID,,,
https://github.com/apache/jackrabbit-oak,0440e096dc7a460d206c77a5f178796db31a0ef4,oak-auth-ldap,org.apache.jackrabbit.oak.security.authentication.ldap.TokenDefaultLdapLoginModuleTest.testLoginSetsAuthInfo,ID,,,
https://github.com/apache/jackrabbit-oak,0440e096dc7a460d206c77a5f178796db31a0ef4,oak-auth-ldap,org.apache.jackrabbit.oak.security.authentication.ldap.TokenDefaultLdapLoginModuleTest.testPrincipalsFromAuthInfo,ID,,,
https://github.com/apache/jackrabbit-oak,0440e096dc7a460d206c77a5f178796db31a0ef4,oak-auth-ldap,org.apache.jackrabbit.oak.security.authentication.ldap.TokenDefaultLdapLoginModuleTest.testReLogin,ID,,,
https://github.com/apache/jackrabbit-oak,0440e096dc7a460d206c77a5f178796db31a0ef4,oak-auth-ldap,org.apache.jackrabbit.oak.security.authentication.ldap.TokenDefaultLdapLoginModuleTest.testSyncCreateGroup,ID,,,
https://github.com/apache/jackrabbit-oak,0440e096dc7a460d206c77a5f178796db31a0ef4,oak-auth-ldap,org.apache.jackrabbit.oak.security.authentication.ldap.TokenDefaultLdapLoginModuleTest.testSyncCreateUser,ID,,,
https://github.com/apache/jackrabbit-oak,0440e096dc7a460d206c77a5f178796db31a0ef4,oak-auth-ldap,org.apache.jackrabbit.oak.security.authentication.ldap.TokenDefaultLdapLoginModuleTest.testSyncCreateUserCaseInsensitive,ID,,,
https://github.com/apache/jackrabbit-oak,0440e096dc7a460d206c77a5f178796db31a0ef4,oak-auth-ldap,org.apache.jackrabbit.oak.security.authentication.ldap.TokenDefaultLdapLoginModuleTest.testSyncUpdate,ID,,,
https://github.com/apache/nifi,2bd752d868a8f3e36113b078bb576cf054e945e8,nifi-nar-bundles/nifi-framework-bundle/nifi-framework/nifi-framework-cluster,org.apache.nifi.cluster.coordination.http.StandardHttpResponseMapperSpec.,ID,,,
https://github.com/apache/nifi,41ff6f076b2e5346cf695ff2064e5dcfe249c124,nifi-nar-bundles/nifi-framework-bundle/nifi-framework/nifi-framework-core,org.apache.nifi.controller.TestEncryptedFileSystemSwapManager.testSwapOutSwapIn,OD,,,
https://github.com/apache/nifi,12015a17dd93a1d42c9d6ddab6cc5ce606fef16a,nifi-nar-bundles/nifi-framework-bundle/nifi-framework/nifi-web/nifi-web-api,org.apache.nifi.integration.accesscontrol.ITConnectionAccessControl.testNoneUserDeleteConnection,OD-Brit,,,
https://github.com/apache/nifi,12015a17dd93a1d42c9d6ddab6cc5ce606fef16a,nifi-nar-bundles/nifi-framework-bundle/nifi-framework/nifi-web/nifi-web-api,org.apache.nifi.integration.accesscontrol.ITConnectionAccessControl.testReadUserGetConnection,OD,,,
https://github.com/apache/nifi,12015a17dd93a1d42c9d6ddab6cc5ce606fef16a,nifi-nar-bundles/nifi-framework-bundle/nifi-framework/nifi-web/nifi-web-api,org.apache.nifi.integration.accesscontrol.ITCountersAccessControl.testUpdateCounters,OD,,,
https://github.com/apache/nifi,12015a17dd93a1d42c9d6ddab6cc5ce606fef16a,nifi-nar-bundles/nifi-framework-bundle/nifi-framework/nifi-web/nifi-web-api,org.apache.nifi.integration.accesscontrol.ITFlowAccessControl.testGenerateClientId,OD,,,
https://github.com/apache/nifi,12015a17dd93a1d42c9d6ddab6cc5ce606fef16a,nifi-nar-bundles/nifi-framework-bundle/nifi-framework/nifi-web/nifi-web-api,org.apache.nifi.integration.accesscontrol.ITFlowAccessControl.testSearch,OD,,,
https://github.com/apache/nifi,12015a17dd93a1d42c9d6ddab6cc5ce606fef16a,nifi-nar-bundles/nifi-framework-bundle/nifi-framework/nifi-web/nifi-web-api,org.apache.nifi.integration.accesscontrol.ITFunnelAccessControl.testNoneUserPutFunnel,OD,,,
https://github.com/apache/nifi,12015a17dd93a1d42c9d6ddab6cc5ce606fef16a,nifi-nar-bundles/nifi-framework-bundle/nifi-framework/nifi-web/nifi-web-api,org.apache.nifi.integration.accesscontrol.ITFunnelAccessControl.testWriteUserDeleteFunnel,OD,,,
https://github.com/apache/nifi,12015a17dd93a1d42c9d6ddab6cc5ce606fef16a,nifi-nar-bundles/nifi-framework-bundle/nifi-framework/nifi-web/nifi-web-api,org.apache.nifi.integration.accesscontrol.ITInputPortAccessControl.testNoneUserGetInputPort,OD,,,
https://github.com/apache/nifi,12015a17dd93a1d42c9d6ddab6cc5ce606fef16a,nifi-nar-bundles/nifi-framework-bundle/nifi-framework/nifi-web/nifi-web-api,org.apache.nifi.integration.accesscontrol.ITInputPortAccessControl.testReadWriteUserDeleteInputPort,OD,,,
https://github.com/apache/nifi,12015a17dd93a1d42c9d6ddab6cc5ce606fef16a,nifi-nar-bundles/nifi-framework-bundle/nifi-framework/nifi-web/nifi-web-api,org.apache.nifi.integration.accesscontrol.ITLabelAccessControl.testWriteUserGetLabel,OD,,,
https://github.com/apache/nifi,12015a17dd93a1d42c9d6ddab6cc5ce606fef16a,nifi-nar-bundles/nifi-framework-bundle/nifi-framework/nifi-web/nifi-web-api,org.apache.nifi.integration.accesscontrol.ITOutputPortAccessControl.testReadUserGetOutputPort,OD,,,
https://github.com/apache/nifi,12015a17dd93a1d42c9d6ddab6cc5ce606fef16a,nifi-nar-bundles/nifi-framework-bundle/nifi-framework/nifi-web/nifi-web-api,org.apache.nifi.integration.accesscontrol.ITOutputPortAccessControl.testReadUserPutOutputPort,OD,,,
https://github.com/apache/nifi,12015a17dd93a1d42c9d6ddab6cc5ce606fef16a,nifi-nar-bundles/nifi-framework-bundle/nifi-framework/nifi-web/nifi-web-api,org.apache.nifi.integration.accesscontrol.ITOutputPortAccessControl.testReadWriteUserGetOutputPort,OD,,,
https://github.com/apache/nifi,12015a17dd93a1d42c9d6ddab6cc5ce606fef16a,nifi-nar-bundles/nifi-framework-bundle/nifi-framework/nifi-web/nifi-web-api,org.apache.nifi.integration.accesscontrol.ITOutputPortAccessControl.testWriteUserDeleteOutputPort,OD,,,
https://github.com/apache/nifi,12015a17dd93a1d42c9d6ddab6cc5ce606fef16a,nifi-nar-bundles/nifi-framework-bundle/nifi-framework/nifi-web/nifi-web-api,org.apache.nifi.integration.accesscontrol.ITProcessGroupAccessControl.testNoneUserPutProcessGroup,OD,,,
https://github.com/apache/nifi,12015a17dd93a1d42c9d6ddab6cc5ce606fef16a,nifi-nar-bundles/nifi-framework-bundle/nifi-framework/nifi-web/nifi-web-api,org.apache.nifi.integration.accesscontrol.ITProcessGroupAccessControl.testReadUserPutProcessGroup,OD,,,
https://github.com/apache/nifi,12015a17dd93a1d42c9d6ddab6cc5ce606fef16a,nifi-nar-bundles/nifi-framework-bundle/nifi-framework/nifi-web/nifi-web-api,org.apache.nifi.integration.accesscontrol.ITProcessGroupAccessControl.testReadWriteUserDeleteProcessGroup,OD,,,
https://github.com/apache/nifi,12015a17dd93a1d42c9d6ddab6cc5ce606fef16a,nifi-nar-bundles/nifi-framework-bundle/nifi-framework/nifi-web/nifi-web-api,org.apache.nifi.integration.accesscontrol.ITProcessGroupAccessControl.testReadWriteUserGetProcessGroup,OD,,,
https://github.com/apache/nifi,12015a17dd93a1d42c9d6ddab6cc5ce606fef16a,nifi-nar-bundles/nifi-framework-bundle/nifi-framework/nifi-web/nifi-web-api,org.apache.nifi.integration.accesscontrol.ITProcessGroupAccessControl.testReadWriteUserPutProcessGroup,OD,,,
https://github.com/apache/nifi,12015a17dd93a1d42c9d6ddab6cc5ce606fef16a,nifi-nar-bundles/nifi-framework-bundle/nifi-framework/nifi-web/nifi-web-api,org.apache.nifi.integration.accesscontrol.ITProcessorAccessControl.testNoneUserPutProcessor,OD,,,
https://github.com/apache/nifi,12015a17dd93a1d42c9d6ddab6cc5ce606fef16a,nifi-nar-bundles/nifi-framework-bundle/nifi-framework/nifi-framework-nar-utils,org.apache.nifi.nar.NarUnpackerTest.testUnpackNars,OD,,,
https://github.com/apache/nifi,2bd752d868a8f3e36113b078bb576cf054e945e8,nifi-nar-bundles/nifi-standard-bundle/nifi-standard-processors,org.apache.nifi.processors.standard.TestListenHTTP.testMultipartFormDataRequest,ID,,,
https://github.com/apache/openwebbeans,01245cf8ef0baaa9cd31342b0cdb075d314b6ef9,webbeans-tck,org.jboss.cdi.tck.tests.full.extensions.configurators.observerMethod.ObserverMethodConfiguratorTest.notifyAcceptingConsumerNotified,ID,,,
https://github.com/apache/ozone,eb7136df7b53c77e239e82ff9d9d8063774fc717,hadoop-hdds/server-scm,org.apache.hadoop.hdds.scm.pipeline.TestPipelineManagerImpl.testPipelineCreationFailedMetric,OD,,,
https://github.com/apache/ozone,eb7136df7b53c77e239e82ff9d9d8063774fc717,hadoop-hdds/container-service,org.apache.hadoop.ozone.container.common.interfaces.TestHandler.testGetHandlerForInvalidContainerType,OD,,,
https://github.com/apache/ozone,eb7136df7b53c77e239e82ff9d9d8063774fc717,hadoop-hdds/container-service,org.apache.hadoop.ozone.container.common.interfaces.TestHandler.testGetKeyValueHandler,OD,,,
https://github.com/apache/ozone,eb7136df7b53c77e239e82ff9d9d8063774fc717,hadoop-hdds/container-service,org.apache.hadoop.ozone.container.common.report.TestReportPublisher.testPublishReport,OD,,,
https://github.com/apache/ozone,eb7136df7b53c77e239e82ff9d9d8063774fc717,hadoop-hdds/container-service,org.apache.hadoop.ozone.container.common.TestContainerCache.testConcurrentDBGet,OD,,,
https://github.com/apache/ozone,eb7136df7b53c77e239e82ff9d9d8063774fc717,hadoop-hdds/container-service,org.apache.hadoop.ozone.container.common.TestContainerCache.testContainerCacheEviction,OD,,,
https://github.com/apache/ozone,eb7136df7b53c77e239e82ff9d9d8063774fc717,hadoop-hdds/container-service,org.apache.hadoop.ozone.container.common.TestDatanodeStateMachine.testDatanodeStateContext,OD,,,
https://github.com/apache/ozone,eb7136df7b53c77e239e82ff9d9d8063774fc717,hadoop-hdds/container-service,org.apache.hadoop.ozone.container.common.TestDatanodeStateMachine.testDatanodeStateMachineWithIdWriteFail,OD,,,
https://github.com/apache/ozone,eb7136df7b53c77e239e82ff9d9d8063774fc717,hadoop-hdds/container-service,org.apache.hadoop.ozone.container.common.TestDatanodeStateMachine.testDatanodeStateMachineWithInvalidConfiguration,OD,,,
https://github.com/apache/ozone,eb7136df7b53c77e239e82ff9d9d8063774fc717,hadoop-hdds/container-service,org.apache.hadoop.ozone.container.common.TestDatanodeStateMachine.testStartStopDatanodeStateMachine,OD,,,
https://github.com/apache/ozone,eb7136df7b53c77e239e82ff9d9d8063774fc717,hadoop-hdds/server-scm,org.apache.hadoop.ozone.container.common.TestEndPoint.testRegisterRpcTimeout,OD,,,
https://github.com/apache/ozone,eb7136df7b53c77e239e82ff9d9d8063774fc717,hadoop-hdds/container-service,org.apache.hadoop.ozone.container.common.TestSchemaOneBackwardsCompatibility.testDelete,OD,,,
https://github.com/apache/ozone,eb7136df7b53c77e239e82ff9d9d8063774fc717,hadoop-hdds/container-service,org.apache.hadoop.ozone.container.common.TestSchemaOneBackwardsCompatibility.testReadDeletedBlockChunkInfo,OD,,,
https://github.com/apache/ozone,eb7136df7b53c77e239e82ff9d9d8063774fc717,hadoop-hdds/container-service,org.apache.hadoop.ozone.container.keyvalue.impl.TestChunkManagerDummyImpl.dummyManagerDoesNotWriteToFile,OD,,,
https://github.com/apache/ozone,eb7136df7b53c77e239e82ff9d9d8063774fc717,hadoop-hdds/container-service,org.apache.hadoop.ozone.container.keyvalue.impl.TestChunkManagerDummyImpl.dummyManagerReadsAnyChunk,OD,,,
https://github.com/apache/ozone,eb7136df7b53c77e239e82ff9d9d8063774fc717,hadoop-hdds/container-service,org.apache.hadoop.ozone.container.keyvalue.impl.TestFilePerBlockStrategy.testDeleteChunk,OD,,,
https://github.com/apache/ozone,eb7136df7b53c77e239e82ff9d9d8063774fc717,hadoop-hdds/container-service,org.apache.hadoop.ozone.container.keyvalue.impl.TestFilePerBlockStrategy.testDeletePartialChunkUnsupportedRequest,OD,,,
https://github.com/apache/ozone,eb7136df7b53c77e239e82ff9d9d8063774fc717,hadoop-hdds/container-service,org.apache.hadoop.ozone.container.keyvalue.impl.TestFilePerBlockStrategy.testDeletePartialChunkWithOffsetUnsupportedRequest,OD,,,
https://github.com/apache/ozone,eb7136df7b53c77e239e82ff9d9d8063774fc717,hadoop-hdds/container-service,org.apache.hadoop.ozone.container.keyvalue.impl.TestFilePerBlockStrategy.testMultipleWriteSingleRead,OD,,,
https://github.com/apache/ozone,eb7136df7b53c77e239e82ff9d9d8063774fc717,hadoop-hdds/container-service,org.apache.hadoop.ozone.container.keyvalue.impl.TestFilePerBlockStrategy.testPartialRead,OD,,,
https://github.com/apache/ozone,eb7136df7b53c77e239e82ff9d9d8063774fc717,hadoop-hdds/container-service,org.apache.hadoop.ozone.container.keyvalue.impl.TestFilePerBlockStrategy.testReadChunkFileNotExists,OD,,,
https://github.com/apache/ozone,eb7136df7b53c77e239e82ff9d9d8063774fc717,hadoop-hdds/container-service,org.apache.hadoop.ozone.container.keyvalue.impl.TestFilePerBlockStrategy.testReadOversizeChunk,OD,,,
https://github.com/apache/ozone,eb7136df7b53c77e239e82ff9d9d8063774fc717,hadoop-hdds/container-service,org.apache.hadoop.ozone.container.keyvalue.impl.TestFilePerBlockStrategy.testWriteAndReadChunkMultipleTimes,OD,,,
https://github.com/apache/ozone,eb7136df7b53c77e239e82ff9d9d8063774fc717,hadoop-hdds/container-service,org.apache.hadoop.ozone.container.keyvalue.impl.TestFilePerBlockStrategy.testWriteChunkIncorrectLength,OD,,,
https://github.com/apache/ozone,eb7136df7b53c77e239e82ff9d9d8063774fc717,hadoop-hdds/container-service,org.apache.hadoop.ozone.container.keyvalue.impl.TestFilePerBlockStrategy.testWriteChunkStageCombinedData,OD,,,
https://github.com/apache/ozone,eb7136df7b53c77e239e82ff9d9d8063774fc717,hadoop-hdds/container-service,org.apache.hadoop.ozone.container.keyvalue.impl.TestFilePerBlockStrategy.testWriteReadChunk,OD,,,
https://github.com/apache/ozone,eb7136df7b53c77e239e82ff9d9d8063774fc717,hadoop-hdds/container-service,org.apache.hadoop.ozone.container.keyvalue.impl.TestFilePerChunkStrategy.deletesChunkFileWithLengthIncludingOffset,OD,,,
https://github.com/apache/ozone,eb7136df7b53c77e239e82ff9d9d8063774fc717,hadoop-hdds/container-service,org.apache.hadoop.ozone.container.keyvalue.impl.TestFilePerChunkStrategy.testDeleteChunk,OD,,,
https://github.com/apache/ozone,eb7136df7b53c77e239e82ff9d9d8063774fc717,hadoop-hdds/container-service,org.apache.hadoop.ozone.container.keyvalue.impl.TestFilePerChunkStrategy.testDeletePartialChunkUnsupportedRequest,OD,,,
https://github.com/apache/ozone,eb7136df7b53c77e239e82ff9d9d8063774fc717,hadoop-hdds/container-service,org.apache.hadoop.ozone.container.keyvalue.impl.TestFilePerChunkStrategy.testReadChunkFileNotExists,OD,,,
https://github.com/apache/ozone,eb7136df7b53c77e239e82ff9d9d8063774fc717,hadoop-hdds/container-service,org.apache.hadoop.ozone.container.keyvalue.impl.TestFilePerChunkStrategy.testReadOversizeChunk,OD,,,
https://github.com/apache/ozone,eb7136df7b53c77e239e82ff9d9d8063774fc717,hadoop-hdds/container-service,org.apache.hadoop.ozone.container.keyvalue.impl.TestFilePerChunkStrategy.testWriteAndReadChunkMultipleTimes,OD,,,
https://github.com/apache/ozone,eb7136df7b53c77e239e82ff9d9d8063774fc717,hadoop-hdds/container-service,org.apache.hadoop.ozone.container.keyvalue.impl.TestFilePerChunkStrategy.testWriteChunkIncorrectLength,OD,,,
https://github.com/apache/ozone,eb7136df7b53c77e239e82ff9d9d8063774fc717,hadoop-hdds/container-service,org.apache.hadoop.ozone.container.keyvalue.impl.TestFilePerChunkStrategy.testWriteChunkStageCombinedData,OD,,,
https://github.com/apache/ozone,eb7136df7b53c77e239e82ff9d9d8063774fc717,hadoop-hdds/container-service,org.apache.hadoop.ozone.container.keyvalue.impl.TestFilePerChunkStrategy.testWriteChunkStageWriteAndCommit,OD,,,
https://github.com/apache/ozone,eb7136df7b53c77e239e82ff9d9d8063774fc717,hadoop-hdds/container-service,org.apache.hadoop.ozone.container.keyvalue.impl.TestFilePerChunkStrategy.testWriteReadChunk,OD,,,
https://github.com/apache/ozone,eb7136df7b53c77e239e82ff9d9d8063774fc717,hadoop-hdds/container-service,org.apache.hadoop.ozone.container.ozoneimpl.TestContainerReader.testContainerReader,OD,,,
https://github.com/apache/ozone,eb7136df7b53c77e239e82ff9d9d8063774fc717,hadoop-hdds/container-service,org.apache.hadoop.ozone.container.ozoneimpl.TestContainerReader.testContainerReaderWithLoadException,OD,,,
https://github.com/apache/ozone,eb7136df7b53c77e239e82ff9d9d8063774fc717,hadoop-hdds/container-service,org.apache.hadoop.ozone.container.ozoneimpl.TestContainerReader.testMultipleContainerReader,OD,,,
https://github.com/apache/ozone,eb7136df7b53c77e239e82ff9d9d8063774fc717,hadoop-hdds/container-service,org.apache.hadoop.ozone.container.replication.TestMeasuredReplicator.measureFailureSuccessAndBytes,OD,,,
https://github.com/apache/ozone,eb7136df7b53c77e239e82ff9d9d8063774fc717,hadoop-hdds/container-service,org.apache.hadoop.ozone.container.replication.TestMeasuredReplicator.testSuccessTime,OD,,,
https://github.com/apache/ozone,eb7136df7b53c77e239e82ff9d9d8063774fc717,hadoop-hdds/container-service,org.apache.hadoop.ozone.container.replication.TestMeasuredReplicator.testSuccessTimeFailureExcluded,OD,,,
https://github.com/apache/ozone,eb7136df7b53c77e239e82ff9d9d8063774fc717,hadoop-hdds/container-service,org.apache.hadoop.ozone.TestHddsDatanodeService.testStartup,OD,,,
https://github.com/apache/pinot,ecf41be2ecd007853c2db19e1c6a038cf356cb9e,pinot-core,org.apache.pinot.queries.NullEnabledQueriesTest.testQueriesWithNoDictDoubleColumn,ID,,,
https://github.com/apache/pinot,f79b618141e07c140663791959d96956ad91d811,pinot-query-planner,org.apache.pinot.query.queries.ResourceBasedQueryPlansTest.testQueryExplainPlansAndQueryPlanConversion,ID,,,fails 21/375 cases
https://github.com/apache/pulsar,fdeb191a946a76ca5edde81464f453fcd03fc6d3,pulsar-broker,org.apache.pulsar.client.api.TenantTest.testMaxTenant,ID,,,
https://github.com/apache/servicecomb-java-chassis,9ba66ebc452db6aa5207e5cc7ebd03d48d358e9f,common/common-protobuf,org.apache.servicecomb.codec.protobuf.internal.converter.TestSwaggerToProtoGenerator.convert,ID,,,
https://github.com/apache/servicecomb-java-chassis,9ba66ebc452db6aa5207e5cc7ebd03d48d358e9f,common/common-protobuf,org.apache.servicecomb.codec.protobuf.schema.TestSchemaToProtoGenerator.testNestedModelCorrect,ID,,,
https://github.com/apache/servicecomb-java-chassis,9ba66ebc452db6aa5207e5cc7ebd03d48d358e9f,foundations/foundation-protobuf,org.apache.servicecomb.foundation.protobuf.internal.TestModelWrap.pojoModel,ID,,,
https://github.com/apache/servicecomb-java-chassis,58bef312b02e24e52eb1aa63ba3b01d70ea50142,swagger/swagger-generator,org.apache.servicecomb.swagger.generator.core.TestSwaggerUtils.testSchemaMethod,ID,,,
https://github.com/apache/servicecomb-java-chassis,9ba66ebc452db6aa5207e5cc7ebd03d48d358e9f,swagger/swagger-generator/generator-jaxrs,org.apache.servicecomb.swagger.generator.jaxrs.TestClassAnnotation.test_generate_swagger_correct,ID,,,
https://github.com/apache/servicecomb-java-chassis,9ba66ebc452db6aa5207e5cc7ebd03d48d358e9f,swagger/swagger-generator/generator-jaxrs,org.apache.servicecomb.swagger.generator.jaxrs.TestJaxrs.testEcho,ID,,,
https://github.com/apache/servicecomb-java-chassis,9ba66ebc452db6aa5207e5cc7ebd03d48d358e9f,swagger/swagger-generator/generator-jaxrs,org.apache.servicecomb.swagger.generator.jaxrs.TestJaxrs.testFullSwaggerService,ID,,,
https://github.com/apache/servicecomb-java-chassis,9ba66ebc452db6aa5207e5cc7ebd03d48d358e9f,swagger/swagger-generator/generator-spring-data,org.apache.servicecomb.swagger.generator.springdata.TestPageResponseTypeProcessor.swagger,ID,,,
https://github.com/apache/servicecomb-java-chassis,9ba66ebc452db6aa5207e5cc7ebd03d48d358e9f,swagger/swagger-generator/generator-springmvc,org.apache.servicecomb.swagger.generator.springmvc.processor.annotation.RequestPartAnnotationProcessorTest.testDemoRest,ID,,,
https://github.com/apache/servicecomb-java-chassis,9ba66ebc452db6aa5207e5cc7ebd03d48d358e9f,swagger/swagger-generator/generator-springmvc,org.apache.servicecomb.swagger.generator.springmvc.TestSpringmvc.swaggerTestTarget,ID,,,
https://github.com/apache/servicecomb-java-chassis,9ba66ebc452db6aa5207e5cc7ebd03d48d358e9f,swagger/swagger-generator/generator-springmvc,org.apache.servicecomb.swagger.generator.springmvc.TestSpringmvc.swaggerTestTarget_ValueOverWritePath,ID,,,
https://github.com/apache/servicecomb-java-chassis,9ba66ebc452db6aa5207e5cc7ebd03d48d358e9f,swagger/swagger-generator/generator-springmvc,org.apache.servicecomb.swagger.generator.springmvc.TestSpringmvc.testClassMethodNoHttpMetod,ID,,,
https://github.com/apache/servicecomb-java-chassis,9ba66ebc452db6aa5207e5cc7ebd03d48d358e9f,swagger/swagger-generator/generator-springmvc,org.apache.servicecomb.swagger.generator.springmvc.TestSpringmvc.testDefaultParameter,ID,,,
https://github.com/apache/servicecomb-java-chassis,9ba66ebc452db6aa5207e5cc7ebd03d48d358e9f,swagger/swagger-generator/generator-springmvc,org.apache.servicecomb.swagger.generator.springmvc.TestSpringmvc.testDefaultParameterSchema,ID,,,
https://github.com/apache/servicecomb-java-chassis,9ba66ebc452db6aa5207e5cc7ebd03d48d358e9f,swagger/swagger-generator/generator-springmvc,org.apache.servicecomb.swagger.generator.springmvc.TestSpringmvc.testEcho,ID,,,
https://github.com/apache/servicecomb-java-chassis,9ba66ebc452db6aa5207e5cc7ebd03d48d358e9f,swagger/swagger-generator/generator-springmvc,org.apache.servicecomb.swagger.generator.springmvc.TestSpringmvc.testMixupAnnotations,ID,,,
https://github.com/apache/servicecomb-java-chassis,9ba66ebc452db6aa5207e5cc7ebd03d48d358e9f,swagger/swagger-generator/generator-springmvc,org.apache.servicecomb.swagger.generator.springmvc.TestSpringmvc.testResponseEntity,ID,,,
https://github.com/apache/servicecomb-java-chassis,9ba66ebc452db6aa5207e5cc7ebd03d48d358e9f,swagger/swagger-generator/generator-springmvc,org.apache.servicecomb.swagger.generator.springmvc.TestTwoSameNameModels.testTwoSameModelWork,ID,,,
https://github.com/apache/shardingsphere-elasticjob,b022898ef1b8c984e17efb2a422ee45f6b13e46e,elastic-job-lite-core,io.elasticjob.lite.internal.election.ElectionListenerManagerTest.assertLeaderElectionWhenRemoveLeaderInstancePathWithAvailableServerButJobInstanceIsShutdown,OD-Vic,,,
https://github.com/apache/shardingsphere-elasticjob,b022898ef1b8c984e17efb2a422ee45f6b13e46e,elastic-job-lite-lifecycle,io.elasticjob.lite.lifecycle.api.JobAPIFactoryTest.assertCreateJobStatisticsAPI,NOD,,,
https://github.com/apache/shardingsphere-elasticjob,b022898ef1b8c984e17efb2a422ee45f6b13e46e,elastic-job-lite-lifecycle,io.elasticjob.lite.lifecycle.api.JobAPIFactoryTest.assertCreateServerStatisticsAPI,NOD,,,
https://github.com/apache/shardingsphere-elasticjob,b022898ef1b8c984e17efb2a422ee45f6b13e46e,elastic-job-lite-spring,io.elasticjob.lite.spring.job.JobSpringNamespaceWithEventTraceRdbTest.assertSpringJobBean,NOD,,,
https://github.com/apache/shardingsphere-elasticjob,b022898ef1b8c984e17efb2a422ee45f6b13e46e,elastic-job-lite-spring,io.elasticjob.lite.spring.job.JobSpringNamespaceWithListenerAndJdkDynamicProxyTest.assertSpringJobBean,NOD,,,
https://github.com/apache/shardingsphere-elasticjob,b022898ef1b8c984e17efb2a422ee45f6b13e46e,elastic-job-lite-spring,io.elasticjob.lite.spring.job.JobSpringNamespaceWithoutListenerTest.assertSpringJobBean,NOD,,,
https://github.com/apache/tinkerpop,8bfdf50778e29d98c6554a01688fc5cc34524522,gremlin-core,org.apache.tinkerpop.gremlin.language.grammar.TraversalStrategyVisitorTest.shouldParseTraversalStrategy[new ReservedKeysVerificationStrategy()],ID,,,
https://github.com/apache/tinkerpop,8bfdf50778e29d98c6554a01688fc5cc34524522,gremlin-core,org.apache.tinkerpop.gremlin.process.traversal.translator.ParameterizedGroovyTranslatorTest.shouldHandleStrategies,ID,,,
https://github.com/apache/tinkerpop,8bfdf50778e29d98c6554a01688fc5cc34524522,gremlin-server,org.apache.tinkerpop.gremlin.server.auth.SimpleAuthenticatorTest.shouldUseTinkerGraphForCredentialsStoreAndSucceed,ID,,,
https://github.com/apache/tinkerpop,8bfdf50778e29d98c6554a01688fc5cc34524522,spark-gremlin,org.apache.tinkerpop.gremlin.spark.process.computer.SparkMessengerTest.testSparkMessenger,ID,,,
https://github.com/apache/tinkerpop,8bfdf50778e29d98c6554a01688fc5cc34524522,tinkergraph-gremlin,org.apache.tinkerpop.gremlin.tinkergraph.structure.TinkerGraphGraphSONSerializerV2Test.deserializersTestsMetrics,ID,,,
https://github.com/apache/tinkerpop,8bfdf50778e29d98c6554a01688fc5cc34524522,tinkergraph-gremlin,org.apache.tinkerpop.gremlin.tinkergraph.structure.TinkerGraphGraphSONSerializerV2Test.deserializersTestsTinkerGraph,ID,,,
https://github.com/apache/tinkerpop,8bfdf50778e29d98c6554a01688fc5cc34524522,tinkergraph-gremlin,org.apache.tinkerpop.gremlin.tinkergraph.structure.TinkerGraphGraphSONSerializerV2Test.deserializersTestsTraversalMetrics,ID,,,
https://github.com/apache/tinkerpop,8bfdf50778e29d98c6554a01688fc5cc34524522,tinkergraph-gremlin,org.apache.tinkerpop.gremlin.tinkergraph.structure.TinkerGraphGraphSONSerializerV2Test.shouldDeserializeGraphSONIntoTinkerGraphKeepingTypes,ID,,,
https://github.com/apache/tinkerpop,8bfdf50778e29d98c6554a01688fc5cc34524522,tinkergraph-gremlin,org.apache.tinkerpop.gremlin.tinkergraph.structure.TinkerGraphServiceTest.g_call_search,ID,,,
https://github.com/apache/tinkerpop,8bfdf50778e29d98c6554a01688fc5cc34524522,tinkergraph-gremlin,org.apache.tinkerpop.gremlin.tinkergraph.structure.TinkerGraphServiceTest.g_V_call_degree_centrality,ID,,,
https://github.com/apache/tinkerpop,8bfdf50778e29d98c6554a01688fc5cc34524522,tinkergraph-gremlin,org.apache.tinkerpop.gremlin.tinkergraph.structure.TinkerGraphServiceTest.g_V_call_lambda_with_requirements,ID,,,
https://github.com/apache/tinkerpop,8bfdf50778e29d98c6554a01688fc5cc34524522,tinkergraph-gremlin,org.apache.tinkerpop.gremlin.tinkergraph.structure.TinkerGraphTest.shouldCheckWithinListsOfIdsForMidTraversalHasId,ID,,,
https://github.com/apache/tinkerpop,8bfdf50778e29d98c6554a01688fc5cc34524522,tinkergraph-gremlin,org.apache.tinkerpop.gremlin.tinkergraph.structure.TinkerGraphTest.shouldUpdateEdgeIndicesInExistingGraph,ID,,,flakiness seen with -DnondexRuns=10
https://github.com/apache/tinkerpop,8bfdf50778e29d98c6554a01688fc5cc34524522,tinkergraph-gremlin,org.apache.tinkerpop.gremlin.tinkergraph.structure.TinkerGraphTest.shouldUpdateVertexIndicesInExistingGraph,ID,,,
https://github.com/apache/tinkerpop,7bdfccd2832615c75ad4152d4ddb8a8430805f26,gremlin-util,org.apache.tinkerpop.gremlin.util.ser.binary.GraphBinaryReaderWriterRoundTripTest.shouldWriteAndRead[TypeTraversalMetrics],ID,,,
https://github.com/apache/tinkerpop,8bfdf50778e29d98c6554a01688fc5cc34524522,gremlin-util,org.apache.tinkerpop.gremlin.util.ser.binary.GraphBinaryReaderWriterRoundTripTest.shouldWriteAndRead[TypeTraversalMetrics],ID,,,
https://github.com/apache/tinkerpop,8bfdf50778e29d98c6554a01688fc5cc34524522,gremlin-util,org.apache.tinkerpop.gremlin.util.ser.GraphSONMessageSerializerV3RoundTripTest.shouldWriteAndRead[TypeTraversalMetrics],ID,,,
https://github.com/apache/unomi,dfb021dd97180e435ff70d9c5e886bf074bd1a32,persistence-elasticsearch,org.apache.unomi.persistence.elasticsearch.ElasticsearchPersistenceTest.testCreateIndex,NOD,,,
https://github.com/apereo/java-cas-client,574b74fa64e4c95bda00ff41d06d358684a0b2e6,cas-client-core,org.jasig.cas.client.validation.AssertionImplTests.testAssertionValidity,NOD;UD,,,
https://github.com/baidu/Jprotobuf-rpc-socket,4de9d3da1309d4366da36857b86f50a0c212ef71,jprotobuf-rpc-core,com.baidu.jprotobuf.pbrpc.EchoServiceTest.testDynamiceTalkTimeout,NOD,,,
https://github.com/baidu/Jprotobuf-rpc-socket,88bb62d511a7288087fe042855bb708247758e93,jprotobuf-rpc-core,com.baidu.jprotobuf.pbrpc.proto.EchoServicePerformanceTest.multiExecuteValidTest,NOD,,,
https://github.com/baidu/Jprotobuf-rpc-socket,88bb62d511a7288087fe042855bb708247758e93,jprotobuf-rpc-core,com.baidu.jprotobuf.pbrpc.proto.EchoServicePerformanceTest.performance20TreadsTest,NOD,,,
https://github.com/baidu/Jprotobuf-rpc-socket,88bb62d511a7288087fe042855bb708247758e93,jprotobuf-rpc-core,com.baidu.jprotobuf.pbrpc.proto.EchoServicePerformanceTest.performanceOneTreadTest2,NOD,,,
https://github.com/baidu/Jprotobuf-rpc-socket,88bb62d511a7288087fe042855bb708247758e93,jprotobuf-rpc-core,com.baidu.jprotobuf.pbrpc.proto.EchoServicePerformanceTest.performanceOneTreadTestWithLongText,NOD,,,
https://github.com/baidu/Jprotobuf-rpc-socket,88bb62d511a7288087fe042855bb708247758e93,jprotobuf-rpc-core,com.baidu.jprotobuf.pbrpc.proto.EchoServiceTest.testAttachment,NOD,,,
https://github.com/baidu/Jprotobuf-rpc-socket,88bb62d511a7288087fe042855bb708247758e93,jprotobuf-rpc-core,com.baidu.jprotobuf.pbrpc.TrunkEchoServiceTest.testGzip,NOD,,,
https://github.com/biojava/biojava,e99364ac14294adeb9385b7b93c602c2d9b66bb6,biojava-core,org.biojava.nbio.core.search.io.blast.BlastXMLParserTest.testCreateObjects,NOD,,,https://github.com/TestingResearchIllinois/flaky-test-dataset/issues/115
https://github.com/biojava/biojava,e99364ac14294adeb9385b7b93c602c2d9b66bb6,biojava-core,org.biojava.nbio.core.search.io.SearchIOTest.testConstructorWithEvalueHspFilter,NOD,,,https://github.com/TestingResearchIllinois/flaky-test-dataset/issues/115
https://github.com/biojava/biojava,e99364ac14294adeb9385b7b93c602c2d9b66bb6,biojava-core,org.biojava.nbio.core.search.io.SearchIOTest.testConstructorWithoutFactoryGuess,NOD,,,https://github.com/TestingResearchIllinois/flaky-test-dataset/issues/115
https://github.com/biojava/biojava,e99364ac14294adeb9385b7b93c602c2d9b66bb6,biojava-core,org.biojava.nbio.core.sequence.io.GenbankCookbookTest.testProcess,NOD,,,https://github.com/TestingResearchIllinois/flaky-test-dataset/issues/115
https://github.com/biojava/biojava,e99364ac14294adeb9385b7b93c602c2d9b66bb6,biojava-core,org.biojava.nbio.core.sequence.loader.GenbankProxySequenceReaderTest.testFeatures,NOD,,,https://github.com/TestingResearchIllinois/flaky-test-dataset/issues/115
https://github.com/biojava/biojava,e99364ac14294adeb9385b7b93c602c2d9b66bb6,biojava-core,org.biojava.nbio.core.sequence.loader.GenbankProxySequenceReaderTest.testProteinSequenceFactoring,NOD,,,https://github.com/TestingResearchIllinois/flaky-test-dataset/issues/115
https://github.com/biojava/biojava,e99364ac14294adeb9385b7b93c602c2d9b66bb6,biojava-structure,org.biojava.nbio.structure.align.util.AtomCacheTest.testEmptyChemComp,NOD,,,https://github.com/TestingResearchIllinois/flaky-test-dataset/issues/115
https://github.com/biojava/biojava,e99364ac14294adeb9385b7b93c602c2d9b66bb6,biojava-structure,org.biojava.nbio.structure.align.util.AtomCacheTest.testEmptyGZChemComp,NOD,,,https://github.com/TestingResearchIllinois/flaky-test-dataset/issues/115
https://github.com/biojava/biojava,e99364ac14294adeb9385b7b93c602c2d9b66bb6,biojava-structure,org.biojava.nbio.structure.align.util.AtomCacheTest.testFetchBehavior,NOD,,,https://github.com/TestingResearchIllinois/flaky-test-dataset/issues/115
https://github.com/biojava/biojava,e99364ac14294adeb9385b7b93c602c2d9b66bb6,biojava-structure,org.biojava.nbio.structure.align.util.AtomCacheTest.testGetStructureForDomain1,NOD,,,https://github.com/TestingResearchIllinois/flaky-test-dataset/issues/115
https://github.com/biojava/biojava,e99364ac14294adeb9385b7b93c602c2d9b66bb6,biojava-structure,org.biojava.nbio.structure.align.util.AtomCacheTest.testGetStructureForDomain2,NOD,,,https://github.com/TestingResearchIllinois/flaky-test-dataset/issues/115
https://github.com/biojava/biojava,e99364ac14294adeb9385b7b93c602c2d9b66bb6,biojava-structure,org.biojava.nbio.structure.align.util.AtomCacheTest.testGetStructureForDomain3,NOD,,,https://github.com/TestingResearchIllinois/flaky-test-dataset/issues/115
https://github.com/biojava/biojava,e99364ac14294adeb9385b7b93c602c2d9b66bb6,biojava-structure,org.biojava.nbio.structure.io.mmtf.TestMmtfPerformance.test3HBX,NOD,,,https://github.com/TestingResearchIllinois/flaky-test-dataset/issues/115
https://github.com/biojava/biojava,e99364ac14294adeb9385b7b93c602c2d9b66bb6,biojava-structure,org.biojava.nbio.structure.io.mmtf.TestMmtfRoundTrip.testStructWithBranchedEntitiesRoundTrip,NOD,,,https://github.com/TestingResearchIllinois/flaky-test-dataset/issues/115
https://github.com/biojava/biojava,e99364ac14294adeb9385b7b93c602c2d9b66bb6,biojava-structure,org.biojava.nbio.structure.io.TestNonDepositedFiles.testStructureWithBranchedEntities,NOD,,,https://github.com/TestingResearchIllinois/flaky-test-dataset/issues/115
https://github.com/biojava/biojava,e99364ac14294adeb9385b7b93c602c2d9b66bb6,biojava-structure,org.biojava.nbio.structure.io.TestURLBasedFileParsing.testMMcifURL,NOD,,,https://github.com/TestingResearchIllinois/flaky-test-dataset/issues/115
https://github.com/biojava/biojava,e99364ac14294adeb9385b7b93c602c2d9b66bb6,biojava-structure,org.biojava.nbio.structure.PDBStatusTest.testGetCurrent,NOD,,,https://github.com/TestingResearchIllinois/flaky-test-dataset/issues/115
https://github.com/biojava/biojava,e99364ac14294adeb9385b7b93c602c2d9b66bb6,biojava-structure,org.biojava.nbio.structure.PDBStatusTest.testGetStatus,NOD,,,https://github.com/TestingResearchIllinois/flaky-test-dataset/issues/115
https://github.com/biojava/biojava,e99364ac14294adeb9385b7b93c602c2d9b66bb6,biojava-structure,org.biojava.nbio.structure.PDBStatusTest.testGetStatusMultipleIds,NOD,,,https://github.com/TestingResearchIllinois/flaky-test-dataset/issues/115
https://github.com/biojava/biojava,e99364ac14294adeb9385b7b93c602c2d9b66bb6,biojava-integrationtest,org.biojava.nbio.structure.test.ecod.EcodInstallationTest.testDownloads,NOD,,,https://github.com/TestingResearchIllinois/flaky-test-dataset/issues/115
https://github.com/biojava/biojava,e99364ac14294adeb9385b7b93c602c2d9b66bb6,biojava-integrationtest,org.biojava.nbio.structure.test.io.cif.CifFileSupplierIntegrationTest.test1A2C,NOD,,,https://github.com/TestingResearchIllinois/flaky-test-dataset/issues/115
https://github.com/biojava/biojava,e99364ac14294adeb9385b7b93c602c2d9b66bb6,biojava-integrationtest,org.biojava.nbio.structure.test.io.cif.CifFileSupplierIntegrationTest.test1SMT,NOD,,,https://github.com/TestingResearchIllinois/flaky-test-dataset/issues/115
https://github.com/biojava/biojava,e99364ac14294adeb9385b7b93c602c2d9b66bb6,biojava-integrationtest,org.biojava.nbio.structure.test.io.cif.CifFileSupplierIntegrationTest.test2N3J,NOD,,,https://github.com/TestingResearchIllinois/flaky-test-dataset/issues/115
https://github.com/biojava/biojava,e99364ac14294adeb9385b7b93c602c2d9b66bb6,biojava-integrationtest,org.biojava.nbio.structure.test.scop.TestParsingScopDomainPDB.testd1gena,NOD,,,https://github.com/TestingResearchIllinois/flaky-test-dataset/issues/115
https://github.com/biojava/biojava,e99364ac14294adeb9385b7b93c602c2d9b66bb6,biojava-structure,org.biojava.nbio.structure.TestAtomCache.testFetchCurrent1HHB,NOD,,,https://github.com/TestingResearchIllinois/flaky-test-dataset/issues/115
https://github.com/biojava/biojava,e99364ac14294adeb9385b7b93c602c2d9b66bb6,biojava-structure,org.biojava.nbio.structure.TestAtomCache.testFetchObsolete,NOD,,,https://github.com/TestingResearchIllinois/flaky-test-dataset/issues/115
https://github.com/biojava/biojava,e99364ac14294adeb9385b7b93c602c2d9b66bb6,biojava-structure,org.biojava.nbio.structure.TestLoadStructureFromURL.testLoadStructureFromURL,NOD,,,https://github.com/TestingResearchIllinois/flaky-test-dataset/issues/115
https://github.com/cescoffier/vertx-completable-future,011d3cd963b9a810c2e8e616da27bbfd8a3c717e,.,me.escoffier.vertx.completablefuture.VertxCompletableFutureTest.testAcceptEitherAsyncWithExecutor,TD,,,
https://github.com/checkstyle/checkstyle,c3a4af8c608684cea98c727051b188de1813fc83,.,com.puppycrawl.tools.checkstyle.JavadocPropertiesGeneratorTest.testNonExistentArgument,ID,,,
https://github.com/CloudSlang/cloud-slang,2b5914c479984244f656af5c1eed0e081e988d6a,cloudslang-runtime,io.cloudslang.lang.runtime.bindings.ParallelLoopBindingTest.testEmptyExpressionThrowsException,OD,,,https://github.com/TestingResearchIllinois/idoft/issues/256
https://github.com/CloudSlang/cloud-slang,2b5914c479984244f656af5c1eed0e081e988d6a,cloudslang-runtime,io.cloudslang.lang.runtime.steps.ParallelLoopStepsTest.testAddBranchesEventsAreFired,OD,,,https://github.com/TestingResearchIllinois/idoft/issues/256
https://github.com/CloudSlang/cloud-slang,2b5914c479984244f656af5c1eed0e081e988d6a,cloudslang-runtime,io.cloudslang.lang.runtime.steps.ParallelLoopStepsTest.testExceptionIsCapturedFromBranches,OD,,,https://github.com/TestingResearchIllinois/idoft/issues/256
https://github.com/CloudSlang/cloud-slang,2b5914c479984244f656af5c1eed0e081e988d6a,cloudslang-runtime,io.cloudslang.lang.runtime.steps.ParallelLoopStepsTest.testJoinBranchesNavigationAllBranchesSucced,OD,,,https://github.com/TestingResearchIllinois/idoft/issues/256
https://github.com/DataDog/jmxfetch,15e72e2342dc29d71243308cdad8c525b4d34317,.,org.datadog.jmxfetch.TestApp.testApp,ID,,,
https://github.com/davidmoten/rxjava2-extras,d0315b6ecb0d24437ec0d440b6d768e89247d56c,.,com.github.davidmoten.rx2.buffertofile.FlowableOnBackpressureBufferToFileTest.testCancel,NDOD,,,
https://github.com/davidmoten/rxjava2-extras,d0315b6ecb0d24437ec0d440b6d768e89247d56c,.,com.github.davidmoten.rx2.buffertofile.FlowableOnBackpressureBufferToFileTest.testCancelObservable,NDOD;OD-Vic,,,
https://github.com/davidmoten/rxjava2-extras,7663d3b19295f12c35f80594efa1e507e98650b1,.,com.github.davidmoten.rx2.flowable.TransformersTest.testBufferMaxCountAndTimeoutAsyncCountWins,TD,,,
https://github.com/davidmoten/rxjava2-extras,7663d3b19295f12c35f80594efa1e507e98650b1,.,com.github.davidmoten.rx2.FlowablesTest.testCache,TD,,,
https://github.com/davidmoten/rxjava2-extras,d0315b6ecb0d24437ec0d440b6d768e89247d56c,.,com.github.davidmoten.rx2.internal.flowable.FlowableServerSocketTest.serverSocketReadsTcpPushWhenBufferIsSmallerThanInput,UD,,,
https://github.com/davidmoten/rxjava2-extras,d0315b6ecb0d24437ec0d440b6d768e89247d56c,.,com.github.davidmoten.rx2.internal.flowable.FlowableServerSocketTest.testLoad,NDOD;TD,,,https://github.com/TestingResearchIllinois/flaky-test-dataset/issues/105
https://github.com/davidmoten/rxjava2-extras,d0315b6ecb0d24437ec0d440b6d768e89247d56c,.,com.github.davidmoten.rx2.SpecializedMspcLinkedQueueTest.testPushPoll,UD,,,
https://github.com/doanduyhai/Achilles,f52f7ec93b3da758119dbbbc1be8dad8e8783764,integration-test,info.archinnov.achilles.test.integration.tests.ClusteredEntityIT.should_persist_with_ttl,TD,,,
https://github.com/doanduyhai/Achilles,f52f7ec93b3da758119dbbbc1be8dad8e8783764,integration-test,info.archinnov.achilles.test.integration.tests.ClusteredEntityIT.should_update_with_ttl,TD,,,
https://github.com/dropwizard/dropwizard,07dfaed697427e208d65049f80a5d1949833b7cd,dropwizard-logging,io.dropwizard.logging.DefaultLoggingFactoryTest.testConfigure,NOD;OD-Vic,,,
https://github.com/eclipse-ee4j/tyrus,d86e0cb0a4f26ba89daf8668137c156e57fea565,tests/e2e/non-deployable,org.glassfish.tyrus.test.e2e.non_deployable.ServerExecutorsManagementTest.testExecutorServicesGetClosed,NOD;UD,,,
https://github.com/eclipse-ee4j/tyrus,d86e0cb0a4f26ba89daf8668137c156e57fea565,tests/e2e/standard-config,org.glassfish.tyrus.test.standard_config.BroadcasterTest.testTyrusBroadcaster,UD,,,
https://github.com/eclipse-ee4j/tyrus,d86e0cb0a4f26ba89daf8668137c156e57fea565,tests/e2e/standard-config,org.glassfish.tyrus.test.standard_config.OnCloseTest.testDoubleClose,NOD,,,
https://github.com/eclipse-ee4j/tyrus,d86e0cb0a4f26ba89daf8668137c156e57fea565,tests/e2e/standard-config,org.glassfish.tyrus.test.standard_config.ProxyTest.testConnectStuck,UD,,,
https://github.com/eclipse-ee4j/tyrus,d86e0cb0a4f26ba89daf8668137c156e57fea565,tests/e2e/standard-config,org.glassfish.tyrus.test.standard_config.SessionTimeoutTest.testSessionNoTimeoutRaised,UD,,,
https://github.com/eclipse-ee4j/tyrus,d86e0cb0a4f26ba89daf8668137c156e57fea565,tests/e2e/standard-config,org.glassfish.tyrus.test.standard_config.SessionTimeoutTest.testSessionTimeout,UD,,,
https://github.com/eclipse-ee4j/tyrus,d86e0cb0a4f26ba89daf8668137c156e57fea565,tests/e2e/standard-config,org.glassfish.tyrus.test.standard_config.SessionTimeoutTest.testSessionTimeoutChanged,NOD,,,
https://github.com/eclipse-ee4j/tyrus,d86e0cb0a4f26ba89daf8668137c156e57fea565,tests/servlet/autobahn-server,org.glassfish.tyrus.tests.servlet.autobahn.StandaloneServer.testServer,UD,,,
https://github.com/eclipse-vertx/vert.x,27cb9611cd2e7eb34bed6486ca0131d661acb594,vertx-core-logging,io.vertx.it.JULLogDelegateTest.testDelegateUnwrap,ID,,,
https://github.com/eclipse-vertx/vert.x,27cb9611cd2e7eb34bed6486ca0131d661acb594,vertx-core-logging,io.vertx.it.JULLogDelegateTest.testError,ID,,,
https://github.com/eclipse-vertx/vert.x,27cb9611cd2e7eb34bed6486ca0131d661acb594,vertx-core-logging,io.vertx.it.JULLogDelegateTest.testInfo,ID,,,
https://github.com/eclipse-vertx/vert.x,27cb9611cd2e7eb34bed6486ca0131d661acb594,vertx-core-logging,io.vertx.it.JULLogDelegateTest.testWarning,ID,,,
https://github.com/eclipse-vertx/vert.x,27cb9611cd2e7eb34bed6486ca0131d661acb594,vertx-core-logging,io.vertx.it.Log4J2LogDelegateTest.testMethodName,ID,,,
https://github.com/eclipse-vertx/vert.x,27cb9611cd2e7eb34bed6486ca0131d661acb594,vertx-core-logging,io.vertx.it.LoggingSelectionTest.test,ID,,,
https://github.com/eclipse-vertx/vert.x,27cb9611cd2e7eb34bed6486ca0131d661acb594,vertx-core-logging,io.vertx.it.SLF4JLogDelegateTest.testError,ID,,,
https://github.com/eclipse-vertx/vert.x,27cb9611cd2e7eb34bed6486ca0131d661acb594,vertx-core-logging,io.vertx.it.SLF4JLogDelegateTest.testErrorLocationAware,ID,,,
https://github.com/eclipse-vertx/vert.x,27cb9611cd2e7eb34bed6486ca0131d661acb594,vertx-core-logging,io.vertx.it.SLF4JLogDelegateTest.testInfo,ID,,,
https://github.com/eclipse-vertx/vert.x,27cb9611cd2e7eb34bed6486ca0131d661acb594,vertx-core-logging,io.vertx.it.SLF4JLogDelegateTest.testInfoLocationAware,ID,,,
https://github.com/eclipse-vertx/vert.x,27cb9611cd2e7eb34bed6486ca0131d661acb594,vertx-core-logging,io.vertx.it.SLF4JLogDelegateTest.testWarning,ID,,,
https://github.com/eclipse-vertx/vert.x,27cb9611cd2e7eb34bed6486ca0131d661acb594,vertx-core-logging,io.vertx.it.SLF4JLogDelegateTest.testWarningLocationAware,ID,,,
https://github.com/elasticjob/elastic-job-lite,a7042cf4872d784d619e4560cdfa0f92b0311965,elasticjob-infra/elasticjob-infra-common,org.apache.shardingsphere.elasticjob.infra.concurrent.ElasticJobExecutorServiceTest.assertCreateExecutorService,TD,,,
https://github.com/Ericsson/ecchronos,3e0a36ea4ead09c5a9633e29f4c02f6b58ebc25d,core,com.ericsson.bss.cassandra.ecchronos.core.TestLockCache.testEqualsContract,ID,,,Fixed in another repo as https://github.com/jqno/equalsverifier/pull/1161
https://github.com/espertechinc/esper,590fa9c9eb854f1420b9d337b802aca19f963cc0,examples/rfidassetzone,com.espertech.esper.example.rfidassetzone.TestLRMovingSimMain.testSim,NDOD;NOD,,,
https://github.com/espertechinc/esper,590fa9c9eb854f1420b9d337b802aca19f963cc0,regression-run,com.espertech.esper.regressionrun.suite.epl.TestSuiteEPLSpatial.testEPLSpatialMXCIFQuadTreeFilterIndex,NOD,,,test depends on time and fails in just 0.5%-1% of cases
https://github.com/espertechinc/esper,590fa9c9eb854f1420b9d337b802aca19f963cc0,regression-run,com.espertech.esper.regressionrun.suite.epl.TestSuiteEPLSpatial.testEPLSpatialPointRegionQuadTreeEventIndex,NOD,,,test depends on time and fails in just 0.5%-1% of cases
https://github.com/espertechinc/esper,590fa9c9eb854f1420b9d337b802aca19f963cc0,regression-run,com.espertech.esper.regressionrun.suite.epl.TestSuiteEPLSubselect.testEPLSubselectNamedWindowPerformance,ID,,,
https://github.com/espertechinc/esper,590fa9c9eb854f1420b9d337b802aca19f963cc0,runtime,com.espertech.esper.runtime.internal.schedulesvcimpl.TestSchedulingServiceImpl.testTrigger,OD,,,
https://github.com/fluent/fluent-logger-java,2e5fdf2dbed59cc5af88442ceae6cbe72f321060,.,org.fluentd.logger.TestFluentLogger.testInMultiThreading,TD,,,
https://github.com/funkygao/cp-ddd-framework,8c69f6a50db83459356a2ae66a910b1905fe4eb5,dddplus-test,io.github.dddplus.testing.LogAssertTest.contains,OD,,,https://github.com/TestingResearchIllinois/flaky-test-dataset/issues/80
https://github.com/google/guava,688b9c2cfae305f38c601efd4a7a9e9549db9b1f,guava-tests,com.google.common.collect.MultimapsTest.testUnmodifiableHashMultimap,ID,,,
https://github.com/google/guava,a197d99b96d69ea75a2c4a15ecd8a730dd3270d6,guava-test,com.google.common.collect.testing.google.MultisetEntrySetTester.testToString[ArrayListMultimap [collection size: several] reserialized [collection size: several].keys [collection size: several]],ID,,,
https://github.com/google/guava,a197d99b96d69ea75a2c4a15ecd8a730dd3270d6,guava-testlib,com.google.common.collect.testing.testers.MapToStringTester.testToStringWithNullKey[HashMap [collection size: several] reserialized [collection size: several]],ID,,,
https://github.com/google/guava,a197d99b96d69ea75a2c4a15ecd8a730dd3270d6,guava-testlib,com.google.common.collect.testing.testers.MapToStringTester.testToString_formatting[ConcurrentHashMap [collection size: several]],ID,,,
https://github.com/google/guava,a197d99b96d69ea75a2c4a15ecd8a730dd3270d6,guava-test,com.google.common.collect.testing.testers.MapToStringTester.testToString_formatting[Synchronized.setMultimap [collection size: several] reserialized [collection size: several].asMap [collection size: several]],ID,,,
https://github.com/google/guava,a197d99b96d69ea75a2c4a15ecd8a730dd3270d6,guava-test,com.google.common.reflect.InvokableTest.testInstanceMethod_exceptionTypes,ID,,,
https://github.com/google/guice,e0f12160dd854bf0106ed94d2a36125bad1b577c,throwingproviders,com.google.inject.throwingproviders.CheckedProviderTest.testBindingToInterfaceWithExtraMethod_Bind,ID,,,
https://github.com/google/guice,e0f12160dd854bf0106ed94d2a36125bad1b577c,throwingproviders,com.google.inject.throwingproviders.CheckedProviderTest.testBindingToInterfaceWithExtraMethod_Provides,ID,,,
https://github.com/google/jimfs,ced6093fe69a31e37ba8bbf63858b50c7164f4a4,jimfs,com.google.common.jimfs.JimfsFileChannelTest.testCloseByInterrupt,UD,,,
https://github.com/GoogleCloudPlatform/appengine-plugins-core,d3160f0e47ca001d2c35b2b2d3b90bcb6438613b,.,com.google.cloud.tools.io.FilePermissionsTest.testRootNotWritable,OSD,,,
https://github.com/GoogleCloudPlatform/DataflowTemplates,5094c7b39de511c9ed441d9fde28553a88f68e4b,.,com.google.cloud.teleport.splunk.SplunkEventWriterTest.failedSplunkWriteSingleBatchTest,ID,,,
https://github.com/GoogleCloudPlatform/DataflowTemplates,5094c7b39de511c9ed441d9fde28553a88f68e4b,.,com.google.cloud.teleport.templates.common.BigQueryConvertersTest.testFailsafeJsonToTableRowInvalidJSON,ID,,,
https://github.com/GoogleCloudPlatform/DataflowTemplates,cc17ed154d8c3c385ab3f5a3653a6e4c02539bfa,v1,com.google.cloud.teleport.templates.common.BigQueryConvertersTest.testFailsafeJsonToTableRowValidInput,ID,,,
https://github.com/GoogleCloudPlatform/DataflowTemplates,5094c7b39de511c9ed441d9fde28553a88f68e4b,.,com.google.cloud.teleport.templates.common.ErrorConvertersTest.testFailedPubsubMessageToTableRowFn,ID,,,
https://github.com/GoogleCloudPlatform/DataflowTemplates,5094c7b39de511c9ed441d9fde28553a88f68e4b,.,com.google.cloud.teleport.templates.common.ErrorConvertersTest.testFailedStringToPubsubMessageFn,ID,,,
https://github.com/helidon-io/helidon-build-tools,c60640f0aee61b44f377b7a1fff70022ed8846ca,archetype/engine-v2,io.helidon.build.archetype.engine.v2.util.InputPermutationsTest.testConditionals,NOD,,,
https://github.com/helidon-io/helidon-build-tools,c60640f0aee61b44f377b7a1fff70022ed8846ca,archetype/engine-v2,io.helidon.build.archetype.engine.v2.util.InputPermutationsTest.testE2e,NOD,,,
https://github.com/helidon-io/helidon-build-tools,c60640f0aee61b44f377b7a1fff70022ed8846ca,archetype/engine-v2,io.helidon.build.archetype.engine.v2.util.InputPermutationsTest.testExternals2,NOD,,,
https://github.com/helidon-io/helidon-build-tools,c60640f0aee61b44f377b7a1fff70022ed8846ca,archetype/engine-v2,io.helidon.build.archetype.engine.v2.util.InputPermutationsTest.testFilters,NOD,,,
https://github.com/javadelight/delight-nashorn-sandbox,da35edc0a75424bad8cbf60959fae253202154c4,.,delight.nashornsandbox.TestGetFunction.test,NDOD;OD-Brit;TD,,,
https://github.com/javadelight/delight-nashorn-sandbox,da35edc0a75424bad8cbf60959fae253202154c4,.,delight.nashornsandbox.TestIssue34.testIssue34_Scenario1,NDOD,,,
https://github.com/javadelight/delight-nashorn-sandbox,da35edc0a75424bad8cbf60959fae253202154c4,.,delight.nashornsandbox.TestMemoryLimit.test_no_abuse,NDOD;NOD,,,
https://github.com/jenkinsci/jenkins,d2fa87606246e1f1dc1450d7199778343945197e,test,lib.layout.IconTest.testBallColorTd,ID,,,
https://github.com/jenkinsci/remoting,abf0455a68ad6c52a57e912bb89d51f883f77542,.,hudson.remoting.ClassFilterTest.capabilityRead,OD,,,https://github.com/TestingResearchIllinois/flaky-test-dataset/issues/82
https://github.com/JodaOrg/joda-time,d1ea2a53929d7d56d4f4560852e5586517a0dd47,.,org.joda.time.TestDateTimeZoneCutover.test_DateTime_minusDay_Gaza,UD,,,
https://github.com/kagkarlsson/db-scheduler,4a8a28e60640dcd03e8d3bf212f483d35b0b6310,.,com.github.kagkarlsson.scheduler.DeadExecutionsTest.scheduler_should_detect_dead_execution_that_never_updated_heartbeat,NDOD;OD-Vic,,,
https://github.com/kagkarlsson/db-scheduler,4a8a28e60640dcd03e8d3bf212f483d35b0b6310,.,com.github.kagkarlsson.scheduler.DeadExecutionsTest.scheduler_should_handle_dead_executions,NDOD;OD-Vic,,,
https://github.com/kagkarlsson/db-scheduler,0e9f2a8a063cda04a6537a829ebbe4e93134ab1c,db-scheduler,com.github.kagkarlsson.scheduler.RunUntilShutdownTest.should_wait_on_ok_execution,TD,,,
https://github.com/kagkarlsson/db-scheduler,0e9f2a8a063cda04a6537a829ebbe4e93134ab1c,db-scheduler,com.github.kagkarlsson.scheduler.RunUntilShutdownTest.should_wait_on_runtime_exception,TD,,,
https://github.com/kagkarlsson/db-scheduler,4a8a28e60640dcd03e8d3bf212f483d35b0b6310,.,com.github.kagkarlsson.scheduler.SchedulerClientTest.client_should_be_able_to_fetch_executions_for_task,NDOD;OD-Vic,,,
https://github.com/kagkarlsson/db-scheduler,4a8a28e60640dcd03e8d3bf212f483d35b0b6310,.,com.github.kagkarlsson.scheduler.SchedulerClientTest.client_should_be_able_to_schedule_executions,NDOD;OD-Vic,,,
https://github.com/kagkarlsson/db-scheduler,4a8a28e60640dcd03e8d3bf212f483d35b0b6310,.,com.github.kagkarlsson.scheduler.SchedulerClientTest.should_be_able_to_schedule_other_executions_from_an_executionhandler,NDOD;OD-Vic,,,
https://github.com/kagkarlsson/db-scheduler,4a8a28e60640dcd03e8d3bf212f483d35b0b6310,.,com.github.kagkarlsson.scheduler.SchedulerTest.scheduler_should_execute_rescheduled_task_when_exactly_due,NOD;UD,,,
https://github.com/kagkarlsson/db-scheduler,0e9f2a8a063cda04a6537a829ebbe4e93134ab1c,db-scheduler,com.github.kagkarlsson.scheduler.WaiterTest.should_not_wait_if_instructed_to_skip_next,TD,,,
https://github.com/kagkarlsson/db-scheduler,0e9f2a8a063cda04a6537a829ebbe4e93134ab1c,db-scheduler,com.github.kagkarlsson.scheduler.WaiterTest.should_wait_until_woken,TD,,,
https://github.com/kagkarlsson/db-scheduler,4a8a28e60640dcd03e8d3bf212f483d35b0b6310,.,com.github.kagkarlsson.scheduler.WaiterTest.should_wait_until_woken,NDOD;TD,,,
https://github.com/kiegroup/jbpm,f7e80e82b7670c09485ce83869a287ef51dcb59c,jbpm-case-mgmt/jbpm-case-mgmt-impl,org.jbpm.casemgmt.impl.AdHocConditionsTest.testEnrichmentFlowNotValidDirectlyApproved,ID,,,
https://github.com/kiegroup/jbpm,f7e80e82b7670c09485ce83869a287ef51dcb59c,jbpm-case-mgmt/jbpm-case-mgmt-impl,org.jbpm.casemgmt.impl.AdHocConditionsTest.testEnrichmentFlowNotValidDirectlyRejected,ID,,,
https://github.com/kiegroup/jbpm,f7e80e82b7670c09485ce83869a287ef51dcb59c,jbpm-case-mgmt/jbpm-case-mgmt-impl,org.jbpm.casemgmt.impl.AdHocConditionsTest.testEnrichmentFlowNotValidManuallyApproved,ID,,,
https://github.com/kiegroup/jbpm,f7e80e82b7670c09485ce83869a287ef51dcb59c,jbpm-case-mgmt/jbpm-case-mgmt-impl,org.jbpm.casemgmt.impl.AdHocConditionsTest.testEnrichmentFlowNotValidManuallyRejected,ID,,,
https://github.com/kiegroup/jbpm,f7e80e82b7670c09485ce83869a287ef51dcb59c,jbpm-case-mgmt/jbpm-case-mgmt-impl,org.jbpm.casemgmt.impl.admin.CaseInstanceMigrationServiceImplTest.testMigrateSingleCaseInstance,ID,,,
https://github.com/kiegroup/jbpm,f7e80e82b7670c09485ce83869a287ef51dcb59c,jbpm-case-mgmt/jbpm-case-mgmt-impl,org.jbpm.casemgmt.impl.admin.CaseInstanceMigrationServiceImplTest.testMigrateSingleCaseInstanceMissingMapping,ID,,,
https://github.com/kiegroup/jbpm,f7e80e82b7670c09485ce83869a287ef51dcb59c,jbpm-case-mgmt/jbpm-case-mgmt-impl,org.jbpm.casemgmt.impl.admin.CaseInstanceMigrationServiceImplTest.testMigrateSingleCaseInstanceNotExisting,ID,,,
https://github.com/kiegroup/jbpm,f7e80e82b7670c09485ce83869a287ef51dcb59c,jbpm-case-mgmt/jbpm-case-mgmt-impl,org.jbpm.casemgmt.impl.admin.CaseInstanceMigrationServiceImplTest.testMigrateSingleCaseInstanceWithDynamicSubprocess,ID,,,
https://github.com/kiegroup/jbpm,f7e80e82b7670c09485ce83869a287ef51dcb59c,jbpm-case-mgmt/jbpm-case-mgmt-impl,org.jbpm.casemgmt.impl.admin.CaseInstanceMigrationServiceImplTest.testMigrateSingleCaseInstanceWithDynamicSubprocessNodeMapping,ID,,,
https://github.com/kiegroup/jbpm,f7e80e82b7670c09485ce83869a287ef51dcb59c,jbpm-case-mgmt/jbpm-case-mgmt-impl,org.jbpm.casemgmt.impl.admin.CaseInstanceMigrationServiceImplTest.testMigrateSingleCaseInstanceWithDynamicSubprocessRevert,ID,,,
https://github.com/kiegroup/jbpm,f7e80e82b7670c09485ce83869a287ef51dcb59c,jbpm-case-mgmt/jbpm-case-mgmt-impl,org.jbpm.casemgmt.impl.AdvanceCaseRuntimeDataServiceImplTest.queryCaseByVariablesAndTask,ID,,,
https://github.com/kiegroup/jbpm,f7e80e82b7670c09485ce83869a287ef51dcb59c,jbpm-case-mgmt/jbpm-case-mgmt-impl,org.jbpm.casemgmt.impl.AdvanceCaseRuntimeDataServiceImplTest.testQueryCaseByVariablesAndTaskByPotOwnersDefaultALL,ID,,,
https://github.com/kiegroup/jbpm,f7e80e82b7670c09485ce83869a287ef51dcb59c,jbpm-case-mgmt/jbpm-case-mgmt-impl,org.jbpm.casemgmt.impl.AdvanceCaseRuntimeDataServiceImplTest.testQueryCaseByVariablesAndTaskByPotOwnersDefaultANY,ID,,,
https://github.com/kiegroup/jbpm,f7e80e82b7670c09485ce83869a287ef51dcb59c,jbpm-case-mgmt/jbpm-case-mgmt-impl,org.jbpm.casemgmt.impl.AdvanceCaseRuntimeDataServiceImplTest.testQueryUserTasksByVariablesByPotOwnersANY,ID,,,
https://github.com/kiegroup/jbpm,f7e80e82b7670c09485ce83869a287ef51dcb59c,jbpm-case-mgmt/jbpm-case-mgmt-impl,org.jbpm.casemgmt.impl.AdvanceCaseRuntimeDataServiceImplTest.testQueryUserTasksByVariablesByPotOwnersDefaultALL,ID,,,
https://github.com/kiegroup/jbpm,f7e80e82b7670c09485ce83869a287ef51dcb59c,jbpm-case-mgmt/jbpm-case-mgmt-impl,org.jbpm.casemgmt.impl.AdvanceCaseRuntimeDataServiceImplTest.testSearchByVariable,ID,,,
https://github.com/kiegroup/jbpm,f7e80e82b7670c09485ce83869a287ef51dcb59c,jbpm-case-mgmt/jbpm-case-mgmt-impl,org.jbpm.casemgmt.impl.AdvanceCaseRuntimeDataServiceImplTest.testSearchUserByVariable,ID,,,
https://github.com/kiegroup/jbpm,f7e80e82b7670c09485ce83869a287ef51dcb59c,jbpm-case-mgmt/jbpm-case-mgmt-impl,org.jbpm.casemgmt.impl.CarInsuranceClaimCaseTest.testCarInsuranceClaimCase,ID,,,
https://github.com/kiegroup/jbpm,f7e80e82b7670c09485ce83869a287ef51dcb59c,jbpm-case-mgmt/jbpm-case-mgmt-impl,org.jbpm.casemgmt.impl.CarInsuranceClaimCaseTest.testCarInsuranceClaimCaseCloseCaseFromAsyncCommand,ID,,,
https://github.com/kiegroup/jbpm,f7e80e82b7670c09485ce83869a287ef51dcb59c,jbpm-case-mgmt/jbpm-case-mgmt-impl,org.jbpm.casemgmt.impl.CarInsuranceClaimCaseTest.testCarInsuranceClaimCaseCloseCaseFromRules,ID,,,
https://github.com/kiegroup/jbpm,f7e80e82b7670c09485ce83869a287ef51dcb59c,jbpm-case-mgmt/jbpm-case-mgmt-impl,org.jbpm.casemgmt.impl.CarInsuranceClaimCaseTest.testCarInsuranceClaimCaseCloseCaseFromRulesViaBusinessTask,ID,,,
https://github.com/kiegroup/jbpm,f7e80e82b7670c09485ce83869a287ef51dcb59c,jbpm-case-mgmt/jbpm-case-mgmt-impl,org.jbpm.casemgmt.impl.CarInsuranceClaimCaseTest.testCarInsuranceClaimCaseCloseCaseFromRulesViaProcess,ID,,,
https://github.com/kiegroup/jbpm,f7e80e82b7670c09485ce83869a287ef51dcb59c,jbpm-case-mgmt/jbpm-case-mgmt-impl,org.jbpm.casemgmt.impl.CarInsuranceClaimCaseTest.testCarInsuranceClaimCaseWithAssessorInvolved,ID,,,
https://github.com/kiegroup/jbpm,f7e80e82b7670c09485ce83869a287ef51dcb59c,jbpm-case-mgmt/jbpm-case-mgmt-impl,org.jbpm.casemgmt.impl.CarInsuranceClaimCaseTest.testCarInsuranceClaimCaseWithContactByInsured,ID,,,
https://github.com/kiegroup/jbpm,f7e80e82b7670c09485ce83869a287ef51dcb59c,jbpm-case-mgmt/jbpm-case-mgmt-impl,org.jbpm.casemgmt.impl.CarInsuranceClaimCaseTest.testCarInsuranceClaimCaseWithExtraTaskFromRules,ID,,,
https://github.com/kiegroup/jbpm,f7e80e82b7670c09485ce83869a287ef51dcb59c,jbpm-case-mgmt/jbpm-case-mgmt-impl,org.jbpm.casemgmt.impl.CarInsuranceClaimCaseTest.testCarInsuranceClaimCaseWithNegotiations,ID,,,
https://github.com/kiegroup/jbpm,f7e80e82b7670c09485ce83869a287ef51dcb59c,jbpm-case-mgmt/jbpm-case-mgmt-impl,org.jbpm.casemgmt.impl.CarInsuranceClaimCaseTest.testCarInsuranceClaimCaseWithPoliceReport,ID,,,
https://github.com/kiegroup/jbpm,f7e80e82b7670c09485ce83869a287ef51dcb59c,jbpm-case-mgmt/jbpm-case-mgmt-impl,org.jbpm.casemgmt.impl.CaseAssignmentServiceImplTest.testProperRoleAssigned,ID,,,
https://github.com/kiegroup/jbpm,f7e80e82b7670c09485ce83869a287ef51dcb59c,jbpm-case-mgmt/jbpm-case-mgmt-impl,org.jbpm.casemgmt.impl.CaseAssignmentServiceImplTest.testProperRoleAssignedAutoStart,ID,,,
https://github.com/kiegroup/jbpm,f7e80e82b7670c09485ce83869a287ef51dcb59c,jbpm-case-mgmt/jbpm-case-mgmt-impl,org.jbpm.casemgmt.impl.CaseAssignmentServiceImplTest.testRoleAssignedMissingGroupAutoStart,ID,,,
https://github.com/kiegroup/jbpm,f7e80e82b7670c09485ce83869a287ef51dcb59c,jbpm-case-mgmt/jbpm-case-mgmt-impl,org.jbpm.casemgmt.impl.CaseAssignmentServiceImplTest.testRoleAssignedMissingRole,ID,,,
https://github.com/kiegroup/jbpm,f7e80e82b7670c09485ce83869a287ef51dcb59c,jbpm-case-mgmt/jbpm-case-mgmt-impl,org.jbpm.casemgmt.impl.CaseAssignmentServiceImplTest.testRoleAssignedMissingUser,ID,,,
https://github.com/kiegroup/jbpm,f7e80e82b7670c09485ce83869a287ef51dcb59c,jbpm-case-mgmt/jbpm-case-mgmt-impl,org.jbpm.casemgmt.impl.CaseAssignmentServiceImplTest.testRoleAssignedMissingUserAutoStart,ID,,,
https://github.com/kiegroup/jbpm,f7e80e82b7670c09485ce83869a287ef51dcb59c,jbpm-case-mgmt/jbpm-case-mgmt-impl,org.jbpm.casemgmt.impl.CaseCommentNotificationTest.testCommentsNotificationWithoutTemplate,ID,,,
https://github.com/kiegroup/jbpm,f7e80e82b7670c09485ce83869a287ef51dcb59c,jbpm-case-mgmt/jbpm-case-mgmt-impl,org.jbpm.casemgmt.impl.CaseCommentNotificationTest.testCommentsNotificationWithTemplate,ID,,,
https://github.com/kiegroup/jbpm,f7e80e82b7670c09485ce83869a287ef51dcb59c,jbpm-case-mgmt/jbpm-case-mgmt-impl,org.jbpm.casemgmt.impl.CaseDynamicNodesTest.testAddDynamicSubprocessToCaseByProcessInstanceId,ID,,,
https://github.com/kiegroup/jbpm,f7e80e82b7670c09485ce83869a287ef51dcb59c,jbpm-case-mgmt/jbpm-case-mgmt-impl,org.jbpm.casemgmt.impl.CaseDynamicNodesTest.testAddDynamicSubprocessToNotActiveStage,ID,,,
https://github.com/kiegroup/jbpm,f7e80e82b7670c09485ce83869a287ef51dcb59c,jbpm-case-mgmt/jbpm-case-mgmt-impl,org.jbpm.casemgmt.impl.CaseDynamicNodesTest.testAddDynamicSubprocessToNotExistingCase,ID,,,
https://github.com/kiegroup/jbpm,f7e80e82b7670c09485ce83869a287ef51dcb59c,jbpm-case-mgmt/jbpm-case-mgmt-impl,org.jbpm.casemgmt.impl.CaseDynamicNodesTest.testAddDynamicSubprocessToNotExistingCaseByProcessInstanceId,ID,,,
https://github.com/kiegroup/jbpm,f7e80e82b7670c09485ce83869a287ef51dcb59c,jbpm-case-mgmt/jbpm-case-mgmt-impl,org.jbpm.casemgmt.impl.CaseDynamicNodesTest.testAddDynamicSubprocessToNotExistingStage,ID,,,
https://github.com/kiegroup/jbpm,f7e80e82b7670c09485ce83869a287ef51dcb59c,jbpm-case-mgmt/jbpm-case-mgmt-impl,org.jbpm.casemgmt.impl.CaseDynamicNodesTest.testAddDynamicSubprocessToNotExistingStageByProcessInstanceId,ID,,,
https://github.com/kiegroup/jbpm,f7e80e82b7670c09485ce83869a287ef51dcb59c,jbpm-case-mgmt/jbpm-case-mgmt-impl,org.jbpm.casemgmt.impl.CaseDynamicNodesTest.testAddDynamicSubprocessToStageByProcessInstanceId,ID,,,
https://github.com/kiegroup/jbpm,f7e80e82b7670c09485ce83869a287ef51dcb59c,jbpm-case-mgmt/jbpm-case-mgmt-impl,org.jbpm.casemgmt.impl.CaseDynamicNodesTest.testAddDynamicSubprocessToStageNotExistingCase,ID,,,
https://github.com/kiegroup/jbpm,f7e80e82b7670c09485ce83869a287ef51dcb59c,jbpm-case-mgmt/jbpm-case-mgmt-impl,org.jbpm.casemgmt.impl.CaseDynamicNodesTest.testAddDynamicSubprocessToStageNotExistingCaseByProcessInstanceId,ID,,,
https://github.com/kiegroup/jbpm,f7e80e82b7670c09485ce83869a287ef51dcb59c,jbpm-case-mgmt/jbpm-case-mgmt-impl,org.jbpm.casemgmt.impl.CaseDynamicNodesTest.testAddDynamicSubprocessToStageWithNotExistingProcessId,ID,,,
https://github.com/kiegroup/jbpm,f7e80e82b7670c09485ce83869a287ef51dcb59c,jbpm-case-mgmt/jbpm-case-mgmt-impl,org.jbpm.casemgmt.impl.CaseDynamicNodesTest.testAddDynamicSubprocessWithNotExistingProcessId,ID,,,
https://github.com/kiegroup/jbpm,f7e80e82b7670c09485ce83869a287ef51dcb59c,jbpm-case-mgmt/jbpm-case-mgmt-impl,org.jbpm.casemgmt.impl.CaseDynamicNodesTest.testAddDynamicTaskToNotActiveStage,ID,,,
https://github.com/kiegroup/jbpm,f7e80e82b7670c09485ce83869a287ef51dcb59c,jbpm-case-mgmt/jbpm-case-mgmt-impl,org.jbpm.casemgmt.impl.CaseDynamicNodesTest.testAddDynamicTaskToNotExistingCase,ID,,,
https://github.com/kiegroup/jbpm,f7e80e82b7670c09485ce83869a287ef51dcb59c,jbpm-case-mgmt/jbpm-case-mgmt-impl,org.jbpm.casemgmt.impl.CaseDynamicNodesTest.testAddDynamicTaskToNotExistingCaseByProcessInstanceId,ID,,,
https://github.com/kiegroup/jbpm,f7e80e82b7670c09485ce83869a287ef51dcb59c,jbpm-case-mgmt/jbpm-case-mgmt-impl,org.jbpm.casemgmt.impl.CaseDynamicNodesTest.testAddDynamicTaskToNotExistingStage,ID,,,
https://github.com/kiegroup/jbpm,f7e80e82b7670c09485ce83869a287ef51dcb59c,jbpm-case-mgmt/jbpm-case-mgmt-impl,org.jbpm.casemgmt.impl.CaseDynamicNodesTest.testAddDynamicTaskToNotExistingStageByProcessInstanceId,ID,,,
https://github.com/kiegroup/jbpm,f7e80e82b7670c09485ce83869a287ef51dcb59c,jbpm-case-mgmt/jbpm-case-mgmt-impl,org.jbpm.casemgmt.impl.CaseDynamicNodesTest.testAddDynamicTaskToStageNotExistingCase,ID,,,
https://github.com/kiegroup/jbpm,f7e80e82b7670c09485ce83869a287ef51dcb59c,jbpm-case-mgmt/jbpm-case-mgmt-impl,org.jbpm.casemgmt.impl.CaseDynamicNodesTest.testAddDynamicTaskToStageNotExistingCaseByProcessInstanceId,ID,,,
https://github.com/kiegroup/jbpm,f7e80e82b7670c09485ce83869a287ef51dcb59c,jbpm-case-mgmt/jbpm-case-mgmt-impl,org.jbpm.casemgmt.impl.CaseDynamicNodesTest.testAddDynamicUserTaskToEmptyStage,ID,,,
https://github.com/kiegroup/jbpm,f7e80e82b7670c09485ce83869a287ef51dcb59c,jbpm-case-mgmt/jbpm-case-mgmt-impl,org.jbpm.casemgmt.impl.CaseDynamicNodesTest.testAddMultipleDynamicSubprocessesToCase,ID,,,
https://github.com/kiegroup/jbpm,f7e80e82b7670c09485ce83869a287ef51dcb59c,jbpm-case-mgmt/jbpm-case-mgmt-impl,org.jbpm.casemgmt.impl.CaseDynamicNodesTest.testAddMultipleDynamicSubprocessesToStage,ID,,,
https://github.com/kiegroup/jbpm,f7e80e82b7670c09485ce83869a287ef51dcb59c,jbpm-case-mgmt/jbpm-case-mgmt-impl,org.jbpm.casemgmt.impl.CaseDynamicNodesTest.testAddMultipleDynamicTasksToStage,ID,,,
https://github.com/kiegroup/jbpm,f7e80e82b7670c09485ce83869a287ef51dcb59c,jbpm-case-mgmt/jbpm-case-mgmt-impl,org.jbpm.casemgmt.impl.CaseEventEmittingTest.testCaseCommentEventsEmitting,ID,,,
https://github.com/kiegroup/jbpm,f7e80e82b7670c09485ce83869a287ef51dcb59c,jbpm-case-mgmt/jbpm-case-mgmt-impl,org.jbpm.casemgmt.impl.CaseIdGeneratorTest.testErrorWhenNoVariableIsSupplied,ID,,,
https://github.com/kiegroup/jbpm,f7e80e82b7670c09485ce83869a287ef51dcb59c,jbpm-case-mgmt/jbpm-case-mgmt-impl,org.jbpm.casemgmt.impl.CaseIdGeneratorTest.testStartEmptyCaseImplicitVariableWithExpression,ID,,,
https://github.com/kiegroup/jbpm,f7e80e82b7670c09485ce83869a287ef51dcb59c,jbpm-case-mgmt/jbpm-case-mgmt-impl,org.jbpm.casemgmt.impl.CaseIdGeneratorTest.testStartEmptyCaseWithIdCaseExpression,ID,,,
https://github.com/kiegroup/jbpm,f7e80e82b7670c09485ce83869a287ef51dcb59c,jbpm-case-mgmt/jbpm-case-mgmt-impl,org.jbpm.casemgmt.impl.CaseIdGeneratorTest.testStartEmptyCaseWithIdCaseExpressionWithOverridingMetadata,ID,,,
https://github.com/kiegroup/jbpm,f7e80e82b7670c09485ce83869a287ef51dcb59c,jbpm-case-mgmt/jbpm-case-mgmt-impl,org.jbpm.casemgmt.impl.CaseIdGeneratorTest.testStartEmptyCaseWithOverridingSequence,ID,,,
https://github.com/kiegroup/jbpm,f7e80e82b7670c09485ce83869a287ef51dcb59c,jbpm-case-mgmt/jbpm-case-mgmt-impl,org.jbpm.casemgmt.impl.CaseRuntimeDataServiceDefinitionImplTest.testGetCaseDefinitionById,ID,,,
https://github.com/kiegroup/jbpm,f7e80e82b7670c09485ce83869a287ef51dcb59c,jbpm-case-mgmt/jbpm-case-mgmt-impl,org.jbpm.casemgmt.impl.CaseRuntimeDataServiceDefinitionImplTest.testGetCaseDefinitionByIdWithBoundaryEvent,ID,,,
https://github.com/kiegroup/jbpm,f7e80e82b7670c09485ce83869a287ef51dcb59c,jbpm-case-mgmt/jbpm-case-mgmt-impl,org.jbpm.casemgmt.impl.CaseRuntimeDataServiceDefinitionImplTest.testGetCaseDefinitions,ID,,,
https://github.com/kiegroup/jbpm,f7e80e82b7670c09485ce83869a287ef51dcb59c,jbpm-case-mgmt/jbpm-case-mgmt-impl,org.jbpm.casemgmt.impl.CaseRuntimeDataServiceDefinitionImplTest.testGetCaseDefinitionsByDeploymentId,ID,,,
https://github.com/kiegroup/jbpm,f7e80e82b7670c09485ce83869a287ef51dcb59c,jbpm-case-mgmt/jbpm-case-mgmt-impl,org.jbpm.casemgmt.impl.CaseRuntimeDataServiceDefinitionImplTest.testGetCaseDefinitionsByDeploymentIdSorted,ID,,,
https://github.com/kiegroup/jbpm,f7e80e82b7670c09485ce83869a287ef51dcb59c,jbpm-case-mgmt/jbpm-case-mgmt-impl,org.jbpm.casemgmt.impl.CaseRuntimeDataServiceDefinitionImplTest.testGetCaseDefinitionsByFilter,ID,,,
https://github.com/kiegroup/jbpm,f7e80e82b7670c09485ce83869a287ef51dcb59c,jbpm-case-mgmt/jbpm-case-mgmt-impl,org.jbpm.casemgmt.impl.CaseRuntimeDataServiceDefinitionImplTest.testGetCaseDefinitionsByFilterSorted,ID,,,
https://github.com/kiegroup/jbpm,f7e80e82b7670c09485ce83869a287ef51dcb59c,jbpm-case-mgmt/jbpm-case-mgmt-impl,org.jbpm.casemgmt.impl.CaseRuntimeDataServiceDefinitionImplTest.testGetCaseDefinitionsSorted,ID,,,
https://github.com/kiegroup/jbpm,f7e80e82b7670c09485ce83869a287ef51dcb59c,jbpm-case-mgmt/jbpm-case-mgmt-impl,org.jbpm.casemgmt.impl.CaseRuntimeDataServiceImplTest.testAddSubprocessToEmptyCaseCheckCaseNodes,ID,,,
https://github.com/kiegroup/jbpm,f7e80e82b7670c09485ce83869a287ef51dcb59c,jbpm-case-mgmt/jbpm-case-mgmt-impl,org.jbpm.casemgmt.impl.CaseRuntimeDataServiceImplTest.testCaseStatusCreation,ID,,,
https://github.com/kiegroup/jbpm,f7e80e82b7670c09485ce83869a287ef51dcb59c,jbpm-case-mgmt/jbpm-case-mgmt-impl,org.jbpm.casemgmt.impl.CaseRuntimeDataServiceImplTest.testGetProcessDefinitions,ID,,,
https://github.com/kiegroup/jbpm,f7e80e82b7670c09485ce83869a287ef51dcb59c,jbpm-case-mgmt/jbpm-case-mgmt-impl,org.jbpm.casemgmt.impl.CaseRuntimeDataServiceImplTest.testGroupTasksInCaseAsBusinessAdmin,ID,,,
https://github.com/kiegroup/jbpm,f7e80e82b7670c09485ce83869a287ef51dcb59c,jbpm-case-mgmt/jbpm-case-mgmt-impl,org.jbpm.casemgmt.impl.CaseRuntimeDataServiceImplTest.testGroupTasksInCaseAsPotentialOwners,ID,,,
https://github.com/kiegroup/jbpm,f7e80e82b7670c09485ce83869a287ef51dcb59c,jbpm-case-mgmt/jbpm-case-mgmt-impl,org.jbpm.casemgmt.impl.CaseRuntimeDataServiceImplTest.testGroupTasksInCaseAsStakeholder,ID,,,
https://github.com/kiegroup/jbpm,f7e80e82b7670c09485ce83869a287ef51dcb59c,jbpm-case-mgmt/jbpm-case-mgmt-impl,org.jbpm.casemgmt.impl.CaseRuntimeDataServiceImplTest.testResolveCaseStatuses,ID,,,
https://github.com/kiegroup/jbpm,f7e80e82b7670c09485ce83869a287ef51dcb59c,jbpm-case-mgmt/jbpm-case-mgmt-impl,org.jbpm.casemgmt.impl.CaseRuntimeDataServiceImplTest.testStartEmptyCaseWithCaseFile,ID,,,
https://github.com/kiegroup/jbpm,f7e80e82b7670c09485ce83869a287ef51dcb59c,jbpm-case-mgmt/jbpm-case-mgmt-impl,org.jbpm.casemgmt.impl.CaseRuntimeDataServiceImplTest.testTransitionBetweenStagesInCase,ID,,,
https://github.com/kiegroup/jbpm,f7e80e82b7670c09485ce83869a287ef51dcb59c,jbpm-case-mgmt/jbpm-case-mgmt-impl,org.jbpm.casemgmt.impl.CaseRuntimeDataServiceImplTest.testTransitionBetweenStagesInCaseWithActiveElements,ID,,,
https://github.com/kiegroup/jbpm,f7e80e82b7670c09485ce83869a287ef51dcb59c,jbpm-case-mgmt/jbpm-case-mgmt-impl,org.jbpm.casemgmt.impl.CaseRuntimeDataServiceImplTest.testTransitionBetweenStagesWithConditionsInCase,ID,,,
https://github.com/kiegroup/jbpm,f7e80e82b7670c09485ce83869a287ef51dcb59c,jbpm-case-mgmt/jbpm-case-mgmt-impl,org.jbpm.casemgmt.impl.CaseRuntimeDataServiceImplTest.testUserTasksInCaseAsBusinessAdmin,ID,,,
https://github.com/kiegroup/jbpm,f7e80e82b7670c09485ce83869a287ef51dcb59c,jbpm-case-mgmt/jbpm-case-mgmt-impl,org.jbpm.casemgmt.impl.CaseRuntimeDataServiceImplTest.testUserTasksInCaseAsPotentialOwners,ID,,,
https://github.com/kiegroup/jbpm,f7e80e82b7670c09485ce83869a287ef51dcb59c,jbpm-case-mgmt/jbpm-case-mgmt-impl,org.jbpm.casemgmt.impl.CaseRuntimeDataServiceImplTest.testUserTasksInCaseAsStakeholder,ID,,,
https://github.com/kiegroup/jbpm,f7e80e82b7670c09485ce83869a287ef51dcb59c,jbpm-case-mgmt/jbpm-case-mgmt-impl,org.jbpm.casemgmt.impl.CaseRuntimeDataServiceImplTest.testUserTasksInCaseWithSubprocess,ID,,,
https://github.com/kiegroup/jbpm,f7e80e82b7670c09485ce83869a287ef51dcb59c,jbpm-case-mgmt/jbpm-case-mgmt-impl,org.jbpm.casemgmt.impl.CaseServiceImplTest.testAddAndRemoveMultipleDataFromCaseFile,ID,,,
https://github.com/kiegroup/jbpm,f7e80e82b7670c09485ce83869a287ef51dcb59c,jbpm-case-mgmt/jbpm-case-mgmt-impl,org.jbpm.casemgmt.impl.CaseServiceImplTest.testAddDataCaseWithViolatingRestrictedCaseFileItem,ID,,,
https://github.com/kiegroup/jbpm,f7e80e82b7670c09485ce83869a287ef51dcb59c,jbpm-case-mgmt/jbpm-case-mgmt-impl,org.jbpm.casemgmt.impl.CaseServiceImplTest.testAddServiceTaskToEmptyCase,ID,,,
https://github.com/kiegroup/jbpm,f7e80e82b7670c09485ce83869a287ef51dcb59c,jbpm-case-mgmt/jbpm-case-mgmt-impl,org.jbpm.casemgmt.impl.CaseServiceImplTest.testAddSubprocessToCaseWithStage,ID,,,
https://github.com/kiegroup/jbpm,f7e80e82b7670c09485ce83869a287ef51dcb59c,jbpm-case-mgmt/jbpm-case-mgmt-impl,org.jbpm.casemgmt.impl.CaseServiceImplTest.testAddSubprocessToEmptyCase,ID,,,
https://github.com/kiegroup/jbpm,f7e80e82b7670c09485ce83869a287ef51dcb59c,jbpm-case-mgmt/jbpm-case-mgmt-impl,org.jbpm.casemgmt.impl.CaseServiceImplTest.testAddSubprocessToEmptyCaseAndClose,ID,,,
https://github.com/kiegroup/jbpm,f7e80e82b7670c09485ce83869a287ef51dcb59c,jbpm-case-mgmt/jbpm-case-mgmt-impl,org.jbpm.casemgmt.impl.CaseServiceImplTest.testAddUserTaskToCaseWithStage,ID,,,
https://github.com/kiegroup/jbpm,f7e80e82b7670c09485ce83869a287ef51dcb59c,jbpm-case-mgmt/jbpm-case-mgmt-impl,org.jbpm.casemgmt.impl.CaseServiceImplTest.testAddUserTaskToEmptyCase,ID,,,
https://github.com/kiegroup/jbpm,f7e80e82b7670c09485ce83869a287ef51dcb59c,jbpm-case-mgmt/jbpm-case-mgmt-impl,org.jbpm.casemgmt.impl.CaseServiceImplTest.testCaseAuthorization,ID,,,
https://github.com/kiegroup/jbpm,f7e80e82b7670c09485ce83869a287ef51dcb59c,jbpm-case-mgmt/jbpm-case-mgmt-impl,org.jbpm.casemgmt.impl.CaseServiceImplTest.testCaseAuthorizationImplicitOwner,ID,,,
https://github.com/kiegroup/jbpm,f7e80e82b7670c09485ce83869a287ef51dcb59c,jbpm-case-mgmt/jbpm-case-mgmt-impl,org.jbpm.casemgmt.impl.CaseServiceImplTest.testCaseOwnedBy,ID,,,
https://github.com/kiegroup/jbpm,f7e80e82b7670c09485ce83869a287ef51dcb59c,jbpm-case-mgmt/jbpm-case-mgmt-impl,org.jbpm.casemgmt.impl.CaseServiceImplTest.testCaseReadOnlyCaseFileItemAddDataOnce,ID,,,
https://github.com/kiegroup/jbpm,f7e80e82b7670c09485ce83869a287ef51dcb59c,jbpm-case-mgmt/jbpm-case-mgmt-impl,org.jbpm.casemgmt.impl.CaseServiceImplTest.testCaseReadOnlyCaseFileItemRemoveData,ID,,,
https://github.com/kiegroup/jbpm,f7e80e82b7670c09485ce83869a287ef51dcb59c,jbpm-case-mgmt/jbpm-case-mgmt-impl,org.jbpm.casemgmt.impl.CaseServiceImplTest.testCaseReopenWithViolatingReadOnlyCaseFileItemReopen,ID,,,
https://github.com/kiegroup/jbpm,f7e80e82b7670c09485ce83869a287ef51dcb59c,jbpm-case-mgmt/jbpm-case-mgmt-impl,org.jbpm.casemgmt.impl.CaseServiceImplTest.testCaseReopenWithViolatingRestrictedCaseFileItem,ID,,,
https://github.com/kiegroup/jbpm,f7e80e82b7670c09485ce83869a287ef51dcb59c,jbpm-case-mgmt/jbpm-case-mgmt-impl,org.jbpm.casemgmt.impl.CaseServiceImplTest.testCaseRolesCardinality,ID,,,
https://github.com/kiegroup/jbpm,f7e80e82b7670c09485ce83869a287ef51dcb59c,jbpm-case-mgmt/jbpm-case-mgmt-impl,org.jbpm.casemgmt.impl.CaseServiceImplTest.testCaseRolesWithDynamicTask,ID,,,
https://github.com/kiegroup/jbpm,f7e80e82b7670c09485ce83869a287ef51dcb59c,jbpm-case-mgmt/jbpm-case-mgmt-impl,org.jbpm.casemgmt.impl.CaseServiceImplTest.testCaseRolesWithQueries,ID,,,
https://github.com/kiegroup/jbpm,f7e80e82b7670c09485ce83869a287ef51dcb59c,jbpm-case-mgmt/jbpm-case-mgmt-impl,org.jbpm.casemgmt.impl.CaseServiceImplTest.testCaseViolatingReadOnlyCaseFileItemAddData,ID,,,
https://github.com/kiegroup/jbpm,f7e80e82b7670c09485ce83869a287ef51dcb59c,jbpm-case-mgmt/jbpm-case-mgmt-impl,org.jbpm.casemgmt.impl.CaseServiceImplTest.testCaseWithBoundaryTimerFiredAtStage,ID,,,
https://github.com/kiegroup/jbpm,f7e80e82b7670c09485ce83869a287ef51dcb59c,jbpm-case-mgmt/jbpm-case-mgmt-impl,org.jbpm.casemgmt.impl.CaseServiceImplTest.testCaseWithBoundaryTimerFiredAtStageAndThenReopen,ID,,,
https://github.com/kiegroup/jbpm,f7e80e82b7670c09485ce83869a287ef51dcb59c,jbpm-case-mgmt/jbpm-case-mgmt-impl,org.jbpm.casemgmt.impl.CaseServiceImplTest.testCaseWithComments,ID,,,
https://github.com/kiegroup/jbpm,f7e80e82b7670c09485ce83869a287ef51dcb59c,jbpm-case-mgmt/jbpm-case-mgmt-impl,org.jbpm.casemgmt.impl.CaseServiceImplTest.testCaseWithCommentsPagination,ID,,,
https://github.com/kiegroup/jbpm,f7e80e82b7670c09485ce83869a287ef51dcb59c,jbpm-case-mgmt/jbpm-case-mgmt-impl,org.jbpm.casemgmt.impl.CaseServiceImplTest.testCaseWithCommentsWithRestrictions,ID,,,
https://github.com/kiegroup/jbpm,f7e80e82b7670c09485ce83869a287ef51dcb59c,jbpm-case-mgmt/jbpm-case-mgmt-impl,org.jbpm.casemgmt.impl.CaseServiceImplTest.testCaseWithDefinedDataRestrictions,ID,,,
https://github.com/kiegroup/jbpm,f7e80e82b7670c09485ce83869a287ef51dcb59c,jbpm-case-mgmt/jbpm-case-mgmt-impl,org.jbpm.casemgmt.impl.CaseServiceImplTest.testCaseWithDefinedDataRestrictionsSetViaUserTask,ID,,,
https://github.com/kiegroup/jbpm,f7e80e82b7670c09485ce83869a287ef51dcb59c,jbpm-case-mgmt/jbpm-case-mgmt-impl,org.jbpm.casemgmt.impl.CaseServiceImplTest.testCaseWithHumanTaskAfterReopen,ID,,,
https://github.com/kiegroup/jbpm,f7e80e82b7670c09485ce83869a287ef51dcb59c,jbpm-case-mgmt/jbpm-case-mgmt-impl,org.jbpm.casemgmt.impl.CaseServiceImplTest.testCaseWithIndexedFromVariableUpdates,ID,,,
https://github.com/kiegroup/jbpm,f7e80e82b7670c09485ce83869a287ef51dcb59c,jbpm-case-mgmt/jbpm-case-mgmt-impl,org.jbpm.casemgmt.impl.CaseServiceImplTest.testCaseWithIndexedFromVariableUpdatesResetVariable,ID,,,
https://github.com/kiegroup/jbpm,f7e80e82b7670c09485ce83869a287ef51dcb59c,jbpm-case-mgmt/jbpm-case-mgmt-impl,org.jbpm.casemgmt.impl.CaseServiceImplTest.testCaseWithMissingRequiredCaseFileItem,ID,,,
https://github.com/kiegroup/jbpm,f7e80e82b7670c09485ce83869a287ef51dcb59c,jbpm-case-mgmt/jbpm-case-mgmt-impl,org.jbpm.casemgmt.impl.CaseServiceImplTest.testCaseWithMissingRequiredEmptyCaseFileItem,ID,,,
https://github.com/kiegroup/jbpm,f7e80e82b7670c09485ce83869a287ef51dcb59c,jbpm-case-mgmt/jbpm-case-mgmt-impl,org.jbpm.casemgmt.impl.CaseServiceImplTest.testCaseWithRequiredCaseFileItem,ID,,,
https://github.com/kiegroup/jbpm,f7e80e82b7670c09485ce83869a287ef51dcb59c,jbpm-case-mgmt/jbpm-case-mgmt-impl,org.jbpm.casemgmt.impl.CaseServiceImplTest.testCaseWithRequiredRestrictedCaseFileItem,ID,,,
https://github.com/kiegroup/jbpm,f7e80e82b7670c09485ce83869a287ef51dcb59c,jbpm-case-mgmt/jbpm-case-mgmt-impl,org.jbpm.casemgmt.impl.CaseServiceImplTest.testCaseWithRestrictedCaseFileItem,ID,,,
https://github.com/kiegroup/jbpm,f7e80e82b7670c09485ce83869a287ef51dcb59c,jbpm-case-mgmt/jbpm-case-mgmt-impl,org.jbpm.casemgmt.impl.CaseServiceImplTest.testCaseWithStageAndBoundaryTimerFired,ID,,,
https://github.com/kiegroup/jbpm,f7e80e82b7670c09485ce83869a287ef51dcb59c,jbpm-case-mgmt/jbpm-case-mgmt-impl,org.jbpm.casemgmt.impl.CaseServiceImplTest.testCaseWithStageAutoStartNodes,ID,,,
https://github.com/kiegroup/jbpm,f7e80e82b7670c09485ce83869a287ef51dcb59c,jbpm-case-mgmt/jbpm-case-mgmt-impl,org.jbpm.casemgmt.impl.CaseServiceImplTest.testCaseWithViolatingRestrictedCaseFileItem,ID,,,
https://github.com/kiegroup/jbpm,f7e80e82b7670c09485ce83869a287ef51dcb59c,jbpm-case-mgmt/jbpm-case-mgmt-impl,org.jbpm.casemgmt.impl.CaseServiceImplTest.testCreateCaseFileInstanceForNotExistingCase,ID,,,
https://github.com/kiegroup/jbpm,f7e80e82b7670c09485ce83869a287ef51dcb59c,jbpm-case-mgmt/jbpm-case-mgmt-impl,org.jbpm.casemgmt.impl.CaseServiceImplTest.testGetCaseFileInstanceForNotExistingCase,ID,,,
https://github.com/kiegroup/jbpm,f7e80e82b7670c09485ce83869a287ef51dcb59c,jbpm-case-mgmt/jbpm-case-mgmt-impl,org.jbpm.casemgmt.impl.CaseServiceImplTest.testInclusiveGatewayWithDynamicActivity,ID,,,
https://github.com/kiegroup/jbpm,f7e80e82b7670c09485ce83869a287ef51dcb59c,jbpm-case-mgmt/jbpm-case-mgmt-impl,org.jbpm.casemgmt.impl.CaseServiceImplTest.testPerCaseCleanup,ID,,,
https://github.com/kiegroup/jbpm,f7e80e82b7670c09485ce83869a287ef51dcb59c,jbpm-case-mgmt/jbpm-case-mgmt-impl,org.jbpm.casemgmt.impl.CaseServiceImplTest.testPerCaseEnsureCleanupInDisposeEngine,ID,,,
https://github.com/kiegroup/jbpm,f7e80e82b7670c09485ce83869a287ef51dcb59c,jbpm-case-mgmt/jbpm-case-mgmt-impl,org.jbpm.casemgmt.impl.CaseServiceImplTest.testRemoveNotExistingCaseComment,ID,,,
https://github.com/kiegroup/jbpm,f7e80e82b7670c09485ce83869a287ef51dcb59c,jbpm-case-mgmt/jbpm-case-mgmt-impl,org.jbpm.casemgmt.impl.CaseServiceImplTest.testReopenAfterAddingDynamicSubprocess,ID,,,
https://github.com/kiegroup/jbpm,f7e80e82b7670c09485ce83869a287ef51dcb59c,jbpm-case-mgmt/jbpm-case-mgmt-impl,org.jbpm.casemgmt.impl.CaseServiceImplTest.testStartCaseForMultiInstanceStagesAddDynamicNodes,ID,,,
https://github.com/kiegroup/jbpm,f7e80e82b7670c09485ce83869a287ef51dcb59c,jbpm-case-mgmt/jbpm-case-mgmt-impl,org.jbpm.casemgmt.impl.CaseServiceImplTest.testStartCaseForMultiInstanceStagesTriggerAdHocFragment,ID,,,
https://github.com/kiegroup/jbpm,f7e80e82b7670c09485ce83869a287ef51dcb59c,jbpm-case-mgmt/jbpm-case-mgmt-impl,org.jbpm.casemgmt.impl.CaseServiceImplTest.testStartCaseWithConditionalEvent,ID,,,
https://github.com/kiegroup/jbpm,f7e80e82b7670c09485ce83869a287ef51dcb59c,jbpm-case-mgmt/jbpm-case-mgmt-impl,org.jbpm.casemgmt.impl.CaseServiceImplTest.testStartCaseWithConditionalEventCompleteCase,ID,,,
https://github.com/kiegroup/jbpm,f7e80e82b7670c09485ce83869a287ef51dcb59c,jbpm-case-mgmt/jbpm-case-mgmt-impl,org.jbpm.casemgmt.impl.CaseServiceImplTest.testStartCaseWithoutStartNode,ID,,,
https://github.com/kiegroup/jbpm,f7e80e82b7670c09485ce83869a287ef51dcb59c,jbpm-case-mgmt/jbpm-case-mgmt-impl,org.jbpm.casemgmt.impl.CaseServiceImplTest.testStartCaseWithStageAndAdHocFragments,ID,,,
https://github.com/kiegroup/jbpm,f7e80e82b7670c09485ce83869a287ef51dcb59c,jbpm-case-mgmt/jbpm-case-mgmt-impl,org.jbpm.casemgmt.impl.CaseServiceImplTest.testStartEmptyCase,ID,,,
https://github.com/kiegroup/jbpm,f7e80e82b7670c09485ce83869a287ef51dcb59c,jbpm-case-mgmt/jbpm-case-mgmt-impl,org.jbpm.casemgmt.impl.CaseServiceImplTest.testStartEmptyCaseAndClose,ID,,,
https://github.com/kiegroup/jbpm,f7e80e82b7670c09485ce83869a287ef51dcb59c,jbpm-case-mgmt/jbpm-case-mgmt-impl,org.jbpm.casemgmt.impl.CaseServiceImplTest.testStartEmptyCaseAndDestroy,ID,,,
https://github.com/kiegroup/jbpm,f7e80e82b7670c09485ce83869a287ef51dcb59c,jbpm-case-mgmt/jbpm-case-mgmt-impl,org.jbpm.casemgmt.impl.CaseServiceImplTest.testStartEmptyCaseChangeOwner,ID,,,
https://github.com/kiegroup/jbpm,f7e80e82b7670c09485ce83869a287ef51dcb59c,jbpm-case-mgmt/jbpm-case-mgmt-impl,org.jbpm.casemgmt.impl.CaseServiceImplTest.testStartEmptyCaseUsingCaseFileOwner,ID,,,
https://github.com/kiegroup/jbpm,f7e80e82b7670c09485ce83869a287ef51dcb59c,jbpm-case-mgmt/jbpm-case-mgmt-impl,org.jbpm.casemgmt.impl.CaseServiceImplTest.testStartEmptyCaseUsingCaseFileOwnerAsLoggedInUser,ID,,,
https://github.com/kiegroup/jbpm,f7e80e82b7670c09485ce83869a287ef51dcb59c,jbpm-case-mgmt/jbpm-case-mgmt-impl,org.jbpm.casemgmt.impl.CaseServiceImplTest.testStartEmptyCaseUsingLoggedInOwner,ID,,,
https://github.com/kiegroup/jbpm,f7e80e82b7670c09485ce83869a287ef51dcb59c,jbpm-case-mgmt/jbpm-case-mgmt-impl,org.jbpm.casemgmt.impl.CaseServiceImplTest.testStartEmptyCaseViaProcessService,ID,,,
https://github.com/kiegroup/jbpm,f7e80e82b7670c09485ce83869a287ef51dcb59c,jbpm-case-mgmt/jbpm-case-mgmt-impl,org.jbpm.casemgmt.impl.CaseServiceImplTest.testStartEmptyCaseViaProcessServiceWithoutCorrelationKey,ID,,,
https://github.com/kiegroup/jbpm,f7e80e82b7670c09485ce83869a287ef51dcb59c,jbpm-case-mgmt/jbpm-case-mgmt-impl,org.jbpm.casemgmt.impl.CaseServiceImplTest.testStartEmptyCaseViaProcessServiceWithoutCorrelationKeyWithMilestones,ID,,,
https://github.com/kiegroup/jbpm,f7e80e82b7670c09485ce83869a287ef51dcb59c,jbpm-case-mgmt/jbpm-case-mgmt-impl,org.jbpm.casemgmt.impl.CaseServiceImplTest.testStartEmptyCaseWithCaseFile,ID,,,
https://github.com/kiegroup/jbpm,f7e80e82b7670c09485ce83869a287ef51dcb59c,jbpm-case-mgmt/jbpm-case-mgmt-impl,org.jbpm.casemgmt.impl.CaseServiceImplTest.testStartEmptyCaseWithCaseFileAndDocument,ID,,,
https://github.com/kiegroup/jbpm,f7e80e82b7670c09485ce83869a287ef51dcb59c,jbpm-case-mgmt/jbpm-case-mgmt-impl,org.jbpm.casemgmt.impl.CaseServiceImplTest.testStartEmptyCaseWithCaseFileValueTooLong,ID,,,
https://github.com/kiegroup/jbpm,f7e80e82b7670c09485ce83869a287ef51dcb59c,jbpm-case-mgmt/jbpm-case-mgmt-impl,org.jbpm.casemgmt.impl.CaseServiceImplTest.testStartExpressionCaseWithCaseFile,ID,,,
https://github.com/kiegroup/jbpm,f7e80e82b7670c09485ce83869a287ef51dcb59c,jbpm-case-mgmt/jbpm-case-mgmt-impl,org.jbpm.casemgmt.impl.CaseServiceImplTest.testStartScriptRoleAssignmentCase,ID,,,
https://github.com/kiegroup/jbpm,f7e80e82b7670c09485ce83869a287ef51dcb59c,jbpm-case-mgmt/jbpm-case-mgmt-impl,org.jbpm.casemgmt.impl.CaseServiceImplTest.testStartThenCancelRetrieveCaseFile,ID,,,
https://github.com/kiegroup/jbpm,f7e80e82b7670c09485ce83869a287ef51dcb59c,jbpm-case-mgmt/jbpm-case-mgmt-impl,org.jbpm.casemgmt.impl.CaseServiceImplTest.testStartThenReopenActiveCase,ID,,,
https://github.com/kiegroup/jbpm,f7e80e82b7670c09485ce83869a287ef51dcb59c,jbpm-case-mgmt/jbpm-case-mgmt-impl,org.jbpm.casemgmt.impl.CaseServiceImplTest.testStartThenReopenDestroyedCase,ID,,,
https://github.com/kiegroup/jbpm,f7e80e82b7670c09485ce83869a287ef51dcb59c,jbpm-case-mgmt/jbpm-case-mgmt-impl,org.jbpm.casemgmt.impl.CaseServiceImplTest.testStartThenReopenEmptyCase,ID,,,
https://github.com/kiegroup/jbpm,f7e80e82b7670c09485ce83869a287ef51dcb59c,jbpm-case-mgmt/jbpm-case-mgmt-impl,org.jbpm.casemgmt.impl.CaseServiceImplTest.testStartThenReopenEmptyCaseUpdateData,ID,,,
https://github.com/kiegroup/jbpm,f7e80e82b7670c09485ce83869a287ef51dcb59c,jbpm-case-mgmt/jbpm-case-mgmt-impl,org.jbpm.casemgmt.impl.CaseServiceImplTest.testStartThenReopenEmptyCaseUpdateDescription,ID,,,
https://github.com/kiegroup/jbpm,f7e80e82b7670c09485ce83869a287ef51dcb59c,jbpm-case-mgmt/jbpm-case-mgmt-impl,org.jbpm.casemgmt.impl.CaseServiceImplTest.testSystemUserCaseAuthorization,ID,,,
https://github.com/kiegroup/jbpm,f7e80e82b7670c09485ce83869a287ef51dcb59c,jbpm-case-mgmt/jbpm-case-mgmt-impl,org.jbpm.casemgmt.impl.CaseServiceImplTest.testSystemUserCaseCommentsAuthorization,ID,,,
https://github.com/kiegroup/jbpm,f7e80e82b7670c09485ce83869a287ef51dcb59c,jbpm-case-mgmt/jbpm-case-mgmt-impl,org.jbpm.casemgmt.impl.CaseServiceImplTest.testSystemUserCaseDataAuthorization,ID,,,
https://github.com/kiegroup/jbpm,f7e80e82b7670c09485ce83869a287ef51dcb59c,jbpm-case-mgmt/jbpm-case-mgmt-impl,org.jbpm.casemgmt.impl.CaseServiceImplTest.testTriggerAdHocTasksFromCurrentAndNextStage,ID,,,
https://github.com/kiegroup/jbpm,f7e80e82b7670c09485ce83869a287ef51dcb59c,jbpm-case-mgmt/jbpm-case-mgmt-impl,org.jbpm.casemgmt.impl.CaseServiceImplTest.testTriggerMultipleAdHocTasks,ID,,,
https://github.com/kiegroup/jbpm,f7e80e82b7670c09485ce83869a287ef51dcb59c,jbpm-case-mgmt/jbpm-case-mgmt-impl,org.jbpm.casemgmt.impl.CaseServiceImplTest.testTriggerNotExistingAdHocFragment,ID,,,
https://github.com/kiegroup/jbpm,f7e80e82b7670c09485ce83869a287ef51dcb59c,jbpm-case-mgmt/jbpm-case-mgmt-impl,org.jbpm.casemgmt.impl.CaseServiceImplTest.testTriggerTaskAndMilestoneInCase,ID,,,
https://github.com/kiegroup/jbpm,f7e80e82b7670c09485ce83869a287ef51dcb59c,jbpm-case-mgmt/jbpm-case-mgmt-impl,org.jbpm.casemgmt.impl.CaseServiceImplTest.testTriggerTaskAndMilestoneInCaseFakeMatchCreated,ID,,,
https://github.com/kiegroup/jbpm,f7e80e82b7670c09485ce83869a287ef51dcb59c,jbpm-case-mgmt/jbpm-case-mgmt-impl,org.jbpm.casemgmt.impl.CaseServiceImplTest.testUpdateNotExistingCaseComment,ID,,,
https://github.com/kiegroup/jbpm,f7e80e82b7670c09485ce83869a287ef51dcb59c,jbpm-case-mgmt/jbpm-case-mgmt-impl,org.jbpm.casemgmt.impl.CaseServiceImplTest.testUserTaskCaseDataItemWithRestrictions,ID,,,
https://github.com/kiegroup/jbpm,f7e80e82b7670c09485ce83869a287ef51dcb59c,jbpm-case-mgmt/jbpm-case-mgmt-impl,org.jbpm.casemgmt.impl.CaseServiceImplTest.testUserTaskCaseSearchByInitialCaseFileData,ID,,,
https://github.com/kiegroup/jbpm,f7e80e82b7670c09485ce83869a287ef51dcb59c,jbpm-case-mgmt/jbpm-case-mgmt-impl,org.jbpm.casemgmt.impl.CaseServiceImplTest.testUserTaskToCaseSearchByCaseFileData,ID,,,
https://github.com/kiegroup/jbpm,f7e80e82b7670c09485ce83869a287ef51dcb59c,jbpm-case-mgmt/jbpm-case-mgmt-impl,org.jbpm.casemgmt.impl.CaseServiceImplTest.testUserTaskToCaseWithStageComplete,ID,,,
https://github.com/kiegroup/jbpm,f7e80e82b7670c09485ce83869a287ef51dcb59c,jbpm-case-mgmt/jbpm-case-mgmt-impl,org.jbpm.casemgmt.impl.CaseServiceImplTest.testUserTaskToCaseWithStageCompleteCaseDataItem,ID,,,
https://github.com/kiegroup/jbpm,f7e80e82b7670c09485ce83869a287ef51dcb59c,jbpm-case-mgmt/jbpm-case-mgmt-impl,org.jbpm.casemgmt.impl.CaseSLAComplianceTest.testStartCaseWithSLAEscalation,ID,,,
https://github.com/kiegroup/jbpm,f7e80e82b7670c09485ce83869a287ef51dcb59c,jbpm-case-mgmt/jbpm-case-mgmt-impl,org.jbpm.casemgmt.impl.CaseSLAComplianceTest.testStartCaseWithSLAForGoldCustomerByRules,ID,,,
https://github.com/kiegroup/jbpm,f7e80e82b7670c09485ce83869a287ef51dcb59c,jbpm-case-mgmt/jbpm-case-mgmt-impl,org.jbpm.casemgmt.impl.CaseSLAComplianceTest.testStartCaseWithSLAForNewCustomerByRules,ID,,,
https://github.com/kiegroup/jbpm,f7e80e82b7670c09485ce83869a287ef51dcb59c,jbpm-case-mgmt/jbpm-case-mgmt-impl,org.jbpm.casemgmt.impl.CaseSLAComplianceTest.testStartCaseWithSLAForSilverCustomerByRules,ID,,,
https://github.com/kiegroup/jbpm,f7e80e82b7670c09485ce83869a287ef51dcb59c,jbpm-case-mgmt/jbpm-case-mgmt-impl,org.jbpm.casemgmt.impl.CaseSLAComplianceTest.testStartCaseWithSLANotification,ID,,,
https://github.com/kiegroup/jbpm,f7e80e82b7670c09485ce83869a287ef51dcb59c,jbpm-case-mgmt/jbpm-case-mgmt-impl,org.jbpm.casemgmt.impl.CaseSLAComplianceTest.testStartCaseWithSLASubprocess,ID,,,
https://github.com/kiegroup/jbpm,f7e80e82b7670c09485ce83869a287ef51dcb59c,jbpm-case-mgmt/jbpm-case-mgmt-impl,org.jbpm.casemgmt.impl.CaseWithJPADataTest.testStartCaseInOneGoWithJPAData,ID,,,
https://github.com/kiegroup/jbpm,f7e80e82b7670c09485ce83869a287ef51dcb59c,jbpm-case-mgmt/jbpm-case-mgmt-impl,org.jbpm.casemgmt.impl.CaseWithJPADataTest.testStartEmptyCaseWithJPAData,ID,,,
https://github.com/kiegroup/jbpm,f7e80e82b7670c09485ce83869a287ef51dcb59c,jbpm-case-mgmt/jbpm-case-mgmt-impl,org.jbpm.casemgmt.impl.CMMNCaseTest.testAchieveMilestoneAfterReopen,ID,,,
https://github.com/kiegroup/jbpm,f7e80e82b7670c09485ce83869a287ef51dcb59c,jbpm-case-mgmt/jbpm-case-mgmt-impl,org.jbpm.casemgmt.impl.CMMNCaseTest.testAchieveMilestoneBeforeReopen,ID,,,
https://github.com/kiegroup/jbpm,f7e80e82b7670c09485ce83869a287ef51dcb59c,jbpm-case-mgmt/jbpm-case-mgmt-impl,org.jbpm.casemgmt.impl.CMMNCaseTest.testStartDataMappingHumanTaskCase,ID,,,
https://github.com/kiegroup/jbpm,f7e80e82b7670c09485ce83869a287ef51dcb59c,jbpm-case-mgmt/jbpm-case-mgmt-impl,org.jbpm.casemgmt.impl.CMMNCaseTest.testStartDMNDecisionTaskCase,ID,,,
https://github.com/kiegroup/jbpm,f7e80e82b7670c09485ce83869a287ef51dcb59c,jbpm-case-mgmt/jbpm-case-mgmt-impl,org.jbpm.casemgmt.impl.CMMNCaseTest.testStartDMNDecisionTaskCaseApprovalRequired,ID,,,
https://github.com/kiegroup/jbpm,f7e80e82b7670c09485ce83869a287ef51dcb59c,jbpm-case-mgmt/jbpm-case-mgmt-impl,org.jbpm.casemgmt.impl.CMMNCaseTest.testStartDMNDecisionTaskCaseNoApprovalRequired,ID,,,
https://github.com/kiegroup/jbpm,f7e80e82b7670c09485ce83869a287ef51dcb59c,jbpm-case-mgmt/jbpm-case-mgmt-impl,org.jbpm.casemgmt.impl.CMMNCaseTest.testStartHumanTaskByCompletingAnotherOneCase,ID,,,
https://github.com/kiegroup/jbpm,f7e80e82b7670c09485ce83869a287ef51dcb59c,jbpm-case-mgmt/jbpm-case-mgmt-impl,org.jbpm.casemgmt.impl.CMMNCaseTest.testStartHumanTaskRuleSentryCase,ID,,,
https://github.com/kiegroup/jbpm,f7e80e82b7670c09485ce83869a287ef51dcb59c,jbpm-case-mgmt/jbpm-case-mgmt-impl,org.jbpm.casemgmt.impl.CMMNCaseTest.testStartMilestoneAndHumanTaskCase,ID,,,
https://github.com/kiegroup/jbpm,f7e80e82b7670c09485ce83869a287ef51dcb59c,jbpm-case-mgmt/jbpm-case-mgmt-impl,org.jbpm.casemgmt.impl.CMMNCaseTest.testStartStageAndHumanTaskCase,ID,,,
https://github.com/kiegroup/jbpm,f7e80e82b7670c09485ce83869a287ef51dcb59c,jbpm-case-mgmt/jbpm-case-mgmt-impl,org.jbpm.casemgmt.impl.CMMNOrderITHardwareCaseTest.testStartOrderITHardwareCase,ID,,,
https://github.com/kiegroup/jbpm,f7e80e82b7670c09485ce83869a287ef51dcb59c,jbpm-case-mgmt/jbpm-case-mgmt-impl,org.jbpm.casemgmt.impl.CMMNOrderITHardwareCaseTest.testStartOrderITHardwareCaseManagerRejected,ID,,,
https://github.com/kiegroup/jbpm,f7e80e82b7670c09485ce83869a287ef51dcb59c,jbpm-case-mgmt/jbpm-case-mgmt-impl,org.jbpm.casemgmt.impl.event.CommentNotificationEventListenerTest.testNotificationOnCommentAdded,ID,,,
https://github.com/kiegroup/jbpm,f7e80e82b7670c09485ce83869a287ef51dcb59c,jbpm-case-mgmt/jbpm-case-mgmt-impl,org.jbpm.casemgmt.impl.event.CommentNotificationEventListenerTest.testNotificationOnCommentAddedWithRawBody,ID,,,
https://github.com/kiegroup/jbpm,f7e80e82b7670c09485ce83869a287ef51dcb59c,jbpm-case-mgmt/jbpm-case-mgmt-impl,org.jbpm.casemgmt.impl.StageActivationConditionTest.testAutoComplete,ID,,,
https://github.com/kiegroup/jbpm,f7e80e82b7670c09485ce83869a287ef51dcb59c,jbpm-case-mgmt/jbpm-case-mgmt-impl,org.jbpm.casemgmt.impl.StageActivationConditionTest.testAutoCompleteCheckActivationData,ID,,,
https://github.com/kiegroup/jbpm,f7e80e82b7670c09485ce83869a287ef51dcb59c,jbpm-case-mgmt/jbpm-case-mgmt-impl,org.jbpm.casemgmt.impl.StageActivationConditionTest.testReopenWithCaseFileReevaluation,ID,,,
https://github.com/kiegroup/jbpm,f7e80e82b7670c09485ce83869a287ef51dcb59c,jbpm-case-mgmt/jbpm-case-mgmt-impl,org.jbpm.casemgmt.impl.StageCancelTest.testCancelStageAutoComplete,ID,,,
https://github.com/kiegroup/jbpm,f7e80e82b7670c09485ce83869a287ef51dcb59c,jbpm-case-mgmt/jbpm-case-mgmt-impl,org.jbpm.casemgmt.impl.StageCancelTest.testCancelStageForMultiInstanceStages,ID,,,
https://github.com/kiegroup/jbpm,f7e80e82b7670c09485ce83869a287ef51dcb59c,jbpm-case-mgmt/jbpm-case-mgmt-impl,org.jbpm.casemgmt.impl.StageCancelTest.testCancelStageNoAutoComplete,ID,,,
https://github.com/kiegroup/jbpm,f7e80e82b7670c09485ce83869a287ef51dcb59c,jbpm-case-mgmt/jbpm-case-mgmt-impl,org.jbpm.casemgmt.impl.StageCompletionConditionTest.testAutoComplete,ID,,,
https://github.com/kiegroup/jbpm,f7e80e82b7670c09485ce83869a287ef51dcb59c,jbpm-case-mgmt/jbpm-case-mgmt-impl,org.jbpm.casemgmt.impl.StageCompletionConditionTest.testAutoCompleteDynamicSubProcess,ID,,,
https://github.com/kiegroup/jbpm,f7e80e82b7670c09485ce83869a287ef51dcb59c,jbpm-case-mgmt/jbpm-case-mgmt-impl,org.jbpm.casemgmt.impl.StageCompletionConditionTest.testAutoCompleteDynamicTask,ID,,,
https://github.com/kiegroup/jbpm,f7e80e82b7670c09485ce83869a287ef51dcb59c,jbpm-case-mgmt/jbpm-case-mgmt-impl,org.jbpm.casemgmt.impl.StageCompletionConditionTest.testAutoCompleteNoAutoStartTask,ID,,,
https://github.com/kiegroup/jbpm,f7e80e82b7670c09485ce83869a287ef51dcb59c,jbpm-case-mgmt/jbpm-case-mgmt-impl,org.jbpm.casemgmt.impl.StageCompletionConditionTest.testAutoCompleteNoAutoStartTaskAdHocInNotExistingStage,ID,,,
https://github.com/kiegroup/jbpm,f7e80e82b7670c09485ce83869a287ef51dcb59c,jbpm-case-mgmt/jbpm-case-mgmt-impl,org.jbpm.casemgmt.impl.StageCompletionConditionTest.testAutoCompleteNoAutoStartTaskAdHocInStage,ID,,,
https://github.com/kiegroup/jbpm,f7e80e82b7670c09485ce83869a287ef51dcb59c,jbpm-case-mgmt/jbpm-case-mgmt-impl,org.jbpm.casemgmt.impl.StageCompletionConditionTest.testAutoCompleteNoAutoStartTaskNotExistingAdHocInStage,ID,,,
https://github.com/kiegroup/jbpm,f7e80e82b7670c09485ce83869a287ef51dcb59c,jbpm-case-mgmt/jbpm-case-mgmt-impl,org.jbpm.casemgmt.impl.StageCompletionConditionTest.testCaseDataVariableBoolean,ID,,,
https://github.com/kiegroup/jbpm,f7e80e82b7670c09485ce83869a287ef51dcb59c,jbpm-case-mgmt/jbpm-case-mgmt-impl,org.jbpm.casemgmt.impl.StageCompletionConditionTest.testCaseDataVariableCompleteTask,ID,,,
https://github.com/kiegroup/jbpm,f7e80e82b7670c09485ce83869a287ef51dcb59c,jbpm-case-mgmt/jbpm-case-mgmt-impl,org.jbpm.casemgmt.impl.StageCompletionConditionTest.testCaseDataVariableInteger,ID,,,
https://github.com/kiegroup/jbpm,f7e80e82b7670c09485ce83869a287ef51dcb59c,jbpm-case-mgmt/jbpm-case-mgmt-impl,org.jbpm.casemgmt.impl.StageCompletionConditionTest.testCaseDataVariableString,ID,,,
https://github.com/kiegroup/jbpm,f7e80e82b7670c09485ce83869a287ef51dcb59c,jbpm-case-mgmt/jbpm-case-mgmt-impl,org.jbpm.casemgmt.impl.StageCompletionConditionTest.testCaseFileVariable,ID,,,
https://github.com/kiegroup/jbpm,f7e80e82b7670c09485ce83869a287ef51dcb59c,jbpm-case-mgmt/jbpm-case-mgmt-impl,org.jbpm.casemgmt.impl.StageCompletionConditionTest.testCaseFileVariableWithoutPrefix,ID,,,
https://github.com/kiegroup/jbpm,f7e80e82b7670c09485ce83869a287ef51dcb59c,jbpm-case-mgmt/jbpm-case-mgmt-impl,org.jbpm.casemgmt.impl.StageCompletionConditionTest.testCaseFileVariableWithProcessVariable,ID,,,
https://github.com/kiegroup/jbpm,f7e80e82b7670c09485ce83869a287ef51dcb59c,jbpm-case-mgmt/jbpm-case-mgmt-impl,org.jbpm.casemgmt.impl.StageCompletionConditionTest.testNoActiveTasksCondition,ID,,,
https://github.com/kiegroup/jbpm,f7e80e82b7670c09485ce83869a287ef51dcb59c,jbpm-case-mgmt/jbpm-case-mgmt-impl,org.jbpm.casemgmt.impl.StageCompletionConditionTest.testProcessVariable,ID,,,
https://github.com/kiegroup/jbpm,f7e80e82b7670c09485ce83869a287ef51dcb59c,jbpm-case-mgmt/jbpm-case-mgmt-impl,org.jbpm.casemgmt.impl.SubCaseServiceImplTest.testCaseWithSubCaseQuery,ID,,,
https://github.com/kiegroup/jbpm,f7e80e82b7670c09485ce83869a287ef51dcb59c,jbpm-case-mgmt/jbpm-case-mgmt-impl,org.jbpm.casemgmt.impl.SubCaseServiceImplTest.testStartCaseWithDynamicSubCaseAbortMainCase,ID,,,
https://github.com/kiegroup/jbpm,f7e80e82b7670c09485ce83869a287ef51dcb59c,jbpm-case-mgmt/jbpm-case-mgmt-impl,org.jbpm.casemgmt.impl.SubCaseServiceImplTest.testStartCaseWithDynamicSubCaseCancelSubCase,ID,,,
https://github.com/kiegroup/jbpm,f7e80e82b7670c09485ce83869a287ef51dcb59c,jbpm-case-mgmt/jbpm-case-mgmt-impl,org.jbpm.casemgmt.impl.SubCaseServiceImplTest.testStartCaseWithDynamicSubCaseCloseSubCase,ID,,,
https://github.com/kiegroup/jbpm,f7e80e82b7670c09485ce83869a287ef51dcb59c,jbpm-case-mgmt/jbpm-case-mgmt-impl,org.jbpm.casemgmt.impl.SubCaseServiceImplTest.testStartCaseWithDynamicSubCaseDestroySubCase,ID,,,
https://github.com/kiegroup/jbpm,f7e80e82b7670c09485ce83869a287ef51dcb59c,jbpm-case-mgmt/jbpm-case-mgmt-impl,org.jbpm.casemgmt.impl.SubCaseServiceImplTest.testStartCaseWithIndependentDynamicSubCaseAbortMainCase,ID,,,
https://github.com/kiegroup/jbpm,f7e80e82b7670c09485ce83869a287ef51dcb59c,jbpm-case-mgmt/jbpm-case-mgmt-impl,org.jbpm.casemgmt.impl.SubCaseServiceImplTest.testStartCaseWithIndependentDynamicSubCaseCancelSubCase,ID,,,
https://github.com/kiegroup/jbpm,f7e80e82b7670c09485ce83869a287ef51dcb59c,jbpm-case-mgmt/jbpm-case-mgmt-impl,org.jbpm.casemgmt.impl.SubCaseServiceImplTest.testStartCaseWithIndependentDynamicSubCaseCloseSubCase,ID,,,
https://github.com/kiegroup/jbpm,f7e80e82b7670c09485ce83869a287ef51dcb59c,jbpm-case-mgmt/jbpm-case-mgmt-impl,org.jbpm.casemgmt.impl.SubCaseServiceImplTest.testStartCaseWithIndependentDynamicSubCaseDestroySubCase,ID,,,
https://github.com/kiegroup/jbpm,f7e80e82b7670c09485ce83869a287ef51dcb59c,jbpm-case-mgmt/jbpm-case-mgmt-impl,org.jbpm.casemgmt.impl.SubCaseServiceImplTest.testStartCaseWithSubCaseAbortProcessInstanceOfSubCase,ID,,,
https://github.com/kiegroup/jbpm,f7e80e82b7670c09485ce83869a287ef51dcb59c,jbpm-case-mgmt/jbpm-case-mgmt-impl,org.jbpm.casemgmt.impl.SubCaseServiceImplTest.testStartCaseWithSubCaseDestroySubCase,ID,,,
https://github.com/kiegroup/jbpm,f7e80e82b7670c09485ce83869a287ef51dcb59c,jbpm-case-mgmt/jbpm-case-mgmt-impl,org.jbpm.casemgmt.impl.SubCaseServiceImplTest.testStartProcessWithSubCaseDestroySubCase,ID,,,
https://github.com/kiegroup/jbpm,f7e80e82b7670c09485ce83869a287ef51dcb59c,jbpm-runtime-manager,org.jbpm.runtime.manager.impl.deploy.DeploymentDescriptorManagerTest.roundTripDescriptorMarshallingTest,ID,,,
https://github.com/kiegroup/jbpm,f7e80e82b7670c09485ce83869a287ef51dcb59c,jbpm-runtime-manager,org.jbpm.runtime.manager.impl.deploy.RuntimeManagerWithDescriptorTest.testDeployWithFullCustomDeploymentDescriptor,ID,,,
https://github.com/LinShunKang/MyPerf4J,4c0a98d8f0f93733b0fddbb2b4b3dd4edd32470d,MyPerf4J-Base,cn.myperf4j.base.influxdb.InfluxDbV2ClientTest.testWrite,ID,,,
https://github.com/logzio/sawmill,e493c2e279b8820c0fdc2c79ab760d6759eb5a4a,sawmill-core,io.logz.sawmill.PipelineExecutorTest.testFailure,UD,,,
https://github.com/logzio/sawmill,e493c2e279b8820c0fdc2c79ab760d6759eb5a4a,sawmill-core,io.logz.sawmill.PipelineExecutorTest.testOnSuccessPipelineExecution,NOD,,,
https://github.com/logzio/sawmill,e493c2e279b8820c0fdc2c79ab760d6759eb5a4a,sawmill-core,io.logz.sawmill.PipelineExecutorTest.testWarnLongProcessingExecution,NOD,,,
https://github.com/logzio/sawmill,e493c2e279b8820c0fdc2c79ab760d6759eb5a4a,sawmill-core,io.logz.sawmill.processors.ConvertFieldProcessorTest.testConvertToBoolean,NOD,,,
https://github.com/looly/hutool,91565d052d2771dd26547e79c619ee8c31497e8f,hutool-cron,cn.hutool.cron.test.CronTest.matchAllTest,NDOD;NOD,,,
https://github.com/nationalsecurityagency/timely,16d73a18453d9ec9476f509faf2dd700716e47ac,server,timely.server.sample.iterators.TimeSeriesGroupingIteratorTest.testAdditionalTimeSeries,NDOI,,,
https://github.com/nationalsecurityagency/timely,16d73a18453d9ec9476f509faf2dd700716e47ac,server,timely.server.sample.iterators.TimeSeriesGroupingIteratorTest.testManySparseTimeSeries,NDOI,,,
https://github.com/nationalsecurityagency/timely,16d73a18453d9ec9476f509faf2dd700716e47ac,server,timely.server.sample.iterators.TimeSeriesGroupingIteratorTest.testMultipleTimeSeriesMovingAverage,NDOI,,,
https://github.com/nationalsecurityagency/timely,16d73a18453d9ec9476f509faf2dd700716e47ac,server,timely.server.sample.iterators.TimeSeriesGroupingIteratorTest.testTimeSeriesDropOff,NDOI,,,
https://github.com/netty/netty,0a3df28b2d8ed7b2f4f5389c81b2306c055e4762,buffer,io.netty.buffer.AdaptiveByteBufAllocatorTest.jfrBufferAllocation,ID,,,Root cause traced to OpenJDK-JFR: built-in JFR event field ordering is non-deterministic. Methods like `getDeclaredFields` are used in multiple places in JFR's metadata builder or ASM code; e.g. `getVisibleEventFields`.
https://github.com/netty/netty,0a3df28b2d8ed7b2f4f5389c81b2306c055e4762,buffer,io.netty.buffer.AdaptiveByteBufAllocatorTest.jfrBufferAllocationThreadLocal,ID,,,Root cause traced to OpenJDK-JFR: built-in JFR event field ordering is non-deterministic. Methods like `getDeclaredFields` are used in multiple places in JFR's metadata builder or ASM code; e.g. `getVisibleEventFields`.
https://github.com/netty/netty,0a3df28b2d8ed7b2f4f5389c81b2306c055e4762,buffer,io.netty.buffer.AdaptiveByteBufAllocatorTest.jfrChunkAllocation,ID,,,Root cause traced to OpenJDK-JFR: built-in JFR event field ordering is non-deterministic. Methods like `getDeclaredFields` are used in multiple places in JFR's metadata builder or ASM code; e.g. `getVisibleEventFields`.
https://github.com/netty/netty,0a3df28b2d8ed7b2f4f5389c81b2306c055e4762,buffer,io.netty.buffer.AdaptiveByteBufAllocatorTest.shouldCreateTwoChunks,ID,,,Root cause traced to OpenJDK-JFR: built-in JFR event field ordering is non-deterministic. Methods like `getDeclaredFields` are used in multiple places in JFR's metadata builder or ASM code; e.g. `getVisibleEventFields`.
https://github.com/netty/netty,0a3df28b2d8ed7b2f4f5389c81b2306c055e4762,buffer,io.netty.buffer.AdaptiveByteBufAllocatorTest.shouldReuseTheSameChunk,ID,,,Root cause traced to OpenJDK-JFR: built-in JFR event field ordering is non-deterministic. Methods like `getDeclaredFields` are used in multiple places in JFR's metadata builder or ASM code; e.g. `getVisibleEventFields`.
https://github.com/netty/netty,0a3df28b2d8ed7b2f4f5389c81b2306c055e4762,buffer,io.netty.buffer.AdaptiveByteBufAllocatorUseCacheForNonEventLoopThreadsTest.jfrBufferAllocation,ID,,,Root cause traced to OpenJDK-JFR: built-in JFR event field ordering is non-deterministic. Methods like `getDeclaredFields` are used in multiple places in JFR's metadata builder or ASM code; e.g. `getVisibleEventFields`.
https://github.com/netty/netty,0a3df28b2d8ed7b2f4f5389c81b2306c055e4762,buffer,io.netty.buffer.AdaptiveByteBufAllocatorUseCacheForNonEventLoopThreadsTest.jfrBufferAllocationThreadLocal,ID,,,Root cause traced to OpenJDK-JFR: built-in JFR event field ordering is non-deterministic. Methods like `getDeclaredFields` are used in multiple places in JFR's metadata builder or ASM code; e.g. `getVisibleEventFields`.
https://github.com/netty/netty,0a3df28b2d8ed7b2f4f5389c81b2306c055e4762,buffer,io.netty.buffer.AdaptiveByteBufAllocatorUseCacheForNonEventLoopThreadsTest.jfrChunkAllocation,ID,,,Root cause traced to OpenJDK-JFR: built-in JFR event field ordering is non-deterministic. Methods like `getDeclaredFields` are used in multiple places in JFR's metadata builder or ASM code; e.g. `getVisibleEventFields`.
https://github.com/netty/netty,0a3df28b2d8ed7b2f4f5389c81b2306c055e4762,buffer,io.netty.buffer.AdaptiveByteBufAllocatorUseCacheForNonEventLoopThreadsTest.shouldCreateTwoChunks,ID,,,Root cause traced to OpenJDK-JFR: built-in JFR event field ordering is non-deterministic. Methods like `getDeclaredFields` are used in multiple places in JFR's metadata builder or ASM code; e.g. `getVisibleEventFields`.
https://github.com/netty/netty,0a3df28b2d8ed7b2f4f5389c81b2306c055e4762,buffer,io.netty.buffer.AdaptiveByteBufAllocatorUseCacheForNonEventLoopThreadsTest.shouldReuseTheSameChunk,ID,,,Root cause traced to OpenJDK-JFR: built-in JFR event field ordering is non-deterministic. Methods like `getDeclaredFields` are used in multiple places in JFR's metadata builder or ASM code; e.g. `getVisibleEventFields`.
https://github.com/netty/netty,0a3df28b2d8ed7b2f4f5389c81b2306c055e4762,buffer,io.netty.buffer.AlignedPooledByteBufAllocatorTest.jfrBufferAllocation,ID,,,Root cause traced to OpenJDK-JFR: built-in JFR event field ordering is non-deterministic. Methods like `getDeclaredFields` are used in multiple places in JFR's metadata builder or ASM code; e.g. `getVisibleEventFields`.
https://github.com/netty/netty,0a3df28b2d8ed7b2f4f5389c81b2306c055e4762,buffer,io.netty.buffer.AlignedPooledByteBufAllocatorTest.jfrBufferAllocationThreadLocal,ID,,,Root cause traced to OpenJDK-JFR: built-in JFR event field ordering is non-deterministic. Methods like `getDeclaredFields` are used in multiple places in JFR's metadata builder or ASM code; e.g. `getVisibleEventFields`.
https://github.com/netty/netty,0a3df28b2d8ed7b2f4f5389c81b2306c055e4762,buffer,io.netty.buffer.AlignedPooledByteBufAllocatorTest.jfrChunkAllocation,ID,,,Root cause traced to OpenJDK-JFR: built-in JFR event field ordering is non-deterministic. Methods like `getDeclaredFields` are used in multiple places in JFR's metadata builder or ASM code; e.g. `getVisibleEventFields`.
https://github.com/netty/netty,0a3df28b2d8ed7b2f4f5389c81b2306c055e4762,buffer,io.netty.buffer.AlignedPooledByteBufAllocatorTest.shouldCreateTwoChunks,ID,,,Root cause traced to OpenJDK-JFR: built-in JFR event field ordering is non-deterministic. Methods like `getDeclaredFields` are used in multiple places in JFR's metadata builder or ASM code; e.g. `getVisibleEventFields`.
https://github.com/netty/netty,0a3df28b2d8ed7b2f4f5389c81b2306c055e4762,buffer,io.netty.buffer.AlignedPooledByteBufAllocatorTest.shouldReuseTheSameChunk,ID,,,Root cause traced to OpenJDK-JFR: built-in JFR event field ordering is non-deterministic. Methods like `getDeclaredFields` are used in multiple places in JFR's metadata builder or ASM code; e.g. `getVisibleEventFields`.
https://github.com/netty/netty,0a3df28b2d8ed7b2f4f5389c81b2306c055e4762,buffer,io.netty.buffer.PooledByteBufAllocatorTest.jfrBufferAllocation,ID,,,Root cause traced to OpenJDK-JFR: built-in JFR event field ordering is non-deterministic. Methods like `getDeclaredFields` are used in multiple places in JFR's metadata builder or ASM code; e.g. `getVisibleEventFields`.
https://github.com/netty/netty,0a3df28b2d8ed7b2f4f5389c81b2306c055e4762,buffer,io.netty.buffer.PooledByteBufAllocatorTest.jfrBufferAllocationThreadLocal,ID,,,Root cause traced to OpenJDK-JFR: built-in JFR event field ordering is non-deterministic. Methods like `getDeclaredFields` are used in multiple places in JFR's metadata builder or ASM code; e.g. `getVisibleEventFields`.
https://github.com/netty/netty,0a3df28b2d8ed7b2f4f5389c81b2306c055e4762,buffer,io.netty.buffer.PooledByteBufAllocatorTest.jfrChunkAllocation,ID,,,Root cause traced to OpenJDK-JFR: built-in JFR event field ordering is non-deterministic. Methods like `getDeclaredFields` are used in multiple places in JFR's metadata builder or ASM code; e.g. `getVisibleEventFields`.
https://github.com/netty/netty,0a3df28b2d8ed7b2f4f5389c81b2306c055e4762,buffer,io.netty.buffer.PooledByteBufAllocatorTest.shouldCreateTwoChunks,ID,,,Root cause traced to OpenJDK-JFR: built-in JFR event field ordering is non-deterministic. Methods like `getDeclaredFields` are used in multiple places in JFR's metadata builder or ASM code; e.g. `getVisibleEventFields`.
https://github.com/netty/netty,0a3df28b2d8ed7b2f4f5389c81b2306c055e4762,buffer,io.netty.buffer.PooledByteBufAllocatorTest.shouldReuseTheSameChunk,ID,,,Root cause traced to OpenJDK-JFR: built-in JFR event field ordering is non-deterministic. Methods like `getDeclaredFields` are used in multiple places in JFR's metadata builder or ASM code; e.g. `getVisibleEventFields`.
https://github.com/networknt/light-4j,fcded1683dcbd41a968e221494778aa6b71e7428,body,com.networknt.body.BodyHandlerTest.testPostInvalidJson,OD,,,https://github.com/TestingResearchIllinois/flaky-test-dataset/issues/73;Unable to reproduce with iDFlakies 2.0.0
https://github.com/networknt/light-4j,fcded1683dcbd41a968e221494778aa6b71e7428,body,com.networknt.body.BodyHandlerTest.testPostJsonMap,OD,,,https://github.com/TestingResearchIllinois/flaky-test-dataset/issues/73;Unable to reproduce with iDFlakies 2.0.0
https://github.com/networknt/light-4j,fcded1683dcbd41a968e221494778aa6b71e7428,body,com.networknt.body.BodyHandlerTest.testPostNonJson,OD,,,https://github.com/TestingResearchIllinois/flaky-test-dataset/issues/73;Unable to reproduce with iDFlakies 2.0.0
https://github.com/networknt/light-4j,fcded1683dcbd41a968e221494778aa6b71e7428,info,com.networknt.info.ServerInfoGetHandlerTest.testServerInfo,OD,,,https://github.com/TestingResearchIllinois/flaky-test-dataset/issues/73;Unable to reproduce with iDFlakies 2.0.0
https://github.com/networknt/light-4j,fcded1683dcbd41a968e221494778aa6b71e7428,sanitizer,com.networknt.sanitizer.SanitizerHandlerWithEncodeTest.testPostBody,OD,,,https://github.com/TestingResearchIllinois/flaky-test-dataset/issues/73;Unable to reproduce with iDFlakies 2.0.0
https://github.com/networknt/light-4j,fcded1683dcbd41a968e221494778aa6b71e7428,sanitizer,com.networknt.sanitizer.SanitizerHandlerWithIgnoreTest.testPostBody,OD,,,https://github.com/TestingResearchIllinois/flaky-test-dataset/issues/73;Unable to reproduce with iDFlakies 2.0.0
https://github.com/nlighten/tomcat_exporter,bc6a2d257a94b3603249e14b8bdb06e0e555f8be,client,nl.nlighten.prometheus.tomcat.TomcatGenericExportsTest.testRequestProcessorMetrics,TD,,,
https://github.com/oracle/oci-java-sdk,2e9982f268420efd4010d8dc8370e9d9ade67ec2,bmc-objectstorage/bmc-objectstorage-extensions,com.oracle.bmc.objectstorage.transfer.ProgressTrackerTest.multipartUploadProgressTrackerFactory_simulateRealLifeScenario,NOD,,,
https://github.com/oracle/oci-java-sdk,2e9982f268420efd4010d8dc8370e9d9ade67ec2,bmc-objectstorage/bmc-objectstorage-extensions,com.oracle.bmc.objectstorage.transfer.ProgressTrackerTest.singleUploadProgressTrackerFactory_resetProgressTracker,NDOD,,,
https://github.com/phax/as2-lib,a5b4ba5d5b110e649770609e803338763bec8c39,,MongoDBPartnershipFactorySpec.add a Partnership,UD,,,https://github.com/TestingResearchIllinois/flaky-test-dataset/issues/32
https://github.com/pippo-java/pippo,ae898b6c478af7365b04c2f5bf9331abf496b166,pippo-session-parent/pippo-session-hazelcast,ro.pippo.session.hazelcast.HazelcastSessionDataStorageTest.testGet,NOD,,,
https://github.com/pippo-java/pippo,ae898b6c478af7365b04c2f5bf9331abf496b166,pippo-session-parent/pippo-session-hazelcast,ro.pippo.session.hazelcast.HazelcastSessionDataStorageTest.testSave,NOD,,,
https://github.com/pippo-java/pippo,ae898b6c478af7365b04c2f5bf9331abf496b166,pippo-session-parent/pippo-session-jedis,ro.pippo.session.jedis.JedisSessionDataStorageTest.testDelete,NOD,,,
https://github.com/pippo-java/pippo,ae898b6c478af7365b04c2f5bf9331abf496b166,pippo-session-parent/pippo-session-mongodb,ro.pippo.session.mongodb.MongoDBSessionDataStorageTest.testCreate,NOD,,,
https://github.com/pippo-java/pippo,ae898b6c478af7365b04c2f5bf9331abf496b166,pippo-session-parent/pippo-session-mongodb,ro.pippo.session.mongodb.MongoDBSessionDataStorageTest.testDelete,NOD,,,
https://github.com/pippo-java/pippo,ae898b6c478af7365b04c2f5bf9331abf496b166,pippo-session-parent/pippo-session-mongodb,ro.pippo.session.mongodb.MongoDBSessionDataStorageTest.testGet,NOD,,,
https://github.com/pippo-java/pippo,ae898b6c478af7365b04c2f5bf9331abf496b166,pippo-session-parent/pippo-session-mongodb,ro.pippo.session.mongodb.MongoDBSessionDataStorageTest.testSave,NOD,,,
https://github.com/primefaces/primefaces,07144423145bdc9b43483158cdc1af9705cfe5f4,primefaces,org.primefaces.context.PrimePartialResponseWriterTest.encodeJSONObject,ID,,,
https://github.com/qos-ch/logback,0f57531977287fd3d8c9046e9f68e281715f3b10,logback-classic,ch.qos.logback.classic.net.SMTPAppender_GreenTest.testCustomBufferSize,TD,,,
https://github.com/qos-ch/logback,0f57531977287fd3d8c9046e9f68e281715f3b10,logback-classic,ch.qos.logback.classic.net.SMTPAppender_GreenTest.testCustomEvaluator,TD,,,
https://github.com/qos-ch/logback,0f57531977287fd3d8c9046e9f68e281715f3b10,logback-classic,ch.qos.logback.classic.turbo.ReconfigureOnChangeTest.scan_LOGBACK_474,TD,,,
https://github.com/qos-ch/logback,0f57531977287fd3d8c9046e9f68e281715f3b10,logback-core,ch.qos.logback.core.AsyncAppenderBaseTest.workerShouldStopEvenIfInterruptExceptionConsumedWithinSubappender,TD,,,
https://github.com/qos-ch/logback,0f57531977287fd3d8c9046e9f68e281715f3b10,logback-core,ch.qos.logback.core.FileAppenderResilienceTest.smoke,TD,,,
https://github.com/quarkusio/quarkus,842924c270d47ee7b350f4dd59df47586854beeb,extensions/vertx/deployment,io.quarkus.vertx.DuplicatedContextTest.testThatBlockingEventConsumersAreCalledOnDuplicatedContext,ID,,,
https://github.com/quarkusio/quarkus-quickstarts,6d72b2d9850077d2077a7cf7dba99a857a910479,infinispan-client-quickstart,org.acme.infinispan.client.InfinispanGreetingResourceTest.testHelloEndpoint,ID,,,
https://github.com/querydsl/querydsl,2bf234caf78549813a1e0f44d9c30ecc5ef734e3,querydsl-hibernate-search,com.querydsl.hibernate.search.SearchQueryTest.singleResult,OD-Brit,,,
https://github.com/ripe-ncc/whois,79e90f41d7eeee42f2c3ad299bfccc4e8005ce8c,whois-endtoend,net.ripe.db.whois.spec.domain.AckResponseTest.successes,UD,,,
https://github.com/SAP/fosstars-rating-core,6f37921610ee0d8438b9ec8adc8b02f88a17f992,.,com.sap.oss.phosphor.fosstars.model.tuning.TuningWithCMAESTest.testWithSimpleTestVectors,ID,,,
https://github.com/spotify/dbeam,70837e8f610c16c012be424341857236d4242785,dbeam-core,com.spotify.dbeam.args.JdbcExportArgsTest.should parse correctly for mysql connection,UD,,,https://github.com/TestingResearchIllinois/flaky-test-dataset/issues/33
https://github.com/spring-cloud/spring-cloud-consul,b6e808610684d47b42511f64ff195628994ed57f,spring-cloud-consul-discovery,org.springframework.cloud.consul.discovery.configclient.ConsulConfigServerBootstrapperTests.consulDiscoveryClientNotEnabledProvidesEmptyList,ID,,,
https://github.com/spring-cloud/spring-cloud-consul,b6e808610684d47b42511f64ff195628994ed57f,spring-cloud-consul-discovery,org.springframework.cloud.consul.discovery.configclient.ConsulConfigServerBootstrapperTests.enabledAddsInstanceProviderFn,ID,,,
https://github.com/spring-cloud/spring-cloud-consul,b6e808610684d47b42511f64ff195628994ed57f,spring-cloud-consul-discovery,org.springframework.cloud.consul.discovery.configclient.ConsulConfigServerBootstrapperTests.notEnabledDoesNotAddInstanceProviderFn,ID,,,
https://github.com/spring-cloud/spring-cloud-consul,b6e808610684d47b42511f64ff195628994ed57f,spring-cloud-consul-discovery,org.springframework.cloud.consul.discovery.configclient.ConsulConfigServerBootstrapperTests.springCloudDiscoveryClientNotEnabledProvidesEmptyList,ID,,,
https://github.com/spring-cloud/spring-cloud-consul,b6e808610684d47b42511f64ff195628994ed57f,spring-cloud-consul-discovery,org.springframework.cloud.consul.discovery.ConsulDiscoveryClientAclTests.getInstancesForSecondServiceWorks,ID,,,
https://github.com/spring-cloud/spring-cloud-consul,b6e808610684d47b42511f64ff195628994ed57f,spring-cloud-consul-discovery,org.springframework.cloud.consul.discovery.ConsulDiscoveryClientAclTests.getInstancesForThisServiceWorks,ID,,,
https://github.com/spring-cloud/spring-cloud-consul,b6e808610684d47b42511f64ff195628994ed57f,spring-cloud-consul-discovery,org.springframework.cloud.consul.discovery.ConsulDiscoveryClientCustomizedTests.getInstancesForServiceWorks,ID,,,
https://github.com/spring-cloud/spring-cloud-consul,b6e808610684d47b42511f64ff195628994ed57f,spring-cloud-consul-discovery,org.springframework.cloud.consul.discovery.ConsulDiscoveryClientCustomizedTests.getMetadataWorks,ID,,,
https://github.com/spring-cloud/spring-cloud-consul,b6e808610684d47b42511f64ff195628994ed57f,spring-cloud-consul-discovery,org.springframework.cloud.consul.discovery.ConsulDiscoveryClientHttpsTests.getInstancesForServiceWorks,ID,,,
https://github.com/spring-cloud/spring-cloud-consul,b6e808610684d47b42511f64ff195628994ed57f,spring-cloud-consul-discovery,org.springframework.cloud.consul.discovery.ConsulDiscoveryClientNoPortTests.contextLoads,ID,,,
https://github.com/spring-cloud/spring-cloud-consul,b6e808610684d47b42511f64ff195628994ed57f,spring-cloud-consul-discovery,org.springframework.cloud.consul.discovery.ConsulDiscoveryClientQueryTagsTests.multipleConflictingMatchingTagsSpecifiedOnServerListQueryTagsProperty,ID,,,
https://github.com/spring-cloud/spring-cloud-consul,b6e808610684d47b42511f64ff195628994ed57f,spring-cloud-consul-discovery,org.springframework.cloud.consul.discovery.ConsulDiscoveryClientQueryTagsTests.multipleNonMatchingTagsSpecifiedOnDefaultQueryTagProperty,ID,,,
https://github.com/spring-cloud/spring-cloud-consul,b6e808610684d47b42511f64ff195628994ed57f,spring-cloud-consul-discovery,org.springframework.cloud.consul.discovery.ConsulDiscoveryClientQueryTagsTests.singleMatchingTagSpecifiedOnDefaultQueryTagProperty,ID,,,
https://github.com/spring-cloud/spring-cloud-consul,b6e808610684d47b42511f64ff195628994ed57f,spring-cloud-consul-discovery,org.springframework.cloud.consul.discovery.ConsulDiscoveryClientQueryTagsTests.singleTagSpecifiedOnServerListQueryTagsProperty,ID,,,
https://github.com/spring-cloud/spring-cloud-consul,b6e808610684d47b42511f64ff195628994ed57f,spring-cloud-consul-discovery,org.springframework.cloud.consul.discovery.ConsulDiscoveryClientTests.getInstancesForServiceRespectsQueryParams,ID,,,
https://github.com/spring-cloud/spring-cloud-consul,b6e808610684d47b42511f64ff195628994ed57f,spring-cloud-consul-discovery,org.springframework.cloud.consul.discovery.ConsulDiscoveryClientTests.getInstancesForServiceWorks,ID,,,
https://github.com/spring-cloud/spring-cloud-consul,b6e808610684d47b42511f64ff195628994ed57f,spring-cloud-consul-discovery,org.springframework.cloud.consul.discovery.ConsulDiscoveryClientTests.probeWorks,ID,,,
https://github.com/spring-cloud/spring-cloud-consul,b6e808610684d47b42511f64ff195628994ed57f,spring-cloud-consul-discovery,org.springframework.cloud.consul.discovery.ConsulLoadbalancerClientTests.chooseWorks,ID,,,
https://github.com/spring-cloud/spring-cloud-consul,b6e808610684d47b42511f64ff195628994ed57f,spring-cloud-consul-discovery,org.springframework.cloud.consul.serviceregistry.ConsulAutoRegistrationHealthCheckTlsSkipVerifyTests.contextLoads,ID,,,
https://github.com/spring-cloud/spring-cloud-consul,b6e808610684d47b42511f64ff195628994ed57f,spring-cloud-consul-discovery,org.springframework.cloud.consul.serviceregistry.ConsulAutoServiceDeRegistrationDisabledTests.contextLoads,ID,,,
https://github.com/spring-cloud/spring-cloud-consul,b6e808610684d47b42511f64ff195628994ed57f,spring-cloud-consul-discovery,org.springframework.cloud.consul.serviceregistry.ConsulAutoServiceRegistrationCustomizedDiscoveryPortTests.contextLoads,ID,,,
https://github.com/spring-cloud/spring-cloud-consul,b6e808610684d47b42511f64ff195628994ed57f,spring-cloud-consul-discovery,org.springframework.cloud.consul.serviceregistry.ConsulAutoServiceRegistrationCustomizedInstanceGroupTests.contextLoads,ID,,,
https://github.com/spring-cloud/spring-cloud-consul,b6e808610684d47b42511f64ff195628994ed57f,spring-cloud-consul-discovery,org.springframework.cloud.consul.serviceregistry.ConsulAutoServiceRegistrationCustomizedManagementServicePortTests.contextLoads,ID,,,
https://github.com/spring-cloud/spring-cloud-consul,b6e808610684d47b42511f64ff195628994ed57f,spring-cloud-consul-discovery,org.springframework.cloud.consul.serviceregistry.ConsulAutoServiceRegistrationCustomizedTests.usesCustomConsulLifecycle,ID,,,
https://github.com/spring-cloud/spring-cloud-consul,b6e808610684d47b42511f64ff195628994ed57f,spring-cloud-consul-discovery,org.springframework.cloud.consul.serviceregistry.ConsulAutoServiceRegistrationDefaultPortTests.contextLoads,ID,,,
https://github.com/spring-cloud/spring-cloud-consul,b6e808610684d47b42511f64ff195628994ed57f,spring-cloud-consul-discovery,org.springframework.cloud.consul.serviceregistry.ConsulAutoServiceRegistrationDisabledTests.disabledViaConsulProperty,ID,,,
https://github.com/spring-cloud/spring-cloud-consul,b6e808610684d47b42511f64ff195628994ed57f,spring-cloud-consul-discovery,org.springframework.cloud.consul.serviceregistry.ConsulAutoServiceRegistrationDisabledTests.disabledViaConsulServiceRegistryProperty,ID,,,
https://github.com/spring-cloud/spring-cloud-consul,b6e808610684d47b42511f64ff195628994ed57f,spring-cloud-consul-discovery,org.springframework.cloud.consul.serviceregistry.ConsulAutoServiceRegistrationDisabledTests.disabledViaSpringCloudProperty,ID,,,
https://github.com/spring-cloud/spring-cloud-consul,b6e808610684d47b42511f64ff195628994ed57f,spring-cloud-consul-discovery,org.springframework.cloud.consul.serviceregistry.ConsulAutoServiceRegistrationDisabledTests.disabledViaSpringCloudServiceRegistryProperty,ID,,,
https://github.com/spring-cloud/spring-cloud-consul,b6e808610684d47b42511f64ff195628994ed57f,spring-cloud-consul-discovery,org.springframework.cloud.consul.serviceregistry.ConsulAutoServiceRegistrationManagementCustomizerTests.contextLoads,ID,,,
https://github.com/spring-cloud/spring-cloud-consul,b6e808610684d47b42511f64ff195628994ed57f,spring-cloud-consul-discovery,org.springframework.cloud.consul.serviceregistry.ConsulAutoServiceRegistrationManagementDisabledServiceTests.contextLoads,ID,,,
https://github.com/spring-cloud/spring-cloud-consul,b6e808610684d47b42511f64ff195628994ed57f,spring-cloud-consul-discovery,org.springframework.cloud.consul.serviceregistry.ConsulAutoServiceRegistrationRetryTests.testRetry(CapturedOutput),ID,,,
https://github.com/spring-cloud/spring-cloud-consul,b6e808610684d47b42511f64ff195628994ed57f,spring-cloud-consul-discovery,org.springframework.cloud.consul.serviceregistry.ConsulAutoServiceRegistrationTests.contextLoads,ID,,,
https://github.com/spring-cloud/spring-cloud-consul,b6e808610684d47b42511f64ff195628994ed57f,spring-cloud-consul-discovery,org.springframework.cloud.consul.serviceregistry.ConsulAutoServiceRegistrationTests.normalizedFailsIfFirstCharIsNotAlpha,ID,,,
https://github.com/spring-cloud/spring-cloud-consul,b6e808610684d47b42511f64ff195628994ed57f,spring-cloud-consul-discovery,org.springframework.cloud.consul.serviceregistry.ConsulAutoServiceRegistrationTests.normalizedFailsIfFirstCharIsNumber,ID,,,
https://github.com/spring-cloud/spring-cloud-consul,b6e808610684d47b42511f64ff195628994ed57f,spring-cloud-consul-discovery,org.springframework.cloud.consul.serviceregistry.ConsulAutoServiceRegistrationTests.normalizedFailsIfLastCharIsNotAlphaNumeric,ID,,,
https://github.com/spring-cloud/spring-cloud-consul,b6e808610684d47b42511f64ff195628994ed57f,spring-cloud-consul-discovery,org.springframework.cloud.consul.serviceregistry.ConsulAutoServiceRegistrationTests.normalizeForDnsWorks,ID,,,
https://github.com/spring-cloud/spring-cloud-consul,b6e808610684d47b42511f64ff195628994ed57f,spring-cloud-consul-discovery,org.springframework.cloud.consul.serviceregistry.ConsulServiceRegistryDisabledTests.disabledViaConsulProperty,ID,,,
https://github.com/spring-cloud/spring-cloud-consul,b6e808610684d47b42511f64ff195628994ed57f,spring-cloud-consul-discovery,org.springframework.cloud.consul.serviceregistry.ConsulServiceRegistryDisabledTests.disabledViaSpringCloudProperty,ID,,,
https://github.com/spring-cloud/spring-cloud-consul,b6e808610684d47b42511f64ff195628994ed57f,spring-cloud-consul-discovery,org.springframework.cloud.consul.serviceregistry.ConsulServiceRegistryTests.contextLoads,ID,,,
https://github.com/spring-cloud/spring-cloud-kubernetes,3351926041a630aee0961ba0e1be8f035e4ba2ca,spring-cloud-kubernetes-fabric8-config,org.springframework.cloud.kubernetes.fabric8.config.ConfigMapsFromFilePathsTests.farewellInputShouldReturnPropertyFromSecondFile,OD,,,
https://github.com/spring-cloud/spring-cloud-kubernetes,3351926041a630aee0961ba0e1be8f035e4ba2ca,spring-cloud-kubernetes-fabric8-config,org.springframework.cloud.kubernetes.fabric8.config.ConfigMapsFromFilePathsTests.morningInputShouldReturnDefaultValue,OD,,,
https://github.com/spring-cloud/spring-cloud-kubernetes,3351926041a630aee0961ba0e1be8f035e4ba2ca,spring-cloud-kubernetes-fabric8-config,org.springframework.cloud.kubernetes.fabric8.config.ConfigMapsTests.testConfig,OD,,,
https://github.com/spring-cloud/spring-cloud-kubernetes,3351926041a630aee0961ba0e1be8f035e4ba2ca,spring-cloud-kubernetes-fabric8-config,org.springframework.cloud.kubernetes.fabric8.config.CoreTest.kubernetesClientConfigBeanShouldBeConfigurableViaSystemProperties,OD,,,
https://github.com/spring-cloud/spring-cloud-kubernetes,3351926041a630aee0961ba0e1be8f035e4ba2ca,spring-cloud-kubernetes-fabric8-config,org.springframework.cloud.kubernetes.fabric8.config.MultipleConfigMapsTests.testCommonMessage,OD,,,
https://github.com/spring-cloud/spring-cloud-kubernetes,3351926041a630aee0961ba0e1be8f035e4ba2ca,spring-cloud-kubernetes-fabric8-config,org.springframework.cloud.kubernetes.fabric8.config.MultipleConfigMapsTests.testMessage3,OD,,,
https://github.com/spring-cloud/spring-cloud-kubernetes,3351926041a630aee0961ba0e1be8f035e4ba2ca,spring-cloud-kubernetes-fabric8-autoconfig,org.springframework.cloud.kubernetes.fabric8.Fabric8ClientUserAgentEnvPropertyTests.testUserAgent,OD,,,
https://github.com/spring-cloud/spring-cloud-kubernetes,3351926041a630aee0961ba0e1be8f035e4ba2ca,spring-cloud-kubernetes-integration-tests/load-balancer,org.springframework.cloud.kubernetes.fabric8.loadbalancer.LoadBalancerTests.testLoadBalancerSameNamespace,OD-Vic,,,
https://github.com/spring-cloud/spring-cloud-kubernetes,3351926041a630aee0961ba0e1be8f035e4ba2ca,spring-cloud-kubernetes-integration-tests/load-balancer,org.springframework.cloud.kubernetes.fabric8.loadbalancer.LoadBalancerWithServiceTests.testLoadBalancerSameNamespace,OD-Vic,,,
https://github.com/spring-cloud/spring-cloud-netflix,47f989fa7bd1d2a2ed080d32d1c0e825ac358b64,spring-cloud-netflix-eureka-server,org.springframework.cloud.netflix.eureka.EurekaClientSuite.noCertCannotWork,ID,,,
https://github.com/spring-cloud/spring-cloud-netflix,47f989fa7bd1d2a2ed080d32d1c0e825ac358b64,spring-cloud-netflix-eureka-server,org.springframework.cloud.netflix.eureka.EurekaClientSuite.wrongPasswordCauseFailure,ID,,,
https://github.com/spring-cloud/spring-cloud-netflix,dc67500445d3ce7382771e39b64ca93bbebc04c7,spring-cloud-netflix-eureka-server,org.springframework.cloud.netflix.eureka.server.ApplicationContextTests.catalogLoads,OD-Vic,,,
https://github.com/spring-cloud/spring-cloud-netflix,dc67500445d3ce7382771e39b64ca93bbebc04c7,spring-cloud-netflix-eureka-server,org.springframework.cloud.netflix.eureka.server.ApplicationContextTests.dashboardLoads,OD-Vic,,,
https://github.com/spring-cloud/spring-cloud-netflix,47f989fa7bd1d2a2ed080d32d1c0e825ac358b64,spring-cloud-netflix-eureka-server,org.springframework.cloud.netflix.eureka.server.ApplicationDashboardDisabledTests.catalogLoads,ID,,, 
https://github.com/spring-cloud/spring-cloud-netflix,dc67500445d3ce7382771e39b64ca93bbebc04c7,spring-cloud-netflix-eureka-server,org.springframework.cloud.netflix.eureka.server.ApplicationDashboardDisabledTests.catalogLoads,OD-Vic,,,
https://github.com/spring-cloud/spring-cloud-netflix,dc67500445d3ce7382771e39b64ca93bbebc04c7,spring-cloud-netflix-eureka-server,org.springframework.cloud.netflix.eureka.server.ApplicationDashboardPathTests.catalogLoads,OD-Vic,,,
https://github.com/spring-cloud/spring-cloud-netflix,dc67500445d3ce7382771e39b64ca93bbebc04c7,spring-cloud-netflix-eureka-server,org.springframework.cloud.netflix.eureka.server.ApplicationDashboardPathTests.dashboardLoads,OD-Vic,,,
https://github.com/spring-cloud/spring-cloud-netflix,47f989fa7bd1d2a2ed080d32d1c0e825ac358b64,spring-cloud-netflix-eureka-server,org.springframework.cloud.netflix.eureka.server.ApplicationDashboardPathTests.jsAvailable,ID,,,
https://github.com/spring-cloud/spring-cloud-netflix,dc67500445d3ce7382771e39b64ca93bbebc04c7,spring-cloud-netflix-eureka-server,org.springframework.cloud.netflix.eureka.server.ApplicationServletPathTests.catalogLoads,OD-Vic,,,
https://github.com/spring-cloud/spring-cloud-netflix,dc67500445d3ce7382771e39b64ca93bbebc04c7,spring-cloud-netflix-eureka-server,org.springframework.cloud.netflix.eureka.server.ApplicationServletPathTests.dashboardLoads,OD-Vic,,,
https://github.com/spring-cloud/spring-cloud-netflix,dc67500445d3ce7382771e39b64ca93bbebc04c7,spring-cloud-netflix-eureka-server,org.springframework.cloud.netflix.eureka.server.ApplicationTests.catalogLoads,OD-Vic,,,
https://github.com/spring-cloud/spring-cloud-netflix,dc67500445d3ce7382771e39b64ca93bbebc04c7,spring-cloud-netflix-eureka-server,org.springframework.cloud.netflix.eureka.server.ApplicationTests.noDoubleSlashes,OD-Vic,,,
https://github.com/spring-cloud/spring-cloud-netflix,47f989fa7bd1d2a2ed080d32d1c0e825ac358b64,spring-cloud-netflix-eureka-server,org.springframework.cloud.netflix.eureka.server.EurekaServerRefreshDisabledTests.appCatalogLoads,ID,,,
https://github.com/spring-cloud/spring-cloud-netflix,47f989fa7bd1d2a2ed080d32d1c0e825ac358b64,spring-cloud-netflix-eureka-server,org.springframework.cloud.netflix.eureka.server.InstanceRegistryTests.testDefaultLeaseDurationRegisterEvent,ID,,,
https://github.com/spring-cloud/spring-cloud-netflix,dc67500445d3ce7382771e39b64ca93bbebc04c7,spring-cloud-netflix-eureka-server,org.springframework.cloud.netflix.eureka.server.RefreshablePeerEurekaNodesTests.dashboardUpdatedAsSoonAsRefreshed,OD-Vic,,,
https://github.com/spring-cloud/spring-cloud-netflix,47f989fa7bd1d2a2ed080d32d1c0e825ac358b64,spring-cloud-netflix-eureka-server,org.springframework.cloud.netflix.eureka.server.RefreshablePeerEurekaNodesWithCustomFiltersTests.testCustomPeerNodesShouldTakePrecedenceOverDefault,ID,,,
https://github.com/spring-projects/spring-boot,daa3d457b71896a758995c264977bdd1414ee4d4,spring-boot-project/spring-boot-actuator,org.springframework.boot.actuate.logging.LoggersEndpointWebIntegrationTests.logLevelForLoggerWithNameThatCouldBeMistakenForAPathExtension[Jersey],UD,,,
https://github.com/spring-projects/spring-boot,daa3d457b71896a758995c264977bdd1414ee4d4,spring-boot-project/spring-boot-test-autoconfigure,org.springframework.boot.test.autoconfigure.data.neo4j.DataNeo4jTestIntegrationTests.testRepository,OD-Vic,,,
https://github.com/spring-projects/spring-boot,daa3d457b71896a758995c264977bdd1414ee4d4,spring-boot-project/spring-boot-test-autoconfigure,org.springframework.boot.test.autoconfigure.data.redis.DataRedisTestIntegrationTests.testRepository,OD-Vic,,,
https://github.com/spring-projects/spring-boot,daa3d457b71896a758995c264977bdd1414ee4d4,spring-boot-project/spring-boot-test-autoconfigure,org.springframework.boot.test.autoconfigure.web.servlet.mockmvc.WebMvcTestWebDriverCustomScopeIntegrationTests.shouldBeTheSameWebClient,OD,,,
https://github.com/spring-projects/spring-boot,daa3d457b71896a758995c264977bdd1414ee4d4,spring-boot-project/spring-boot-test-autoconfigure,org.springframework.boot.test.autoconfigure.web.servlet.mockmvc.WebMvcTestWebDriverIntegrationTests.shouldBeADifferentWebClient,OD,,,
https://github.com/spring-projects/spring-boot,daa3d457b71896a758995c264977bdd1414ee4d4,spring-boot-project/spring-boot,org.springframework.boot.web.servlet.DelegatingFilterProxyRegistrationBeanTests.initShouldNotCauseEarlyInitialization,NIO,,,https://github.com/TestingResearchIllinois/idoft/issues/411;https://github.com/spring-projects/spring-boot/issues/38630
https://github.com/spring-projects/spring-data-couchbase,6c6acf8ae2940a6e479c8cbe3413094d04a55aa1,.,org.springframework.data.couchbase.core.mapping.MappingCouchbaseConverterTests.idHasAnnotatedIdAndMultipleIdFields,ID,,,
https://github.com/spring-projects/spring-data-couchbase,8c1a24c61934fff283a540fa830aa516db9a1059,.,org.springframework.data.couchbase.core.mapping.MappingCouchbaseConverterTests.idHasAnnotatedIdAndMultipleIdFieldsReverse,ID,,,
https://github.com/square/okhttp,129c937fb33328e1f4ee8815a94e89676f242c2c,okhttp-tests,com.squareup.okhttp.internal.spdy.SpdyConnectionTest.receiveGoAway,TD,,,
https://github.com/swagger-api/swagger-core,8767cea022f53721e69f9dd47c22ccfd18f12100,modules/swagger-core,io.swagger.v3.core.resolving.InlineResolvingTest.testInlineResolving,ID,,,
https://github.com/swagger-api/swagger-core,0b327a6a466be492aad87dd9bd2ee88e12ad85e7,modules/swagger-java17-support,io.swagger.v3.java17.Reader.SchemaResolutionRecordsTest.testSchemaResolutionInlineWithRecords,ID,,,
https://github.com/takari/ollie,60c0ec5007779863a82c01eeba1a81f6864bb083,ollie,com.walmartlabs.ollie.app.OllieSslServerTest.validate,NOD,,,https://github.com/TestingResearchIllinois/idoft/issues/148
https://github.com/TooTallNate/Java-WebSocket,fa3909c391195178ccf5a92d4ac342a30ae247c8,.,org.java_websocket.issues.Issue621Test.testIssue,NDOD,,,
https://github.com/TooTallNate/Java-WebSocket,fa3909c391195178ccf5a92d4ac342a30ae247c8,.,org.java_websocket.issues.Issue677Test.testIssue,NDOD;OD-Vic;TD,,,
https://github.com/TooTallNate/Java-WebSocket,fa3909c391195178ccf5a92d4ac342a30ae247c8,.,org.java_websocket.issues.Issue713Test.testIssue,NDOD;TD,,,
https://github.com/TooTallNate/Java-WebSocket,fa3909c391195178ccf5a92d4ac342a30ae247c8,.,org.java_websocket.misc.OpeningHandshakeRejectionTest.testHandshakeRejectionTestCase0,NDOD;TD,,,
https://github.com/TooTallNate/Java-WebSocket,fa3909c391195178ccf5a92d4ac342a30ae247c8,.,org.java_websocket.misc.OpeningHandshakeRejectionTest.testHandshakeRejectionTestCase1,TD,,,
https://github.com/TooTallNate/Java-WebSocket,fa3909c391195178ccf5a92d4ac342a30ae247c8,.,org.java_websocket.misc.OpeningHandshakeRejectionTest.testHandshakeRejectionTestCase10,NDOD;TD,,,
https://github.com/TooTallNate/Java-WebSocket,fa3909c391195178ccf5a92d4ac342a30ae247c8,.,org.java_websocket.misc.OpeningHandshakeRejectionTest.testHandshakeRejectionTestCase11,NDOD;TD,,,
https://github.com/TooTallNate/Java-WebSocket,fa3909c391195178ccf5a92d4ac342a30ae247c8,.,org.java_websocket.misc.OpeningHandshakeRejectionTest.testHandshakeRejectionTestCase2,TD,,,
https://github.com/TooTallNate/Java-WebSocket,fa3909c391195178ccf5a92d4ac342a30ae247c8,.,org.java_websocket.misc.OpeningHandshakeRejectionTest.testHandshakeRejectionTestCase3,TD,,,
https://github.com/TooTallNate/Java-WebSocket,fa3909c391195178ccf5a92d4ac342a30ae247c8,.,org.java_websocket.misc.OpeningHandshakeRejectionTest.testHandshakeRejectionTestCase4,TD,,,
https://github.com/TooTallNate/Java-WebSocket,fa3909c391195178ccf5a92d4ac342a30ae247c8,.,org.java_websocket.misc.OpeningHandshakeRejectionTest.testHandshakeRejectionTestCase5,TD,,,
https://github.com/TooTallNate/Java-WebSocket,fa3909c391195178ccf5a92d4ac342a30ae247c8,.,org.java_websocket.misc.OpeningHandshakeRejectionTest.testHandshakeRejectionTestCase6,TD,,,
https://github.com/TooTallNate/Java-WebSocket,fa3909c391195178ccf5a92d4ac342a30ae247c8,.,org.java_websocket.misc.OpeningHandshakeRejectionTest.testHandshakeRejectionTestCase7,TD,,,
https://github.com/TooTallNate/Java-WebSocket,fa3909c391195178ccf5a92d4ac342a30ae247c8,.,org.java_websocket.misc.OpeningHandshakeRejectionTest.testHandshakeRejectionTestCase8,TD,,,
https://github.com/TooTallNate/Java-WebSocket,fa3909c391195178ccf5a92d4ac342a30ae247c8,.,org.java_websocket.misc.OpeningHandshakeRejectionTest.testHandshakeRejectionTestCase9,TD,,,
https://github.com/TooTallNate/Java-WebSocket,fa3909c391195178ccf5a92d4ac342a30ae247c8,.,org.java_websocket.protocols.ProtoclHandshakeRejectionTest.testHandshakeRejectionTestCase10,NDOD;TD,,,https://github.com/TestingResearchIllinois/idoft/issues/22
https://github.com/TooTallNate/Java-WebSocket,fa3909c391195178ccf5a92d4ac342a30ae247c8,.,org.java_websocket.protocols.ProtoclHandshakeRejectionTest.testHandshakeRejectionTestCase11,TD,,,https://github.com/TestingResearchIllinois/idoft/issues/22
https://github.com/TooTallNate/Java-WebSocket,fa3909c391195178ccf5a92d4ac342a30ae247c8,.,org.java_websocket.protocols.ProtoclHandshakeRejectionTest.testHandshakeRejectionTestCase13,TD,,,https://github.com/TestingResearchIllinois/idoft/issues/22
https://github.com/TooTallNate/Java-WebSocket,fa3909c391195178ccf5a92d4ac342a30ae247c8,.,org.java_websocket.protocols.ProtoclHandshakeRejectionTest.testHandshakeRejectionTestCase14,TD,,,https://github.com/TestingResearchIllinois/idoft/issues/22
https://github.com/TooTallNate/Java-WebSocket,fa3909c391195178ccf5a92d4ac342a30ae247c8,.,org.java_websocket.protocols.ProtoclHandshakeRejectionTest.testHandshakeRejectionTestCase16,TD,,,https://github.com/TestingResearchIllinois/idoft/issues/22
https://github.com/TooTallNate/Java-WebSocket,fa3909c391195178ccf5a92d4ac342a30ae247c8,.,org.java_websocket.protocols.ProtoclHandshakeRejectionTest.testHandshakeRejectionTestCase17,TD,,,https://github.com/TestingResearchIllinois/idoft/issues/22
https://github.com/TooTallNate/Java-WebSocket,fa3909c391195178ccf5a92d4ac342a30ae247c8,.,org.java_websocket.protocols.ProtoclHandshakeRejectionTest.testHandshakeRejectionTestCase2,TD,,,https://github.com/TestingResearchIllinois/idoft/issues/22
https://github.com/TooTallNate/Java-WebSocket,fa3909c391195178ccf5a92d4ac342a30ae247c8,.,org.java_websocket.protocols.ProtoclHandshakeRejectionTest.testHandshakeRejectionTestCase3,TD,,,https://github.com/TestingResearchIllinois/idoft/issues/22
https://github.com/TooTallNate/Java-WebSocket,fa3909c391195178ccf5a92d4ac342a30ae247c8,.,org.java_websocket.protocols.ProtoclHandshakeRejectionTest.testHandshakeRejectionTestCase4,TD,,,https://github.com/TestingResearchIllinois/idoft/issues/22
https://github.com/TooTallNate/Java-WebSocket,fa3909c391195178ccf5a92d4ac342a30ae247c8,.,org.java_websocket.protocols.ProtoclHandshakeRejectionTest.testHandshakeRejectionTestCase6,TD,,,https://github.com/TestingResearchIllinois/idoft/issues/22
https://github.com/TooTallNate/Java-WebSocket,fa3909c391195178ccf5a92d4ac342a30ae247c8,.,org.java_websocket.protocols.ProtoclHandshakeRejectionTest.testHandshakeRejectionTestCase8,TD,,,https://github.com/TestingResearchIllinois/idoft/issues/22
https://github.com/TooTallNate/Java-WebSocket,fa3909c391195178ccf5a92d4ac342a30ae247c8,.,org.java_websocket.protocols.ProtoclHandshakeRejectionTest.testHandshakeRejectionTestCase9,TD,,,https://github.com/TestingResearchIllinois/idoft/issues/22
https://github.com/undertow-io/undertow,d0efffad5d2034bb07525cac9b299dac72c3045d,core,io.undertow.server.handlers.accesslog.ExtendedAccessLogFileTestCase.testSingleLogMessageToFile,UD,,,
https://github.com/undertow-io/undertow,d0efffad5d2034bb07525cac9b299dac72c3045d,core,io.undertow.server.handlers.proxy.LoadBalancingProxyHttpsTestCase.testLoadSharedWithServerShutdown,UD,,,
https://github.com/undertow-io/undertow,d0efffad5d2034bb07525cac9b299dac72c3045d,core,io.undertow.server.handlers.proxy.LoadBalancingProxyHttpsTestCase.testMaxRetries,NOD,,,
https://github.com/undertow-io/undertow,ac7204ab8cabb197a1327e5bbdb6e0e2ed1917f1,core,io.undertow.server.handlers.proxy.LoadBalancingProxyTestCase.testLoadSharedWithServerShutdown,TD,,,
https://github.com/undertow-io/undertow,d0efffad5d2034bb07525cac9b299dac72c3045d,core,io.undertow.server.handlers.SecureCookieHandlerTestCase.testSecureCookieHandler,UD,,,
https://github.com/undertow-io/undertow,ac7204ab8cabb197a1327e5bbdb6e0e2ed1917f1,core,io.undertow.server.security.DigestAuthentication2069TestCase.testDigestSuccess,TD,,,
https://github.com/undertow-io/undertow,ac7204ab8cabb197a1327e5bbdb6e0e2ed1917f1,core,io.undertow.server.security.DigestAuthentication2069TestCase.testNonceReUse,TD,,,
https://github.com/undertow-io/undertow,ac7204ab8cabb197a1327e5bbdb6e0e2ed1917f1,core,io.undertow.server.security.DigestAuthenticationAuthTestCase.testDigestSuccess,TD,,,
https://github.com/undertow-io/undertow,d0efffad5d2034bb07525cac9b299dac72c3045d,websockets-jsr,io.undertow.websockets.jsr.test.extension.JsrWebsocketExtensionTestCase.testLongTextMessage,UD,,,
https://github.com/undertow-io/undertow,d0efffad5d2034bb07525cac9b299dac72c3045d,websockets-jsr,io.undertow.websockets.jsr.test.JsrWebSocketServer07Test.testCloseFrame,UD,,,
https://github.com/vaadin/flow,ad39b063a657ce6728009a7184b1d8f012377194,flow-polymer-template,com.vaadin.flow.component.polymertemplate.NpmTemplateParserTest.should_FindCorrectDataInTemplate,OD-Vic,,,
https://github.com/vert-x3/vertx-rabbitmq-client,7305bcd5173cd32a0d2b382a69bdb7027851bd10,.,io.vertx.rabbitmq.RabbitMQConsumptionStreamingTest.keepMostRecentOptionShouldWorks,NOD,,,
https://github.com/vert-x3/vertx-rabbitmq-client,aedb985fe70084f8557eacefb09b303f9f1e99b7,.,io.vertx.rabbitmq.RabbitMQServiceTest.testMessageOrdering,NOD,,,
https://github.com/wikimedia/search-highlighter,8ba6fef7f835a309a1290db55230b2a2b0eaa59a,experimental-highlighter-core,org.wikimedia.search.highlighter.experimental.snippet.CharScanningSegmenterTest.randomSegments { seed=[A59FE0BB67EE084A:C8345A018D6EEB3]},UD,,,https://github.com/TestingResearchIllinois/flaky-test-dataset/issues/34
https://github.com/wildfly/wildfly,b19048b72669fc0e96665b1b125dc1fda21f5993,security/subsystem,org.jboss.as.security.SecurityDomainModelv12UnitTestCase.testSubsystem,UD,,,
https://github.com/wildfly/wildfly,b19048b72669fc0e96665b1b125dc1fda21f5993,testsuite/integration/web,org.jboss.as.test.integration.web.annotationsmodule.WebModuleDeploymentTestCase.testSimpleBeanInjected,UD,,,
https://github.com/wildfly/wildfly,b19048b72669fc0e96665b1b125dc1fda21f5993,testsuite/integration/web,org.jboss.as.test.integration.web.jsp.taglib.external.ExternalTagLibTestCase.testExternalAndInternalTagLib,UD,,,
https://github.com/wildfly/wildfly,b19048b72669fc0e96665b1b125dc1fda21f5993,testsuite/integration/web,org.jboss.as.test.integration.web.jsp.taglib.external.ExternalTagLibTestCase.testExternalTagLibOnly,UD,,,
https://github.com/wildfly/wildfly,b19048b72669fc0e96665b1b125dc1fda21f5993,testsuite/integration/web,org.jboss.as.test.integration.web.sharedsession.SharedSessionTestCase.testNotSharedSessions,UD,,,
https://github.com/wildfly/wildfly,b19048b72669fc0e96665b1b125dc1fda21f5993,testsuite/integration/web,org.jboss.as.test.integration.web.sharedsession.SharedSessionTestCase.testSharedSessionsDoNotInterleave,UD,,,
https://github.com/wildfly/wildfly,b19048b72669fc0e96665b1b125dc1fda21f5993,testsuite/integration/web,org.jboss.as.test.integration.web.sharedsession.SharedSessionTestCase.testSharedSessionsOneEar,UD,,,
https://github.com/wildfly/wildfly,b19048b72669fc0e96665b1b125dc1fda21f5993,webservices/server-integration,org.jboss.as.webservices.config.ServerConfigImplTestCase.testIsModifiable,UD,,,
https://github.com/wildfly/wildfly,b19048b72669fc0e96665b1b125dc1fda21f5993,webservices/server-integration,org.jboss.as.webservices.config.ServerConfigImplTestCase.testMultipleAttributesUpdate,UD,,,
https://github.com/wildfly/wildfly,b19048b72669fc0e96665b1b125dc1fda21f5993,webservices/server-integration,org.jboss.as.webservices.config.ServerConfigImplTestCase.testSingleAttributeUpdate,UD,,,
https://github.com/wildfly/wildfly,b19048b72669fc0e96665b1b125dc1fda21f5993,webservices/server-integration,org.jboss.as.webservices.dmr.WebservicesSubsystemRuntimeTestCase.testSubsystem,NIO,,,
https://github.com/wildfly/wildfly,8f6efd88aa07b3b0f3364c1bdb06f4409563a1e0,clustering/el/expressly,org.wildfly.clustering.el.expressly.lang.FunctionMapperImplMarshallerTestCase.test,ID,,,
https://github.com/wildfly/wildfly-maven-plugin,0dda0062d660813c469040f60999aac76660e1f4,tests/standalone-tests,org.wildfly.plugin.deployment.ArtifactDeploymentTest.testUndeploy,UD,,,
https://github.com/wildfly/wildfly-maven-plugin,0dda0062d660813c469040f60999aac76660e1f4,tests/domain-tests,org.wildfly.plugin.deployment.DeployTest.testDeployOnly,UD,,,
https://github.com/winder/Universal-G-Code-Sender,061670e1be9b4e029f420c494cbd2b74caa052d3,ugs-platform/ugs-platform-ugscore,com.willwinder.ugs.nbp.core.services.ContinuousActionExecutorTest.longKeyPressAndChangeActionShouldAbortFirstAction,ID,,,
https://github.com/winder/Universal-G-Code-Sender,4426f71c900ddd4a1eeb3957f3275cedc6312534,ugs-platform/ugs-platform-plugin-cloud-storage,com.willwinder.ugs.nbp.S3FileSystemViewTest.testGetFiles,OD,,,https://github.com/TestingResearchIllinois/flaky-test-dataset/issues/87
https://github.com/winder/Universal-G-Code-Sender,4426f71c900ddd4a1eeb3957f3275cedc6312534,ugs-core,com.willwinder.universalgcodesender.GrblControllerTest.rawResponseHandlerOnErrorWithNoSentCommandsShouldSendMessageToConsole,OD,,,https://github.com/TestingResearchIllinois/flaky-test-dataset/issues/87
https://github.com/winder/Universal-G-Code-Sender,4426f71c900ddd4a1eeb3957f3275cedc6312534,ugs-core,com.willwinder.universalgcodesender.GrblControllerTest.rawResponseHandlerWithKnownErrorShouldWriteMessageToConsole,OD,,,https://github.com/TestingResearchIllinois/flaky-test-dataset/issues/87
https://github.com/winder/Universal-G-Code-Sender,4426f71c900ddd4a1eeb3957f3275cedc6312534,ugs-core,com.willwinder.universalgcodesender.GrblControllerTest.rawResponseHandlerWithUnknownErrorShouldWriteGenericMessageToConsole,OD,,,https://github.com/TestingResearchIllinois/flaky-test-dataset/issues/87
https://github.com/winder/Universal-G-Code-Sender,4426f71c900ddd4a1eeb3957f3275cedc6312534,ugs-core,com.willwinder.universalgcodesender.GrblControllerTest.testGetGrblVersion,OD,,,https://github.com/TestingResearchIllinois/flaky-test-dataset/issues/87
https://github.com/winder/Universal-G-Code-Sender,4426f71c900ddd4a1eeb3957f3275cedc6312534,ugs-core,com.willwinder.universalgcodesender.GrblControllerTest.testIsReadyToStreamFile,OD,,,https://github.com/TestingResearchIllinois/flaky-test-dataset/issues/87
https://github.com/wro4j/wro4j,185ab607f1d649ca38b4a772831ee754cd4649fb,wro4j-extensions,ro.isdc.wro.extensions.http.handler.TestModelAsJsonRequestHandler.shouldNotProvideProxyUriForExternalResources,UD,,,
https://github.com/wro4j/wro4j,185ab607f1d649ca38b4a772831ee754cd4649fb,wro4j-extensions,ro.isdc.wro.extensions.processor.support.sass.TestRubySassEngine.shouldProcessValidNonAsciiSass,UD,,,
https://github.com/wro4j/wro4j,185ab607f1d649ca38b4a772831ee754cd4649fb,wro4j-extensions,ro.isdc.wro.extensions.processor.TestBourbonCssProcessor.shouldBeThreadSafe,NOD,,,
https://github.com/wro4j/wro4j,185ab607f1d649ca38b4a772831ee754cd4649fb,wro4j-extensions,ro.isdc.wro.extensions.processor.TestRubySassCssProcessor.shouldBeThreadSafeWhenInitializingProcessor,ID;NOD,,,
https://github.com/wro4j/wro4j,185ab607f1d649ca38b4a772831ee754cd4649fb,wro4j-extensions,ro.isdc.wro.extensions.processor.TestRubySassCssProcessor.shouldSucceedAfterAFailure,UD,,,
https://github.com/wro4j/wro4j,185ab607f1d649ca38b4a772831ee754cd4649fb,wro4j-extensions,ro.isdc.wro.extensions.processor.TestRubySassCssProcessor.shouldTestFromFolder,UD,,,
https://github.com/wro4j/wro4j,185ab607f1d649ca38b4a772831ee754cd4649fb,wro4j-core,ro.isdc.wro.model.resource.processor.TestJsMinProcessor.shouldProcessRegexpContainingCurlyBraces,OD-Vic,,,
https://github.com/wro4j/wro4j,185ab607f1d649ca38b4a772831ee754cd4649fb,wro4j-core,ro.isdc.wro.model.resource.support.change.TestResourceChangeInfo.cannotCheckChangeForNullGroupName,OD-Vic,,,
https://github.com/wro4j/wro4j,185ab607f1d649ca38b4a772831ee754cd4649fb,wro4j-core,ro.isdc.wro.model.resource.support.change.TestResourceWatcher.cannotCheckNullCacheEntry,OD-Vic,,,
https://github.com/wro4j/wro4j,185ab607f1d649ca38b4a772831ee754cd4649fb,wro4j-core,ro.isdc.wro.model.resource.support.hash.TestConfigurableHashStrategy.cannotConfigureInvalidAlias,OD-Vic,,,
https://github.com/wro4j/wro4j,185ab607f1d649ca38b4a772831ee754cd4649fb,wro4j-core,ro.isdc.wro.model.resource.support.naming.TestConfigurableNamingStrategy.cannotConfigureInvalidAlias,OD-Vic,,,
https://github.com/wro4j/wro4j,185ab607f1d649ca38b4a772831ee754cd4649fb,wro4j-core,ro.isdc.wro.model.resource.support.naming.TestDefaultHashEncoderNamingStrategy.cannotAcceptNullStream,OD-Vic,,,
https://github.com/wro4j/wro4j,185ab607f1d649ca38b4a772831ee754cd4649fb,wro4j-core,ro.isdc.wro.model.resource.support.naming.TestDefaultHashEncoderNamingStrategy.shouldRenameResourceWithSomeContent,OD-Vic,,,
https://github.com/wro4j/wro4j,185ab607f1d649ca38b4a772831ee754cd4649fb,wro4j-core,ro.isdc.wro.model.resource.support.naming.TestHashEncoderNamingStrategy.cannotAcceptNullStream,OD-Vic,,,
https://github.com/wro4j/wro4j,185ab607f1d649ca38b4a772831ee754cd4649fb,wro4j-core,ro.isdc.wro.model.resource.support.naming.TestHashEncoderNamingStrategy.shouldRenameResourceWithSomeContent,OD-Vic,,,
https://github.com/wro4j/wro4j,185ab607f1d649ca38b4a772831ee754cd4649fb,wro4j-core,ro.isdc.wro.model.resource.support.TestDefaultResourceAuthorizationManager.shouldContainOnlyOneResourceWhenSameIsAddedTwice,OD-Vic,,,
https://github.com/wro4j/wro4j,185ab607f1d649ca38b4a772831ee754cd4649fb,wro4j-core,ro.isdc.wro.model.TestWroModel.shouldNotReturnDuplicatedResources,OD-Vic,,,
https://github.com/wro4j/wro4j,7e3801e19fb43183c59607663ebd53c27a95cf77,wro4j-core,ro.isdc.wro.util.concurrent.TestTaskExecutor.shouldBeFasterWhenRunningMultipleSlowTasks,TD,,,
https://github.com/wro4j/wro4j,185ab607f1d649ca38b4a772831ee754cd4649fb,wro4j-core,ro.isdc.wro.util.provider.TestProviderFinder.shouldFindConfigurableProviders,OD-Vic,,,
https://github.com/wro4j/wro4j,185ab607f1d649ca38b4a772831ee754cd4649fb,wro4j-core,ro.isdc.wro.util.TestProxyFactory.cannotCreateProxyFromNullObjectFactory,OD-Vic,,,
https://github.com/wro4j/wro4j,185ab607f1d649ca38b4a772831ee754cd4649fb,wro4j-core,ro.isdc.wro.util.TestSchedulerHelper.canAcceptNullRunnableWhenPeriodIsZero,OD-Vic,,,
https://github.com/wro4j/wro4j,185ab607f1d649ca38b4a772831ee754cd4649fb,wro4j-core,ro.isdc.wro.util.TestWroUtil.shouldJoinTwoPaths,OD-Vic,,,
https://github.com/wso2/balana,9088b3a079ac227a10d07707f571cc5b205dca98,modules/balana-core,org.wso2.balana.conformance.ConformanceTestV2.testConformanceTestB,UD,,,
https://github.com/wso2/carbon-apimgt,a82213e40e7e6aa529341fdd1d1c3de776949e64,components/apimgt/org.wso2.carbon.apimgt.core,org.wso2.carbon.apimgt.core.auth.ScopeRegistrationServiceStubFactoryTest.testGetScopeRegistration,OD-Vic,,,
https://github.com/zalando/riptide,dcf4af17abfd312243897e79e0577d1e28537e7d,riptide-spring-boot-autoconfigure,org.zalando.riptide.autoconfigure.CircuitBreakerTest.shouldAutowireCircuitBreakers,NOD,,,
https://github.com/zalando/riptide,dcf4af17abfd312243897e79e0577d1e28537e7d,riptide-spring-boot-autoconfigure,org.zalando.riptide.autoconfigure.ClientConfigurationTest.shouldApplyTimeouts,NOD,,,
https://github.com/zalando/riptide,dcf4af17abfd312243897e79e0577d1e28537e7d,riptide-spring-boot-autoconfigure,org.zalando.riptide.autoconfigure.ClientConfigurationTest.shouldWireNonOAuthCorrectly,NOD,,,
https://github.com/zalando/riptide,dcf4af17abfd312243897e79e0577d1e28537e7d,riptide-spring-boot-autoconfigure,org.zalando.riptide.autoconfigure.ClientConfigurationTest.shouldWireOAuthCorrectly,NOD,,,
https://github.com/zalando/riptide,dcf4af17abfd312243897e79e0577d1e28537e7d,riptide-spring-boot-autoconfigure,org.zalando.riptide.autoconfigure.HttpMessageConvertersOverrideTest.shouldOverride,NOD,,,
https://github.com/zalando/riptide,dcf4af17abfd312243897e79e0577d1e28537e7d,riptide-spring-boot-autoconfigure,org.zalando.riptide.autoconfigure.metrics.MetricsTest.shouldRecordCircuitBreakers,NOD,,,
https://github.com/zalando/riptide,dcf4af17abfd312243897e79e0577d1e28537e7d,riptide-spring-boot-autoconfigure,org.zalando.riptide.autoconfigure.metrics.MetricsTest.shouldRecordRequests,NOD,,,
https://github.com/zalando/riptide,dcf4af17abfd312243897e79e0577d1e28537e7d,riptide-spring-boot-autoconfigure,org.zalando.riptide.autoconfigure.metrics.MetricsTest.shouldRecordRetries,NOD,,,
https://github.com/zalando/riptide,dcf4af17abfd312243897e79e0577d1e28537e7d,riptide-spring-boot-autoconfigure,org.zalando.riptide.autoconfigure.ObjectMapperOverrideTest.shouldOverride,NOD,,,
https://github.com/zalando/riptide,dcf4af17abfd312243897e79e0577d1e28537e7d,riptide-spring-boot-autoconfigure,org.zalando.riptide.autoconfigure.PluginTest.shouldUseBackupRequestPlugin,NOD,,,
https://github.com/zalando/riptide,dcf4af17abfd312243897e79e0577d1e28537e7d,riptide-spring-boot-autoconfigure,org.zalando.riptide.autoconfigure.PluginTest.shouldUseOriginalStackTracePlugin,NOD,,,
https://github.com/zalando/riptide,dcf4af17abfd312243897e79e0577d1e28537e7d,riptide-spring-boot-autoconfigure,org.zalando.riptide.autoconfigure.url.UrlResolutionTest.shouldAppendUrl,NOD,,,
https://github.com/zalando/riptide,8277e11fc069d8e24df0d233ef2577cc75659b75,riptide-backup,org.zalando.riptide.backup.BackupRequestPluginTest.shouldUseBackupRequest,NOD,,,
https://github.com/zalando/riptide,8277e11fc069d8e24df0d233ef2577cc75659b75,riptide-failsafe,org.zalando.riptide.failsafe.FailsafePluginCircuitBreakerTest.shouldOpenCircuit,UD,,,
https://github.com/zalando/riptide,8277e11fc069d8e24df0d233ef2577cc75659b75,riptide-failsafe,org.zalando.riptide.failsafe.FailsafePluginRetriesTest.shouldInvokeListenersOnRetryableResult,UD,,,
https://github.com/zalando/riptide,8277e11fc069d8e24df0d233ef2577cc75659b75,riptide-failsafe,org.zalando.riptide.failsafe.FailsafePluginRetriesTest.shouldNotRetryNonIdempotentMethod,UD,,,
https://github.com/zalando/riptide,8277e11fc069d8e24df0d233ef2577cc75659b75,riptide-failsafe,org.zalando.riptide.failsafe.RetryAfterDelayFunctionTest.shouldRetryOnDemandWithDynamicDelay,NOD,,,
https://github.com/zalando/riptide,8277e11fc069d8e24df0d233ef2577cc75659b75,riptide-failsafe,org.zalando.riptide.failsafe.RetryAfterDelayFunctionTest.shouldRetryWithDynamicDelayDate,NDOD,,,
https://github.com/zalando/riptide,8277e11fc069d8e24df0d233ef2577cc75659b75,riptide-spring-boot-starter,org.zalando.riptide.spring.url.UrlResolutionTest.shouldAppendUrl,UD,,,
